Cooresponding CSE,Legitimate Domains,Identified Phishing/Suspected Domain Name,source_workbook,hash_score,confidence_band,score_margin,evidence_tier,lexical_score,jw_primary,token_set_primary,skeleton_similarity,lexical_rule_hit,brand_token_hit,candidate_generation_reason,dominant_signal_family,stage1_passthrough,survival_path,drop_path,old_fuzzy_hit,old_fuzzy_cse,hybrid_lexical_hit,strict_lexical_hit,lexical_score_pass,fallback_rank_only,admission_reason,admission_path,fetch_status,visual_status,fetch_error_type,fetch_error_detail,final_landing_url,parking_provider,parking_reason,placeholder_or_parking_reason,best_score,domain_component,clip_component,hash_component,lexical_hit,brand_score,credential_score,infra_score,evasion_score,total_stage1_score,hard_trigger_hit,stage1_reasons,page_has_password_field,page_has_login_form,form_action_mismatch,csc_mention_count,redirect_count,final_domain,favicon_domain,html_bytes_read,escalate_to_hashing,escalate_reason,typo_similarity,typo_min_score_used,typo_decision_reason,clip_similarity,typo_anchor,hash_anchor,clip_anchor,generic_token_only_match,direct_brand_evidence_count,clip_corroborated,signal_hit_screenshot,signal_hit_typo,signal_hit_domain,signal_hit_favicon,signal_hit_ssl_hash,signal_hit_html_hash,signal_hit_domain_hash,signal_hit_keywords,screenshot_path,html_title_text,visible_text_excerpt,review_reason
National Informatics Centre (NIC),accounts.mgovcloud.in,https://crplasticos.com.br,urls.xlsx|123456.xlsx,0.0,Low,,weak_evidence,0.645,,,,,,fallback_top_k,,,,,,,,False,False,True,,,fetched,not_attempted,,,https://crplasticos.com.br,,,,,,,,False,28,0,0,0,28,False,title_brand_match|body_brand_match,False,False,False,1,0,crplasticos.com.br,de2168ace9cf472f67dc72bf48c860a9.cdn.bubble.io,15514,False,stage1_suspected_non_escalated,,,,,,,,False,0,False,,,,,,,,,,,,stage1_suspected_non_escalated
National Health Authority (NHA),abdm.gov.in,https://yataganharem5.click,urls.xlsx|123456.xlsx,0.0,Low,,weak_evidence,0.6316,,,,,,fallback_top_k,,,,,,,,False,False,True,,,fetched,not_attempted,,,https://yataganharem5.click,,,,,,,,False,36,0,0,0,36,False,title_brand_match|body_brand_match|redirect_brand_match|final_domain_brand_match,False,False,False,1,0,yataganharem5.click,,4104,False,stage1_suspected_non_escalated,,,,,,,,False,0,False,,,,,,,,,,,,stage1_suspected_non_escalated
Reserve Bank of India (RBI),rbi.org.in,https://swiftdrops.store,urls.xlsx|123456.xlsx,0.0,Low,,weak_evidence,0.6444,,,,,,fallback_top_k,,,,,,,,False,False,True,,,fetched,not_attempted,,,https://swiftdrops.store,,,,,,,,False,28,0,0,0,28,False,title_brand_match|body_brand_match,False,False,False,1,0,swiftdrops.store,,151,False,stage1_suspected_non_escalated,,,,,,,,False,0,False,,,,,,,,,,,,stage1_suspected_non_escalated
Reserve Bank of India (RBI),rbi.org.in,https://secure-kyc.com,urls.xlsx|123456.xlsx,0.0,Low,,weak_evidence,0.6282,,,,,,fallback_top_k,,,,,,,,False,False,True,,,fetched,not_attempted,,,https://secure-kyc.com,,,,,,,,False,28,0,6,0,34,False,title_brand_match|body_brand_match|suspicious_hosting_provider,False,False,False,1,0,secure-kyc.com,,104,False,stage1_suspected_non_escalated,,,,,,,,False,0,False,,,,,,,,,,,,stage1_suspected_non_escalated
National Informatics Centre (NIC),accounts.mgovcloud.in,https://my-auth23948.com,urls.xlsx|123456.xlsx,0.0,Low,,weak_evidence,0.5833,,,,,,fallback_top_k,,,,,,,,False,False,True,,,fetched,not_attempted,,,https://my-auth23948.com,,,,,,,,False,40,2,0,0,42,False,title_brand_match|meta_brand_match|body_brand_match|favicon_brand_match|multi_input_form,False,False,False,1,0,my-auth23948.com,my-auth23948.com,32768,False,stage1_suspected_non_escalated,,,,,,,,False,0,False,,,,,,,,,,,,stage1_suspected_non_escalated
Vodafone Idea (VI),myvi.in,https://lml2vipaff05.cc,urls.xlsx|123456.xlsx,0.0,Low,,weak_evidence,0.6667,,,,,,fallback_top_k,,,,,,,,False,False,True,,,fetched,not_attempted,,,https://lml2vipaff05.cc/login,,,,,,,,False,0,32,0,6,38,False,password_field|login_form|auth_wording|multi_input_form|js_redirect,True,True,False,0,1,lml2vipaff05.cc,lmspeed.co,15300,False,stage1_suspected_non_escalated,,,,,,,,False,0,False,,,,,,,,,,,,stage1_suspected_non_escalated
Election Commision of India (ECI),eci.gov.in,https://farmingtonheating.com,123456.xlsx,0.0,Low,,weak_evidence,0.6563,,,,,,fallback_top_k,,,,,,,,False,False,True,,,fetched,not_attempted,,,https://farmingtonheating.com,,,,,,,,False,28,0,3,0,31,False,title_brand_match|body_brand_match|suspicious_certificate,False,False,False,1,0,farmingtonheating.com,,32768,False,stage1_suspected_non_escalated,,,,,,,,False,0,False,,,,,,,,,,,,stage1_suspected_non_escalated
National Informatics Centre (NIC),accounts.mgovcloud.in,https://martincalvo.com,123456.xlsx,0.0,Low,,weak_evidence,0.696,,,,,,fallback_top_k,,,,,,,,False,False,True,,,fetched,not_attempted,,,https://www.martincalvo.com/,,,,,,,,False,40,0,0,0,40,False,title_brand_match|meta_brand_match|body_brand_match|favicon_brand_match,False,False,False,1,1,www.martincalvo.com,www.martincalvo.com,32768,False,stage1_suspected_non_escalated,,,,,,,,False,0,False,,,,,,,,,,,,stage1_suspected_non_escalated
Reserve Bank of India (RBI),rbi.org.in,https://gzpgart.com,123456.xlsx,0.0,Low,,weak_evidence,0.5873,,,,,,fallback_top_k,,,,,,,,False,False,True,,,fetched,not_attempted,,,https://gzpgart.com,,,,,,,,False,28,0,0,0,28,False,title_brand_match|body_brand_match,False,False,False,1,0,gzpgart.com,,146,False,stage1_suspected_non_escalated,,,,,,,,False,0,False,,,,,,,,,,,,stage1_suspected_non_escalated
National Informatics Centre (NIC),accounts.mgovcloud.in,https://nicole-davidow.com,123456.xlsx,0.0,Low,,weak_evidence,0.8167,,,,,,fallback_top_k,,,,,,,,False,False,True,,,fetched,not_attempted,,,https://nicole-davidow.com,,,,,,,,False,36,0,0,0,36,False,title_brand_match|body_brand_match|redirect_brand_match|final_domain_brand_match,False,False,False,1,0,nicole-davidow.com,,32768,False,stage1_suspected_non_escalated,,,,,,,,False,0,False,,,,,,,,,,,,stage1_suspected_non_escalated
Indian Space Research Organisation (ISRO),indiascienceandtechnology.gov.in,https://shadesofbabes.com,123456.xlsx,0.0,Low,,weak_evidence,0.6603,,,,,,fallback_top_k,,,,,,,,False,False,True,,,fetched,not_attempted,,,https://www.shadesofbabes.com/,,,,,,,,False,28,0,0,4,32,False,title_brand_match|body_brand_match|iframe_present,False,False,False,1,1,www.shadesofbabes.com,www.shadesofbabes.com,32768,False,stage1_suspected_non_escalated,,,,,,,,False,0,False,,,,,,,,,,,,stage1_suspected_non_escalated
National Informatics Centre (NIC),accounts.mgovcloud.in,https://inset-sk.com,123456.xlsx,0.0,Low,,weak_evidence,0.6333,,,,,,fallback_top_k,,,,,,,,False,False,True,,,fetched,not_attempted,,,https://inset-sk.com,,,,,,,,False,8,16,0,0,24,False,body_brand_match|favicon_brand_match|form_action_mismatch,False,False,True,1,0,inset-sk.com,inset-sk.com,19254,False,stage1_suspected_non_escalated,,,,,,,,False,0,False,,,,,,,,,,,,stage1_suspected_non_escalated
Indian Space Research Organisation (ISRO),indiascienceandtechnology.gov.in,https://caogi.com,123456.xlsx,0.0,Low,,weak_evidence,0.8114,,,,,,fallback_top_k,,,,,,,,False,False,True,,,fetched,not_attempted,,,https://www.hugedomains.com/domain_profile.cfm?d=caogi.com,,,,,,,,False,4,12,0,8,24,False,body_brand_match|login_form|auth_wording|iframe_present|final_domain_changed,False,True,False,1,1,www.hugedomains.com,,32768,False,stage1_suspected_non_escalated,,,,,,,,False,0,False,,,,,,,,,,,,stage1_suspected_non_escalated
National Informatics Centre (NIC),accounts.mgovcloud.in,https://max-armbrecht-leukaemiehilfe.org,123456.xlsx,0.0,Low,,weak_evidence,0.619,,,,,,fallback_top_k|generic_token_only,,,,,,,,False,False,True,,,fetched,not_attempted,,,https://www.max-armbrecht-leukaemiehilfe.org/,,,,,,,,False,8,28,3,0,39,False,body_brand_match|favicon_brand_match|password_field|login_form|multi_input_form|multi_redirect_chain,True,True,False,1,2,www.max-armbrecht-leukaemiehilfe.org,www.max-armbrecht-leukaemiehilfe.org,15563,False,stage1_suspected_non_escalated,,,,,,,,True,0,False,,,,,,,,,,,,stage1_suspected_non_escalated
Election Commision of India (ECI),eci.gov.in,https://thetaxsolicitor.com,123456.xlsx,0.0,Low,,weak_evidence,0.65,,,,,,fallback_top_k,,,,,,,,False,False,True,,,fetched,not_attempted,,,https://thetaxsolicitor.com,,,,,,,,False,4,16,0,0,20,False,body_brand_match|form_action_mismatch,False,False,True,1,0,thetaxsolicitor.com,,2125,False,stage1_suspected_non_escalated,,,,,,,,False,0,False,,,,,,,,,,,,stage1_suspected_non_escalated
Axis Bank,axismaxlife.com,https://takashimcl.com,123456.xlsx,0.0,Low,,weak_evidence,0.6596,,,,,,fallback_top_k,,,,,,,,False,False,True,,,fetched,not_attempted,,,https://www.takashimcl.com/,,,,,,,,False,0,36,0,0,36,False,password_field|login_form|auth_wording|submit_auth_wording|multi_input_form,True,True,False,0,1,www.takashimcl.com,,32768,False,stage1_suspected_non_escalated,,,,,,,,False,0,False,,,,,,,,,,,,stage1_suspected_non_escalated
Reserve Bank of India (RBI),rbi.org.in,https://marinharegistro.shop,123456.xlsx,0.0,Low,,weak_evidence,0.6593,,,,,,fallback_top_k,,,,,,,,False,False,True,,,fetched,not_attempted,,,https://marinharegistro.shop,,,,,,,,False,28,0,0,0,28,False,title_brand_match|body_brand_match,False,False,False,1,0,marinharegistro.shop,,270,False,stage1_suspected_non_escalated,,,,,,,,False,0,False,,,,,,,,,,,,stage1_suspected_non_escalated
Election Commision of India (ECI),eci.gov.in,https://qhealthcareverify.com,123456.xlsx,0.0,Low,,weak_evidence,0.5948,,,,,,fallback_top_k,,,,,,,,False,False,True,,,fetched,not_attempted,,,https://www.qhealthcareverify.com/Login/Login?u=https%3a%2f%2fwww.qhealthcareverify.com%2f,,,,,,,,False,0,34,3,0,37,False,password_field|login_form|auth_wording|submit_auth_wording|multi_redirect_chain,True,True,False,0,2,www.qhealthcareverify.com,,4014,False,stage1_suspected_non_escalated,,,,,,,,False,0,False,,,,,,,,,,,,stage1_suspected_non_escalated
Election Commision of India (ECI),eci.gov.in,https://apexpoolco.com,123456.xlsx,0.0,Low,,weak_evidence,0.6,,,,,,fallback_top_k,,,,,,,,False,False,True,,,fetched,not_attempted,,,https://apexpoolco.com,,,,,,,,False,4,14,6,0,24,False,body_brand_match|login_form|auth_wording|multi_input_form|suspicious_hosting_provider,False,True,False,1,0,apexpoolco.com,,8522,False,stage1_suspected_non_escalated,,,,,,,,False,0,False,,,,,,,,,,,,stage1_suspected_non_escalated
Reserve Bank of India (RBI),rbi.org.in,https://numispeixoto.pt,123456.xlsx,0.0,Low,,weak_evidence,0.6278,,,,,,fallback_top_k,,,,,,,,False,False,True,,,fetched,not_attempted,,,https://numispeixoto.pt,,,,,,,,False,28,0,0,0,28,False,title_brand_match|body_brand_match,False,False,False,1,0,numispeixoto.pt,,318,False,stage1_suspected_non_escalated,,,,,,,,False,0,False,,,,,,,,,,,,stage1_suspected_non_escalated
National Health Authority (NHA),abdm.gov.in,https://gr9k6nt.com,123456.xlsx,0.0,Low,,weak_evidence,0.6012,,,,,,fallback_top_k,,,,,,,,False,False,True,,,fetched,not_attempted,head_error,,https://v6p3x7.com/download?&from=gr9k6nt.com&_ts=%3D%3DgMyUSM1MDO4gjN2QTN3cTMyITJ,,,,,,,,False,12,4,0,4,20,False,meta_brand_match|body_brand_match|auth_wording|final_domain_changed,False,False,False,1,1,v6p3x7.com,upload-us.i-j-2-k.com,32768,False,stage1_suspected_non_escalated,,,,,,,,False,0,False,,,,,,,,,,,,stage1_suspected_non_escalated
Reserve Bank of India (RBI),rbi.org.in,https://lizanifaxuvavikoluku.info,123456.xlsx,0.0,Low,,weak_evidence,0.5833,,,,,,fallback_top_k,,,,,,,,False,False,True,,,fetched,not_attempted,,,https://lizanifaxuvavikoluku.info,,,,,,,,False,28,0,0,0,28,False,title_brand_match|body_brand_match,False,False,False,1,0,lizanifaxuvavikoluku.info,,162,False,stage1_suspected_non_escalated,,,,,,,,False,0,False,,,,,,,,,,,,stage1_suspected_non_escalated
National Informatics Centre (NIC),accounts.mgovcloud.in,https://icefishinguk.uk,123456.xlsx,0.0,Low,,weak_evidence,0.7689,,,,,,fallback_top_k,,,,,,,,False,False,True,,,fetched,not_attempted,,,https://icefishinguk.uk,,,,,,,,False,16,4,0,0,20,False,meta_brand_match|body_brand_match|favicon_brand_match|auth_wording,False,False,False,1,0,icefishinguk.uk,icefishinguk.uk,32768,False,stage1_suspected_non_escalated,,,,,,,,False,0,False,,,,,,,,,,,,stage1_suspected_non_escalated
Reserve Bank of India (RBI),rbi.org.in,https://vrbit.org,123456.xlsx,46.4286,Low,,weak_evidence,0.8667,,,,,,jw_primary,,,,,,,,True,True,False,,,fetched,available,,,https://vrbit.org/,,,,,,,,True,0,0,0,0,0,False,lexical_hit,False,False,False,0,0,vrbit.org,,0,True,lexical_hit,,,,,,,,False,0,False,,,,,,,,,,,,strict_lexical_below_holdout_threshold
Election Commision of India (ECI),eci.gov.in,https://adm-fl.com,123456.xlsx,0.0,Low,,weak_evidence,0.775,,,,,,fallback_top_k,,,,,,,,False,False,True,,,fetched,not_attempted,,,https://www.franklycoastal.com,,,,,,,,False,4,14,0,4,22,False,body_brand_match|login_form|auth_wording|multi_input_form|final_domain_changed,False,True,False,1,1,www.franklycoastal.com,www.franklycoastal.com,32768,False,stage1_suspected_non_escalated,,,,,,,,False,0,False,,,,,,,,,,,,stage1_suspected_non_escalated
National Informatics Centre (NIC),nic.gov.in,https://yazicrown.com,123456.xlsx,0.0,Low,,weak_evidence,0.6296,,,,,,fallback_top_k,,,,,,,,False,False,True,,,fetched,not_attempted,,,https://yazicrown.com,,,,,,,,False,0,36,0,6,42,False,password_field|login_form|auth_wording|submit_auth_wording|multi_input_form|js_redirect,True,True,False,0,0,yazicrown.com,,32768,False,stage1_suspected_non_escalated,,,,,,,,False,0,False,,,,,,,,,,,,stage1_suspected_non_escalated
Bank of Baroda,bankofbaroda.bank.in,https://bobbiecooperterrymortgage.com,123456.xlsx,0.0,Low,,weak_evidence,0.5956,,,,,,fallback_top_k,,,,,,,,False,False,True,,,fetched,not_attempted,,,https://yourloansgirl.com/,,,,,,,,False,40,0,3,8,51,False,title_brand_match|meta_brand_match|body_brand_match|redirect_brand_match|multi_redirect_chain|iframe_present|final_domain_changed,False,False,False,1,2,yourloansgirl.com,firebasestorage.googleapis.com,32768,False,stage1_suspected_non_escalated,,,,,,,,False,0,False,,,,,,,,,,,,stage1_suspected_non_escalated
Reserve Bank of India (RBI),rbi.org.in,https://aureaprata.com.br,123456.xlsx,0.0,Low,,weak_evidence,0.6206,,,,,,fallback_top_k,,,,,,,,False,False,True,,,fetched,not_attempted,,,https://aureaprata.com.br,,,,,,,,False,28,0,0,0,28,False,title_brand_match|body_brand_match,False,False,False,1,0,aureaprata.com.br,,151,False,stage1_suspected_non_escalated,,,,,,,,False,0,False,,,,,,,,,,,,stage1_suspected_non_escalated
Election Commision of India (ECI),eci.gov.in,https://asi.recipes,123456.xlsx,0.0,Low,,weak_evidence,0.75,,,,,,fallback_top_k,,,,,,,,False,False,True,,,fetched,not_attempted,,,https://asi.recipes,,,,,,,,False,36,4,0,0,40,False,title_brand_match|body_brand_match|redirect_brand_match|final_domain_brand_match|auth_wording,False,False,False,1,0,asi.recipes,,11006,False,stage1_suspected_non_escalated,,,,,,,,False,0,False,,,,,,,,,,,,stage1_suspected_non_escalated
Election Commision of India (ECI),eci.gov.in,https://earsct.com,123456.xlsx,0.0,Low,,weak_evidence,0.6667,,,,,,fallback_top_k,,,,,,,,False,False,True,,,fetched,not_attempted,,,https://earct.com/,,,,,,,,False,36,0,3,4,43,False,title_brand_match|meta_brand_match|body_brand_match|multi_redirect_chain|final_domain_changed,False,False,False,1,3,earct.com,img1.wsimg.com,32768,False,stage1_suspected_non_escalated,,,,,,,,False,0,False,,,,,,,,,,,,stage1_suspected_non_escalated
Reserve Bank of India (RBI),rbi.org.in,https://vytaliaction.com,123456.xlsx,0.0,Low,,weak_evidence,0.6389,,,,,,fallback_top_k,,,,,,,,False,False,True,,,fetched,not_attempted,,,https://vytaliaction.com,,,,,,,,False,28,0,6,0,34,False,title_brand_match|body_brand_match|suspicious_hosting_provider,False,False,False,1,0,vytaliaction.com,,787,False,stage1_suspected_non_escalated,,,,,,,,False,0,False,,,,,,,,,,,,stage1_suspected_non_escalated
National Health Authority (NHA),abdm.gov.in,https://hamwic.org,123456.xlsx,0.0,Low,,weak_evidence,0.6667,,,,,,fallback_top_k,,,,,,,,False,False,True,,,fetched,not_attempted,,,https://www.hamwic.org/,,,,,,,,False,28,0,0,0,28,False,title_brand_match|body_brand_match,False,False,False,1,1,www.hamwic.org,www.hamwic.org,32768,False,stage1_suspected_non_escalated,,,,,,,,False,0,False,,,,,,,,,,,,stage1_suspected_non_escalated
Indian Space Research Organisation (ISRO),indiascienceandtechnology.gov.in,https://umnow.com,123456.xlsx,0.0,Low,,weak_evidence,0.5407,,,,,,fallback_top_k,,,,,,,,False,False,True,,,fetched,not_attempted,,,https://www.hugedomains.com/domain_profile.cfm?d=umnow.com,,,,,,,,False,4,12,0,8,24,False,body_brand_match|login_form|auth_wording|iframe_present|final_domain_changed,False,True,False,1,1,www.hugedomains.com,,32768,False,stage1_suspected_non_escalated,,,,,,,,False,0,False,,,,,,,,,,,,stage1_suspected_non_escalated
Reserve Bank of India (RBI),rbi.org.in,https://southdakotapeoplerecords.org,123456.xlsx,0.0,Low,,weak_evidence,0.6139,,,,,,fallback_top_k,,,,,,,,False,False,True,,,fetched,not_attempted,,,https://southdakotapeoplerecords.org,,,,,,,,False,28,0,0,0,28,False,title_brand_match|body_brand_match,False,False,False,1,0,southdakotapeoplerecords.org,,118,False,stage1_suspected_non_escalated,,,,,,,,False,0,False,,,,,,,,,,,,stage1_suspected_non_escalated
National Informatics Centre (NIC),accounts.mgovcloud.in,https://andremilan.eng.br,123456.xlsx,0.0,Low,,weak_evidence,0.6889,,,,,,fallback_top_k,,,,,,,,False,False,True,,,fetched,not_attempted,,,https://andremilan.eng.br,,,,,,,,False,28,2,0,0,30,False,title_brand_match|body_brand_match|multi_input_form,False,False,False,1,0,andremilan.eng.br,,29055,False,stage1_suspected_non_escalated,,,,,,,,False,0,False,,,,,,,,,,,,stage1_suspected_non_escalated
National Health Authority (NHA),abdm.gov.in,https://ironhavenadvisory.info,123456.xlsx,0.0,Low,,weak_evidence,0.7255,,,,,,fallback_top_k,,,,,,,,False,False,True,,,fetched,not_attempted,,,https://ironhavenadvisory.info,,,,,,,,False,36,0,0,4,40,False,title_brand_match|body_brand_match|redirect_brand_match|final_domain_brand_match|iframe_present,False,False,False,1,0,ironhavenadvisory.info,,11299,False,stage1_suspected_non_escalated,,,,,,,,False,0,False,,,,,,,,,,,,stage1_suspected_non_escalated
State Bank of India (SBI),corp.onlinesbi.sbi,https://rinkelensmit.app,123456.xlsx,0.0,Low,,weak_evidence,0.6918,,,,,,fallback_top_k,,,,,,,,False,False,True,,,fetched,not_attempted,,,https://rinkelensmit.app/beheer,,,,,,,,False,0,32,0,0,32,False,password_field|login_form|auth_wording|multi_input_form,True,True,False,0,1,rinkelensmit.app,rinkelensmit.app,8720,False,stage1_suspected_non_escalated,,,,,,,,False,0,False,,,,,,,,,,,,stage1_suspected_non_escalated
Election Commision of India (ECI),eci.gov.in,https://taylorprograms.org,123456.xlsx,0.0,Low,,weak_evidence,0.6508,,,,,,fallback_top_k,,,,,,,,False,False,True,,,fetched,not_attempted,,,https://betnation77-terpercaya.com/,,,,,,,,False,28,0,0,4,32,False,title_brand_match|body_brand_match|final_domain_changed,False,False,False,1,1,betnation77-terpercaya.com,i.ibb.co,32768,False,stage1_suspected_non_escalated,,,,,,,,False,0,False,,,,,,,,,,,,stage1_suspected_non_escalated
Reserve Bank of India (RBI),rbi.org.in,https://btwixtfashion.com,123456.xlsx,0.0,Low,,weak_evidence,0.6103,,,,,,fallback_top_k,,,,,,,,False,False,True,,,fetched,not_attempted,,,https://btwixtfashion.com,,,,,,,,False,28,0,0,0,28,False,title_brand_match|body_brand_match,False,False,False,1,0,btwixtfashion.com,,151,False,stage1_suspected_non_escalated,,,,,,,,False,0,False,,,,,,,,,,,,stage1_suspected_non_escalated
Election Commision of India (ECI),eci.gov.in,https://myjusticemyanmar.org,123456.xlsx,0.0,Low,,weak_evidence,0.6458,,,,,,fallback_top_k,,,,,,,,False,False,True,,,fetched,not_attempted,,,https://myjusticemyanmar.org,,,,,,,,False,4,16,0,4,24,False,body_brand_match|form_action_mismatch|iframe_present,False,False,True,1,0,myjusticemyanmar.org,myjusticemyanmar.org,32768,False,stage1_suspected_non_escalated,,,,,,,,False,0,False,,,,,,,,,,,,stage1_suspected_non_escalated
National Informatics Centre (NIC),accounts.mgovcloud.in,https://goldennailsspringfieldva.com,123456.xlsx,0.0,Low,,weak_evidence,0.6574,,,,,,fallback_top_k,,,,,,,,False,False,True,,,fetched,not_attempted,,,https://goldennailsspringfieldva.com,,,,,,,,False,16,0,0,4,20,False,meta_brand_match|body_brand_match|favicon_brand_match|iframe_present,False,False,False,1,0,goldennailsspringfieldva.com,goldennailsspringfieldva.com,32768,False,stage1_suspected_non_escalated,,,,,,,,False,0,False,,,,,,,,,,,,stage1_suspected_non_escalated
Indian Space Research Organisation (ISRO),vssc.gov.in,https://vloasis.com,123456.xlsx,0.0,Low,,weak_evidence,0.5952,,,,,,fallback_top_k,,,,,,,,False,False,True,,,fetched,not_attempted,,,https://vloasis.ning.com/main/authorization/signIn?target=https%3A%2F%2Fvloasis.ning.com%2F,,,,,,,,False,0,36,3,14,53,False,password_field|login_form|auth_wording|submit_auth_wording|multi_input_form|multi_redirect_chain|js_redirect|iframe_present|final_domain_changed,True,True,False,0,3,vloasis.ning.com,storage.ning.com,14622,False,stage1_suspected_non_escalated,,,,,,,,False,0,False,,,,,,,,,,,,stage1_suspected_non_escalated
National Informatics Centre (NIC),accounts.mgovcloud.in,https://jimboyceagency.com,123456.xlsx,0.0,Low,,weak_evidence,0.7905,,,,,,fallback_top_k,,,,,,,,False,False,True,,,fetched,not_attempted,,,https://www.jimboyceinsurance.com/,,,,,,,,False,4,4,3,14,25,False,favicon_brand_match|auth_wording|multi_redirect_chain|js_redirect|iframe_present|final_domain_changed,False,False,False,1,2,www.jimboyceinsurance.com,www.jimboyceinsurance.com,32768,False,stage1_suspected_non_escalated,,,,,,,,False,0,False,,,,,,,,,,,,stage1_suspected_non_escalated
Reserve Bank of India (RBI),rbi.org.in,https://5833311.com,123456.xlsx,0.0,Low,,weak_evidence,0.6508,,,,,,fallback_top_k,,,,,,,,False,False,True,,,fetched,not_attempted,,,https://5833311.com,,,,,,,,False,28,0,0,0,28,False,title_brand_match|body_brand_match,False,False,False,1,0,5833311.com,,32768,False,stage1_suspected_non_escalated,,,,,,,,False,0,False,,,,,,,,,,,,stage1_suspected_non_escalated
Airtel,airtelpayments.bank.in,https://atheleos.in,123456.xlsx,0.0,Low,,weak_evidence,0.7536,,,,,,fallback_top_k,,,,,,,,False,False,True,,,fetched,not_attempted,,,https://www.atheleos.in/login?from=%2F,,,,,,,,False,0,34,3,0,37,False,password_field|login_form|auth_wording|submit_auth_wording|multi_redirect_chain,True,True,False,0,2,www.atheleos.in,www.atheleos.in,17305,False,stage1_suspected_non_escalated,,,,,,,,False,0,False,,,,,,,,,,,,stage1_suspected_non_escalated
National Informatics Centre (NIC),accounts.mgovcloud.in,https://flipperdoma.fun,123456.xlsx,0.0,Low,,weak_evidence,0.6212,,,,,,fallback_top_k,,,,,,,,False,False,True,,,fetched,not_attempted,,,https://parkpage.nicnames.com/?fqdn=flipperdoma.fun,,,,,,,,False,44,4,6,4,58,False,title_brand_match|meta_brand_match|body_brand_match|redirect_brand_match|final_domain_brand_match|auth_wording|suspicious_hosting_provider|final_domain_changed,False,False,False,1,1,parkpage.nicnames.com,3sspw4l2.tinifycdn.com,3396,False,stage1_suspected_non_escalated,,,,,,,,False,0,False,,,,,,,,,,,,stage1_suspected_non_escalated
Axis Bank,axis.bank.in,https://horsmondentaxiservice.co.uk,123456.xlsx,0.0,Low,,weak_evidence,0.6733,,,,,,fallback_top_k,,,,,,,,False,False,True,,,fetched,not_attempted,,,https://www.horsmondentaxiservice.co.uk/,,,,,,,,False,36,0,3,0,39,False,title_brand_match|body_brand_match|redirect_brand_match|final_domain_brand_match|suspicious_certificate,False,False,False,1,1,www.horsmondentaxiservice.co.uk,,32768,False,stage1_suspected_non_escalated,,,,,,,,False,0,False,,,,,,,,,,,,stage1_suspected_non_escalated
Reserve Bank of India (RBI),rbi.org.in,https://edezee.com,123456.xlsx,0.0,Low,,weak_evidence,0.5278,,,,,,fallback_top_k,,,,,,,,False,False,True,,,fetched,not_attempted,,,https://edezee.com,,,,,,,,False,28,0,0,0,28,False,title_brand_match|body_brand_match,False,False,False,1,0,edezee.com,,358,False,stage1_suspected_non_escalated,,,,,,,,False,0,False,,,,,,,,,,,,stage1_suspected_non_escalated
Election Commision of India (ECI),eci.gov.in,https://kastamonuparkedoseme.com.tr,123456.xlsx,0.0,Low,,weak_evidence,0.6222,,,,,,fallback_top_k,,,,,,,,False,False,True,,,fetched,not_attempted,,,https://kastamonuparkedoseme.com.tr,,,,,,,,False,28,0,0,0,28,False,title_brand_match|body_brand_match,False,False,False,1,0,kastamonuparkedoseme.com.tr,,32768,False,stage1_suspected_non_escalated,,,,,,,,False,0,False,,,,,,,,,,,,stage1_suspected_non_escalated
National Informatics Centre (NIC),accounts.mgovcloud.in,https://allaboutthegreensandbenjamins.com,123456.xlsx,0.0,Low,,weak_evidence,0.6019,,,,,,fallback_top_k,,,,,,,,False,False,True,,,fetched,not_attempted,,,https://allaboutthegreensandbenjamins.com/online/,,,,,,,,False,4,36,0,0,40,False,favicon_brand_match|password_field|login_form|auth_wording|submit_auth_wording|multi_input_form,True,True,False,1,1,allaboutthegreensandbenjamins.com,allaboutthegreensandbenjamins.com,19798,False,stage1_suspected_non_escalated,,,,,,,,False,0,False,,,,,,,,,,,,stage1_suspected_non_escalated
National Informatics Centre (NIC),accounts.mgovcloud.in,https://yourvalleyvibe.com,123456.xlsx,0.0,Low,,weak_evidence,0.5709,,,,,,fallback_top_k,,,,,,,,False,False,True,,,fetched,not_attempted,,,https://yourvalleyvibe.com,,,,,,,,False,28,0,0,0,28,False,title_brand_match|body_brand_match,False,False,False,1,0,yourvalleyvibe.com,,32768,False,stage1_suspected_non_escalated,,,,,,,,False,0,False,,,,,,,,,,,,stage1_suspected_non_escalated
Election Commision of India (ECI),eci.gov.in,https://pantherspades.com,123456.xlsx,0.0,Low,,weak_evidence,0.6786,,,,,,fallback_top_k,,,,,,,,False,False,True,,,fetched,not_attempted,,,https://pantherspades.com,,,,,,,,False,4,36,0,0,40,False,body_brand_match|password_field|login_form|auth_wording|submit_auth_wording|multi_input_form,True,True,False,1,0,pantherspades.com,pantherspades.com,16574,False,stage1_suspected_non_escalated,,,,,,,,False,0,False,,,,,,,,,,,,stage1_suspected_non_escalated
National Informatics Centre (NIC),accounts.mgovcloud.in,https://advancedmunicipalanalytics.com,123456.xlsx,0.0,Low,,weak_evidence,0.6218,,,,,,fallback_top_k,,,,,,,,False,False,True,,,fetched,not_attempted,,,https://advancedmunicipalanalytics.com,,,,,,,,False,36,0,0,0,36,False,title_brand_match|body_brand_match|redirect_brand_match|final_domain_brand_match,False,False,False,1,0,advancedmunicipalanalytics.com,img1.wsimg.com,32768,False,stage1_suspected_non_escalated,,,,,,,,False,0,False,,,,,,,,,,,,stage1_suspected_non_escalated
Reserve Bank of India (RBI),rbi.org.in,https://heatherfinney.com,123456.xlsx,0.0,Low,,weak_evidence,0.6068,,,,,,fallback_top_k,,,,,,,,False,False,True,,,fetched,not_attempted,,,https://heatherfinney.com,,,,,,,,False,28,0,0,0,28,False,title_brand_match|body_brand_match,False,False,False,1,0,heatherfinney.com,,358,False,stage1_suspected_non_escalated,,,,,,,,False,0,False,,,,,,,,,,,,stage1_suspected_non_escalated
Reserve Bank of India (RBI),rbi.org.in,https://jjmanizales.com,123456.xlsx,0.0,Low,,weak_evidence,0.6742,,,,,,fallback_top_k|generic_token_only,,,,,,,,False,False,True,,,fetched,not_attempted,,,https://jjmanizales.com,,,,,,,,False,28,0,0,0,28,False,title_brand_match|body_brand_match,False,False,False,1,0,jjmanizales.com,,151,False,stage1_suspected_non_escalated,,,,,,,,True,0,False,,,,,,,,,,,,stage1_suspected_non_escalated
National Health Authority (NHA),abdm.gov.in,https://mr9k6nt8.com,123456.xlsx,0.0,Low,,weak_evidence,0.5833,,,,,,fallback_top_k,,,,,,,,False,False,True,,,fetched,not_attempted,head_error,,https://v6p3x7.com/download?&from=mr9k6nt8.com&_ts=%3D%3DgMyUiN0ATO4EzN2QTN3cTMyITJ,,,,,,,,False,12,4,0,4,20,False,meta_brand_match|body_brand_match|auth_wording|final_domain_changed,False,False,False,1,1,v6p3x7.com,upload-us.i-j-2-k.com,32768,False,stage1_suspected_non_escalated,,,,,,,,False,0,False,,,,,,,,,,,,stage1_suspected_non_escalated
Election Commision of India (ECI),eci.gov.in,https://marisolnegrete.com,123456.xlsx,0.0,Low,,weak_evidence,0.8095,,,,,,fallback_top_k|generic_token_only,,,,,,,,False,False,True,,,fetched,not_attempted,,,https://marisolnegrete.com,,,,,,,,False,12,0,9,0,21,False,meta_brand_match|body_brand_match|suspicious_hosting_provider|suspicious_certificate,False,False,False,1,0,marisolnegrete.com,,32768,False,stage1_suspected_non_escalated,,,,,,,,True,0,False,,,,,,,,,,,,stage1_suspected_non_escalated
National Health Authority (NHA),abdm.gov.in,https://seengtoto.com,123456.xlsx,0.0,Low,,weak_evidence,0.5741,,,,,,fallback_top_k,,,,,,,,False,False,True,,,fetched,not_attempted,,,https://seengtoto.com,,,,,,,,False,36,0,0,0,36,False,title_brand_match|meta_brand_match|body_brand_match,False,False,False,1,0,seengtoto.com,seengtoto.com,32768,False,stage1_suspected_non_escalated,,,,,,,,False,0,False,,,,,,,,,,,,stage1_suspected_non_escalated
Indian Space Research Organisation (ISRO),indiascienceandtechnology.gov.in,https://abringenieria.com,123456.xlsx,0.0,Low,,weak_evidence,0.6816,,,,,,fallback_top_k,,,,,,,,False,False,True,,,fetched,not_attempted,,,https://abringenieria.com,,,,,,,,False,28,0,0,0,28,False,title_brand_match|body_brand_match,False,False,False,1,0,abringenieria.com,,32768,False,stage1_suspected_non_escalated,,,,,,,,False,0,False,,,,,,,,,,,,stage1_suspected_non_escalated
National Informatics Centre (NIC),accounts.mgovcloud.in,https://ilmanualeditelemarketing.com,123456.xlsx,0.0,Low,,weak_evidence,0.6111,,,,,,fallback_top_k,,,,,,,,False,False,True,,,fetched,not_attempted,,,https://www.aidaeducational.com/pubblicazioni/tania-bianchi/il-manuale-di-telemarketing/index.html,,,,,,,,False,28,0,3,4,35,False,title_brand_match|body_brand_match|multi_redirect_chain|final_domain_changed,False,False,False,1,2,www.aidaeducational.com,,32768,False,stage1_suspected_non_escalated,,,,,,,,False,0,False,,,,,,,,,,,,stage1_suspected_non_escalated
Election Commision of India (ECI),eci.gov.in,https://bluishred.org,123456.xlsx,0.0,Low,,weak_evidence,0.672,,,,,,fallback_top_k,,,,,,,,False,False,True,,,fetched,not_attempted,,,https://bluishred.org,,,,,,,,False,4,12,6,0,22,False,body_brand_match|login_form|auth_wording|suspicious_hosting_provider,False,True,False,1,0,bluishred.org,bluishred.org,32768,False,stage1_suspected_non_escalated,,,,,,,,False,0,False,,,,,,,,,,,,stage1_suspected_non_escalated
Election Commision of India (ECI),eci.gov.in,https://gingerbeerplant.net,123456.xlsx,0.0,Low,,weak_evidence,0.6735,,,,,,fallback_top_k,,,,,,,,False,False,True,,,fetched,not_attempted,,,https://gingerbeerplant.net,,,,,,,,False,4,28,6,0,38,False,body_brand_match|login_form|auth_wording|form_action_mismatch|suspicious_hosting_provider,False,True,True,1,0,gingerbeerplant.net,gingerbeerplant.net,32768,False,stage1_suspected_non_escalated,,,,,,,,False,0,False,,,,,,,,,,,,stage1_suspected_non_escalated
National Informatics Centre (NIC),accounts.mgovcloud.in,https://gez.link,123456.xlsx,0.0,Low,,weak_evidence,0.5,,,,,,fallback_top_k,,,,,,,,False,False,True,,,fetched,not_attempted,,,https://gez.link/login,,,,,,,,False,4,36,0,0,40,False,favicon_brand_match|password_field|login_form|auth_wording|submit_auth_wording|multi_input_form,True,True,False,1,1,gez.link,gez.link,5229,False,stage1_suspected_non_escalated,,,,,,,,False,0,False,,,,,,,,,,,,stage1_suspected_non_escalated
National Health Authority (NHA),abdm.gov.in,https://vibraemotion.com,123456.xlsx,0.0,Low,,weak_evidence,0.6627,,,,,,fallback_top_k,,,,,,,,False,False,True,,,fetched,not_attempted,,,https://vibraemotion.com,,,,,,,,False,28,0,0,6,34,False,title_brand_match|body_brand_match|js_redirect,False,False,False,1,0,vibraemotion.com,assets.zyrosite.com,32768,False,stage1_suspected_non_escalated,,,,,,,,False,0,False,,,,,,,,,,,,stage1_suspected_non_escalated
National Health Authority (NHA),abdm.gov.in,https://pet10lps.com.br,123456.xlsx,0.0,Low,,weak_evidence,0.594,,,,,,fallback_top_k,,,,,,,,False,False,True,,,fetched,not_attempted,,,https://pet10lps.com.br,,,,,,,,False,8,0,6,10,24,False,meta_brand_match|suspicious_hosting_provider|iframe_present|image_heavy_low_text,False,False,False,1,0,pet10lps.com.br,,3055,False,stage1_suspected_non_escalated,,,,,,,,False,0,False,,,,,,,,,,,,stage1_suspected_non_escalated
National Informatics Centre (NIC),accounts.mgovcloud.in,https://farmwininternational.com,123456.xlsx,0.0,Low,,weak_evidence,0.6338,,,,,,fallback_top_k,,,,,,,,False,False,True,,,fetched,not_attempted,,,https://www.farmwininternational.com/,,,,,,,,False,36,0,6,0,42,False,title_brand_match|meta_brand_match|body_brand_match|suspicious_hosting_provider,False,False,False,1,1,www.farmwininternational.com,www.farmwininternational.com,32768,False,stage1_suspected_non_escalated,,,,,,,,False,0,False,,,,,,,,,,,,stage1_suspected_non_escalated
National Informatics Centre (NIC),accounts.mgovcloud.in,https://gurkhapasal.com,123456.xlsx,0.0,Low,,weak_evidence,0.6169,,,,,,fallback_top_k,,,,,,,,False,False,True,,,fetched,not_attempted,,,https://gurkhapasal.com/login,,,,,,,,False,4,36,6,0,46,False,favicon_brand_match|password_field|login_form|auth_wording|submit_auth_wording|multi_input_form|suspicious_hosting_provider,True,True,False,1,1,gurkhapasal.com,gurkhapasal.com,4258,False,stage1_suspected_non_escalated,,,,,,,,False,0,False,,,,,,,,,,,,stage1_suspected_non_escalated
Indian Space Research Organisation (ISRO),indiascienceandtechnology.gov.in,https://elementchef.com,123456.xlsx,0.0,Low,,weak_evidence,0.6265,,,,,,fallback_top_k,,,,,,,,False,False,True,,,fetched,not_attempted,,,https://www.hugedomains.com/domain_profile.cfm?d=elementchef.com,,,,,,,,False,4,12,0,8,24,False,body_brand_match|login_form|auth_wording|iframe_present|final_domain_changed,False,True,False,1,1,www.hugedomains.com,,32768,False,stage1_suspected_non_escalated,,,,,,,,False,0,False,,,,,,,,,,,,stage1_suspected_non_escalated
Election Commision of India (ECI),eci.gov.in,https://byahamed.com,123456.xlsx,0.0,Low,,weak_evidence,0.6111,,,,,,fallback_top_k,,,,,,,,False,False,True,,,fetched,not_attempted,,,https://byahamed.com,,,,,,,,False,28,0,0,0,28,False,title_brand_match|body_brand_match,False,False,False,1,0,byahamed.com,byahamed.com,32768,False,stage1_suspected_non_escalated,,,,,,,,False,0,False,,,,,,,,,,,,stage1_suspected_non_escalated
Election Commision of India (ECI),eci.gov.in,https://le-cilaos.com,123456.xlsx,0.0,Low,,weak_evidence,0.7778,,,,,,fallback_top_k,,,,,,,,False,False,True,,,fetched,not_attempted,,,https://le-cilaos.com,,,,,,,,False,36,0,0,0,36,False,title_brand_match|body_brand_match|redirect_brand_match|final_domain_brand_match,False,False,False,1,0,le-cilaos.com,www.lwshosting.name,17277,False,stage1_suspected_non_escalated,,,,,,,,False,0,False,,,,,,,,,,,,stage1_suspected_non_escalated
Reserve Bank of India (RBI),rbi.org.in,https://hlgdxdfwnqqug.online,123456.xlsx,0.0,Low,,weak_evidence,0.6603,,,,,,fallback_top_k,,,,,,,,False,False,True,,,fetched,not_attempted,,,https://hlgdxdfwnqqug.online,,,,,,,,False,28,0,0,0,28,False,title_brand_match|body_brand_match,False,False,False,1,0,hlgdxdfwnqqug.online,,150,False,stage1_suspected_non_escalated,,,,,,,,False,0,False,,,,,,,,,,,,stage1_suspected_non_escalated
National Informatics Centre (NIC),accounts.mgovcloud.in,https://timberandtoast.ca,123456.xlsx,0.0,Low,,weak_evidence,0.6786,,,,,,fallback_top_k,,,,,,,,False,False,True,,,fetched,not_attempted,,,https://www.timberandtoast.ca/,,,,,,,,False,40,0,0,0,40,False,title_brand_match|meta_brand_match|body_brand_match|favicon_brand_match,False,False,False,1,1,www.timberandtoast.ca,images.squarespace-cdn.com,32768,False,stage1_suspected_non_escalated,,,,,,,,False,0,False,,,,,,,,,,,,stage1_suspected_non_escalated
All India Institute of Medical Sciences (AIIMS),aiimsexams.ac.in,https://mccmsys.com,123456.xlsx,0.0,Low,,weak_evidence,0.5762,,,,,,fallback_top_k,,,,,,,,False,False,True,,,fetched,not_attempted,,,https://mccmsys.com,,,,,,,,False,0,36,0,0,36,False,password_field|login_form|auth_wording|submit_auth_wording|multi_input_form,True,True,False,0,0,mccmsys.com,mccmsys.com,5407,False,stage1_suspected_non_escalated,,,,,,,,False,0,False,,,,,,,,,,,,stage1_suspected_non_escalated
National Informatics Centre (NIC),accounts.mgovcloud.in,https://batmonic.com,123456.xlsx,0.0,Low,,weak_evidence,0.7083,,,,,,fallback_top_k,,,,,,,,False,False,True,,,fetched,not_attempted,,,https://batmonic.com,,,,,,,,False,36,0,0,4,40,False,title_brand_match|body_brand_match|redirect_brand_match|final_domain_brand_match|iframe_present,False,False,False,1,0,batmonic.com,,11269,False,stage1_suspected_non_escalated,,,,,,,,False,0,False,,,,,,,,,,,,stage1_suspected_non_escalated
Reserve Bank of India (RBI),rbi.org.in,https://fionglam.com,123456.xlsx,0.0,Low,,weak_evidence,0.7083,,,,,,fallback_top_k,,,,,,,,False,False,True,,,fetched,not_attempted,,,https://fionglam.com,,,,,,,,False,28,0,0,0,28,False,title_brand_match|body_brand_match,False,False,False,1,0,fionglam.com,,151,False,stage1_suspected_non_escalated,,,,,,,,False,0,False,,,,,,,,,,,,stage1_suspected_non_escalated
National Informatics Centre (NIC),accounts.mgovcloud.in,https://neasdenelectronics.co.uk,123456.xlsx,0.0,Low,,weak_evidence,0.6602,,,,,,fallback_top_k,,,,,,,,False,False,True,,,fetched,not_attempted,,,https://neasdenelectronics.co.uk,,,,,,,,False,44,0,0,0,44,False,title_brand_match|meta_brand_match|body_brand_match|redirect_brand_match|final_domain_brand_match,False,False,False,1,0,neasdenelectronics.co.uk,,32768,False,stage1_suspected_non_escalated,,,,,,,,False,0,False,,,,,,,,,,,,stage1_suspected_non_escalated
National Informatics Centre (NIC),accounts.mgovcloud.in,https://onlinecasina-slovak.us.com,123456.xlsx,0.0,Low,,weak_evidence,0.75,,,,,,fallback_top_k,,,,,,,,False,False,True,,,fetched,not_attempted,,,https://onlinecasina-slovak.us.com,,,,,,,,False,40,0,0,0,40,False,title_brand_match|meta_brand_match|body_brand_match|favicon_brand_match,False,False,False,1,0,onlinecasina-slovak.us.com,onlinecasina-slovak.us.com,32768,False,stage1_suspected_non_escalated,,,,,,,,False,0,False,,,,,,,,,,,,stage1_suspected_non_escalated
National Informatics Centre (NIC),accounts.mgovcloud.in,https://shailaserelde.com,123456.xlsx,0.0,Low,,weak_evidence,0.6603,,,,,,fallback_top_k|generic_token_only,,,,,,,,False,False,True,,,fetched,not_attempted,,,https://shailaserelde.com,,,,,,,,False,36,0,0,0,36,False,title_brand_match|meta_brand_match|body_brand_match,False,False,False,1,0,shailaserelde.com,,32768,False,stage1_suspected_non_escalated,,,,,,,,True,0,False,,,,,,,,,,,,stage1_suspected_non_escalated
Reserve Bank of India (RBI),rbi.org.in,https://ajijaakwe.com,123456.xlsx,0.0,Low,,weak_evidence,0.6296,,,,,,fallback_top_k,,,,,,,,False,False,True,,,fetched,not_attempted,,,https://ajijaakwe.com,,,,,,,,False,28,0,3,0,31,False,title_brand_match|body_brand_match|suspicious_certificate,False,False,False,1,0,ajijaakwe.com,,32768,False,stage1_suspected_non_escalated,,,,,,,,False,0,False,,,,,,,,,,,,stage1_suspected_non_escalated
Kfintech,kfintech.com,https://kint.eus,123456.xlsx,45.5357,Low,,weak_evidence,0.85,,,,,,jw_primary,,,,,,,,True,True,False,,,fetched_visual_missing,missing,screenshot_timeout,Page.screenshot: Timeout 6000ms exceeded. | Call log: - taking page screenshot | - disabled all CSS animations | - waiting for fonts to load...,https://www.kint.eus/es/inicio,,,,,,,,True,0,0,0,0,0,False,lexical_hit,False,False,False,0,0,kint.eus,,0,True,lexical_hit,,,,,,,,False,0,False,,,,,,,,,,,,strict_lexical_below_holdout_threshold
Bank of Baroda,bankofbaroda.bank.in,https://wsadminlog.beauty,123456.xlsx,0.0,Low,,weak_evidence,0.7167,,,,,,fallback_top_k|generic_token_only,,,,,,,,False,False,True,,,fetched,not_attempted,,,https://wsadminlog.beauty,,,,,,,,False,4,28,0,0,32,False,body_brand_match|password_field|login_form|multi_input_form,True,True,False,1,0,wsadminlog.beauty,wsadminlog.beauty,32768,False,stage1_suspected_non_escalated,,,,,,,,True,0,False,,,,,,,,,,,,stage1_suspected_non_escalated
Reserve Bank of India (RBI),rbi.org.in,https://ufukbudak.com,123456.xlsx,0.0,Low,,weak_evidence,0.6481,,,,,,fallback_top_k,,,,,,,,False,False,True,,,fetched,not_attempted,,,https://www.ufukbudak.com/,,,,,,,,False,28,0,0,0,28,False,title_brand_match|body_brand_match,False,False,False,1,1,www.ufukbudak.com,www.ufukbudak.com,32768,False,stage1_suspected_non_escalated,,,,,,,,False,0,False,,,,,,,,,,,,stage1_suspected_non_escalated
State Bank of India (SBI),corp.onlinesbi.sbi,https://biomorg.in,123456.xlsx,0.0,Low,,weak_evidence,0.6762,,,,,,fallback_top_k,,,,,,,,False,False,True,,,fetched,not_attempted,head_error,,https://biomorg.in/,,,,,,,,False,12,2,6,0,20,False,body_brand_match|favicon_brand_match|redirect_brand_match|multi_input_form|suspicious_hosting_provider,False,False,False,1,1,biomorg.in,biomorg.in,32768,False,stage1_suspected_non_escalated,,,,,,,,False,0,False,,,,,,,,,,,,stage1_suspected_non_escalated
Bank of Baroda,bankofbaroda.bank.in,https://bobbodywork.com,123456.xlsx,0.0,Low,,weak_evidence,0.6263,,,,,,fallback_top_k,,,,,,,,False,False,True,,,fetched,not_attempted,,,https://bobbodywork.com,,,,,,,,False,36,0,6,0,42,False,title_brand_match|body_brand_match|redirect_brand_match|final_domain_brand_match|suspicious_hosting_provider,False,False,False,1,0,bobbodywork.com,,32768,False,stage1_suspected_non_escalated,,,,,,,,False,0,False,,,,,,,,,,,,stage1_suspected_non_escalated
Reserve Bank of India (RBI),rbi.org.in,https://thinkingorbit.org,123456.xlsx,0.0,Low,,weak_evidence,0.6026,,,,,,fallback_top_k,,,,,,,,False,False,True,,,fetched,not_attempted,,,https://forsale.ddot.in/thinkingorbit.org?drefid=2071,,,,,,,,False,32,0,0,4,36,False,title_brand_match|body_brand_match|redirect_brand_match|final_domain_changed,False,False,False,1,1,forsale.ddot.in,,16473,False,stage1_suspected_non_escalated,,,,,,,,False,0,False,,,,,,,,,,,,stage1_suspected_non_escalated
Reserve Bank of India (RBI),rbi.org.in,https://apogeehardwoodrefinishing.com,123456.xlsx,0.0,Low,,weak_evidence,0.5889,,,,,,fallback_top_k,,,,,,,,False,False,True,,,fetched,not_attempted,,,https://apogeehardwoodrefinishing.com,,,,,,,,False,28,0,0,0,28,False,title_brand_match|body_brand_match,False,False,False,1,0,apogeehardwoodrefinishing.com,,151,False,stage1_suspected_non_escalated,,,,,,,,False,0,False,,,,,,,,,,,,stage1_suspected_non_escalated
Axis Bank,axismf.com,https://ymsm.org,123456.xlsx,0.0,Low,,weak_evidence,0.6111,,,,,,fallback_top_k,,,,,,,,False,False,True,,,fetched,not_attempted,,,https://ymsm.org,,,,,,,,False,0,32,0,0,32,False,password_field|login_form|auth_wording|multi_input_form,True,True,False,0,0,ymsm.org,,15827,False,stage1_suspected_non_escalated,,,,,,,,False,0,False,,,,,,,,,,,,stage1_suspected_non_escalated
Reserve Bank of India (RBI),rbi.org.in,https://numberonewsm.co.uk,123456.xlsx,0.0,Low,,weak_evidence,0.6111,,,,,,fallback_top_k,,,,,,,,False,False,True,,,fetched,not_attempted,,,https://numberonewsm.co.uk,,,,,,,,False,28,0,0,0,28,False,title_brand_match|body_brand_match,False,False,False,1,0,numberonewsm.co.uk,,787,False,stage1_suspected_non_escalated,,,,,,,,False,0,False,,,,,,,,,,,,stage1_suspected_non_escalated
National Health Authority (NHA),abdm.gov.in,https://hotgabr.com,123456.xlsx,0.0,Low,,weak_evidence,0.6508,,,,,,fallback_top_k,,,,,,,,False,False,True,,,fetched,not_attempted,,,https://www.hotgabr.com/,,,,,,,,False,36,4,6,0,46,False,title_brand_match|meta_brand_match|body_brand_match|auth_wording|suspicious_hosting_provider,False,False,False,1,1,www.hotgabr.com,www.hotgabr.com,25425,False,stage1_suspected_non_escalated,,,,,,,,False,0,False,,,,,,,,,,,,stage1_suspected_non_escalated
Airtel,airtelpayments.bank.in,https://opencart-themes.org,123456.xlsx,0.0,Low,,weak_evidence,0.6365,,,,,,fallback_top_k,,,,,,,,False,False,True,,,fetched,not_attempted,,,https://www.opencart-themes.org/,,,,,,,,False,0,32,3,0,35,False,password_field|login_form|auth_wording|multi_input_form|multi_redirect_chain,True,True,False,0,2,www.opencart-themes.org,www.opencart-themes.org,32768,False,stage1_suspected_non_escalated,,,,,,,,False,0,False,,,,,,,,,,,,stage1_suspected_non_escalated
Indian Space Research Organisation (ISRO),indiascienceandtechnology.gov.in,https://arenaafricasafaris.com,123456.xlsx,0.0,Low,,weak_evidence,0.7222,,,,,,fallback_top_k,,,,,,,,False,False,True,,,fetched,not_attempted,,,https://arenaafricasafaris.com,,,,,,,,False,12,0,6,4,22,False,meta_brand_match|body_brand_match|suspicious_hosting_provider|iframe_present,False,False,False,1,0,arenaafricasafaris.com,arenaafricasafaris.com,32768,False,stage1_suspected_non_escalated,,,,,,,,False,0,False,,,,,,,,,,,,stage1_suspected_non_escalated
Election Commision of India (ECI),eci.gov.in,https://precisionderma.info,123456.xlsx,0.0,Low,,weak_evidence,0.7381,,,,,,fallback_top_k,,,,,,,,False,False,True,,,fetched,not_attempted,,,https://precisionderma.info,,,,,,,,False,44,0,0,0,44,False,title_brand_match|meta_brand_match|body_brand_match|redirect_brand_match|final_domain_brand_match,False,False,False,1,0,precisionderma.info,img.sedoparking.com,25448,False,stage1_suspected_non_escalated,,,,,,,,False,0,False,,,,,,,,,,,,stage1_suspected_non_escalated
Reserve Bank of India (RBI),rbi.org.in,https://drbilalhussain.com,123456.xlsx,0.0,Low,,weak_evidence,0.7381,,,,,,fallback_top_k,,,,,,,,False,False,True,,,fetched,not_attempted,,,https://drbilalhussain.com,,,,,,,,False,8,0,6,6,20,False,redirect_brand_match|final_domain_brand_match|suspicious_hosting_provider|js_redirect,False,False,False,1,0,drbilalhussain.com,,32768,False,stage1_suspected_non_escalated,,,,,,,,False,0,False,,,,,,,,,,,,stage1_suspected_non_escalated
National Health Authority (NHA),abdm.gov.in,https://trainhard.space,123456.xlsx,0.0,Low,,weak_evidence,0.6574,,,,,,fallback_top_k,,,,,,,,False,False,True,,,fetched,not_attempted,,,https://trainhard.space,,,,,,,,False,12,4,6,0,22,False,body_brand_match|redirect_brand_match|final_domain_brand_match|auth_wording|suspicious_hosting_provider,False,False,False,1,0,trainhard.space,,10881,False,stage1_suspected_non_escalated,,,,,,,,False,0,False,,,,,,,,,,,,stage1_suspected_non_escalated
Reserve Bank of India (RBI),rbi.org.in,https://panichella.com,123456.xlsx,0.0,Low,,weak_evidence,0.7667,,,,,,fallback_top_k,,,,,,,,False,False,True,,,fetched,not_attempted,,,https://panichella.com,,,,,,,,False,28,0,0,0,28,False,title_brand_match|body_brand_match,False,False,False,1,0,panichella.com,,1233,False,stage1_suspected_non_escalated,,,,,,,,False,0,False,,,,,,,,,,,,stage1_suspected_non_escalated
Election Commision of India (ECI),eci.gov.in,https://gotrecipe.com,123456.xlsx,0.0,Low,,weak_evidence,0.6429,,,,,,fallback_top_k,,,,,,,,False,False,True,,,fetched,not_attempted,,,https://gotrecipe.com,,,,,,,,False,36,0,0,4,40,False,title_brand_match|body_brand_match|redirect_brand_match|final_domain_brand_match|iframe_present,False,False,False,1,0,gotrecipe.com,,859,False,stage1_suspected_non_escalated,,,,,,,,False,0,False,,,,,,,,,,,,stage1_suspected_non_escalated
Election Commision of India (ECI),eci.gov.in,https://kolabs.design,123456.xlsx,0.0,Low,,weak_evidence,0.7037,,,,,,fallback_top_k,,,,,,,,False,False,True,,,fetched,not_attempted,,,https://www.kolabs.design/,,,,,,,,False,28,0,0,0,28,False,title_brand_match|body_brand_match,False,False,False,1,1,www.kolabs.design,www.kolabs.design,32768,False,stage1_suspected_non_escalated,,,,,,,,False,0,False,,,,,,,,,,,,stage1_suspected_non_escalated
National Informatics Centre (NIC),accounts.mgovcloud.in,https://appleaiai.xyz,123456.xlsx,0.0,Low,,weak_evidence,0.6034,,,,,,fallback_top_k,,,,,,,,False,False,True,,,fetched,not_attempted,,,https://parkpage.nicnames.com/?fqdn=appleaiai.xyz,,,,,,,,False,44,4,6,4,58,False,title_brand_match|meta_brand_match|body_brand_match|redirect_brand_match|final_domain_brand_match|auth_wording|suspicious_hosting_provider|final_domain_changed,False,False,False,1,1,parkpage.nicnames.com,3sspw4l2.tinifycdn.com,3384,False,stage1_suspected_non_escalated,,,,,,,,False,0,False,,,,,,,,,,,,stage1_suspected_non_escalated
Axis Bank,axis.bank.in,https://ritamaxis.com,123456.xlsx,0.0,Low,,weak_evidence,0.6818,,,,,,fallback_top_k,,,,,,,,False,False,True,,,fetched,not_attempted,,,https://ritamaxis.com,,,,,,,,False,40,0,6,0,46,False,title_brand_match|body_brand_match|favicon_brand_match|redirect_brand_match|final_domain_brand_match|suspicious_hosting_provider,False,False,False,1,0,ritamaxis.com,ritamaxis.com,5513,False,stage1_suspected_non_escalated,,,,,,,,False,0,False,,,,,,,,,,,,stage1_suspected_non_escalated
Indian Space Research Organisation (ISRO),indiascienceandtechnology.gov.in,https://deltatherapeutics.com,123456.xlsx,0.0,Low,,weak_evidence,0.6377,,,,,,fallback_top_k,,,,,,,,False,False,True,,,fetched,not_attempted,,,https://www.hugedomains.com/domain_profile.cfm?d=deltatherapeutics.com,,,,,,,,False,4,12,0,8,24,False,body_brand_match|login_form|auth_wording|iframe_present|final_domain_changed,False,True,False,1,1,www.hugedomains.com,,32768,False,stage1_suspected_non_escalated,,,,,,,,False,0,False,,,,,,,,,,,,stage1_suspected_non_escalated
Reserve Bank of India (RBI),rbi.org.in,https://drbinshaieg.com,123456.xlsx,0.0,Low,,weak_evidence,0.7576,,,,,,fallback_top_k,,,,,,,,False,False,True,,,fetched,not_attempted,,,https://drbinshaieg.com,,,,,,,,False,16,0,6,0,22,False,body_brand_match|favicon_brand_match|redirect_brand_match|final_domain_brand_match|suspicious_hosting_provider,False,False,False,1,0,drbinshaieg.com,drbinshaieg.com,32768,False,stage1_suspected_non_escalated,,,,,,,,False,0,False,,,,,,,,,,,,stage1_suspected_non_escalated
National Informatics Centre (NIC),accounts.mgovcloud.in,https://isbarakaldo.org,123456.xlsx,0.0,Low,,weak_evidence,0.7453,,,,,,fallback_top_k,,,,,,,,False,False,True,,,fetched,not_attempted,,,https://www.isbarakaldo.org/,,,,,,,,False,28,0,0,0,28,False,title_brand_match|body_brand_match,False,False,False,1,1,www.isbarakaldo.org,cdn.website-editor.net,32768,False,stage1_suspected_non_escalated,,,,,,,,False,0,False,,,,,,,,,,,,stage1_suspected_non_escalated
Reserve Bank of India (RBI),rbi.org.in,https://ecnuabc.com,123456.xlsx,0.0,Low,,weak_evidence,0.6508,,,,,,fallback_top_k,,,,,,,,False,False,True,,,fetched,not_attempted,,,http://www.ecnuabc.com/,,,,,,,,False,28,0,0,0,28,False,title_brand_match|body_brand_match,False,False,False,1,1,www.ecnuabc.com,,146,False,stage1_suspected_non_escalated,,,,,,,,False,0,False,,,,,,,,,,,,stage1_suspected_non_escalated
National Health Authority (NHA),abdm.gov.in,https://hazelwhale.org,123456.xlsx,0.0,Low,,weak_evidence,0.6222,,,,,,fallback_top_k,,,,,,,,False,False,True,,,fetched,not_attempted,,,https://forsale.ddot.in/hazelwhale.org?drefid=2071,,,,,,,,False,32,0,0,4,36,False,title_brand_match|body_brand_match|redirect_brand_match|final_domain_changed,False,False,False,1,1,forsale.ddot.in,,16410,False,stage1_suspected_non_escalated,,,,,,,,False,0,False,,,,,,,,,,,,stage1_suspected_non_escalated
Election Commision of India (ECI),eci.gov.in,https://ordemdaconsciencia.com.br,123456.xlsx,0.0,Low,,weak_evidence,0.6889,,,,,,fallback_top_k,,,,,,,,False,False,True,,,fetched,not_attempted,,,https://www.ordemdaconsciencia.com.br/,,,,,,,,False,4,18,0,0,22,False,body_brand_match|form_action_mismatch|multi_input_form,False,False,True,1,1,www.ordemdaconsciencia.com.br,www.ordemdaconsciencia.com.br,27657,False,stage1_suspected_non_escalated,,,,,,,,False,0,False,,,,,,,,,,,,stage1_suspected_non_escalated
State Bank of India (SBI),corp.onlinesbi.sbi,https://freespeechbacklash.com,123456.xlsx,0.0,Low,,weak_evidence,0.6343,,,,,,fallback_top_k,,,,,,,,False,False,True,,,fetched,not_attempted,,,https://www.freespeechbacklash.com/,,,,,,,,False,8,12,0,0,20,False,body_brand_match|favicon_brand_match|login_form|auth_wording,False,True,False,1,1,www.freespeechbacklash.com,www.freespeechbacklash.com,32768,False,stage1_suspected_non_escalated,,,,,,,,False,0,False,,,,,,,,,,,,stage1_suspected_non_escalated
Reserve Bank of India (RBI),rbi.org.in,https://oldprint.pl,123456.xlsx,0.0,Low,,weak_evidence,0.6528,,,,,,fallback_top_k,,,,,,,,False,False,True,,,fetched,not_attempted,,,https://oldprint.pl,,,,,,,,False,28,0,0,0,28,False,title_brand_match|body_brand_match,False,False,False,1,0,oldprint.pl,,380,False,stage1_suspected_non_escalated,,,,,,,,False,0,False,,,,,,,,,,,,stage1_suspected_non_escalated
National Health Authority (NHA),abdm.gov.in,https://cheltenhamchiroandphysio.co.uk,123456.xlsx,0.0,Low,,weak_evidence,0.6822,,,,,,fallback_top_k,,,,,,,,False,False,True,,,fetched,not_attempted,,,https://cheltenhamchiroandphysio.co.uk,,,,,,,,False,36,0,0,0,36,False,title_brand_match|body_brand_match|redirect_brand_match|final_domain_brand_match,False,False,False,1,0,cheltenhamchiroandphysio.co.uk,img1.wsimg.com,32768,False,stage1_suspected_non_escalated,,,,,,,,False,0,False,,,,,,,,,,,,stage1_suspected_non_escalated
Reserve Bank of India (RBI),rbi.org.in,https://sdpxgc.com,123456.xlsx,0.0,Low,,weak_evidence,0.6111,,,,,,fallback_top_k,,,,,,,,False,False,True,,,fetched,not_attempted,,,https://sdpxgc.com,,,,,,,,False,28,0,0,0,28,False,title_brand_match|body_brand_match,False,False,False,1,0,sdpxgc.com,,150,False,stage1_suspected_non_escalated,,,,,,,,False,0,False,,,,,,,,,,,,stage1_suspected_non_escalated
National Informatics Centre (NIC),accounts.mgovcloud.in,https://katalyx.app,123456.xlsx,0.0,Low,,weak_evidence,0.6429,,,,,,fallback_top_k,,,,,,,,False,False,True,,,fetched,not_attempted,,,https://www.katalyx.app/login,,,,,,,,False,4,36,3,0,43,False,favicon_brand_match|password_field|login_form|auth_wording|submit_auth_wording|multi_input_form|multi_redirect_chain,True,True,False,1,2,www.katalyx.app,www.katalyx.app,24485,False,stage1_suspected_non_escalated,,,,,,,,False,0,False,,,,,,,,,,,,stage1_suspected_non_escalated
National Informatics Centre (NIC),accounts.mgovcloud.in,https://javanica.cloud,123456.xlsx,0.0,Low,,weak_evidence,0.6602,,,,,,fallback_top_k,,,,,,,,False,False,True,,,fetched,not_attempted,,,https://javanica.cloud,,,,,,,,False,48,4,0,0,52,False,title_brand_match|meta_brand_match|body_brand_match|favicon_brand_match|redirect_brand_match|final_domain_brand_match|auth_wording,False,False,False,1,0,javanica.cloud,javanica.cloud,32768,False,stage1_suspected_non_escalated,,,,,,,,False,0,False,,,,,,,,,,,,stage1_suspected_non_escalated
Airtel,airtelpayments.bank.in,https://rentlensakita.my.id,123456.xlsx,0.0,Low,,weak_evidence,0.6673,,,,,,fallback_top_k,,,,,,,,False,False,True,,,fetched,not_attempted,,,https://rentlensakita.my.id/login,,,,,,,,False,0,32,0,0,32,False,password_field|login_form|auth_wording|multi_input_form,True,True,False,0,1,rentlensakita.my.id,rentlensakita.my.id,10978,False,stage1_suspected_non_escalated,,,,,,,,False,0,False,,,,,,,,,,,,stage1_suspected_non_escalated
National Informatics Centre (NIC),accounts.mgovcloud.in,https://madeinsorrento.info,123456.xlsx,0.0,Low,,weak_evidence,0.6655,,,,,,fallback_top_k,,,,,,,,False,False,True,,,fetched,not_attempted,,,https://madeinsorrento.it/,,,,,,,,False,8,4,6,4,22,False,body_brand_match|favicon_brand_match|auth_wording|suspicious_hosting_provider|final_domain_changed,False,False,False,1,1,madeinsorrento.it,madeinsorrento.it,5850,False,stage1_suspected_non_escalated,,,,,,,,False,0,False,,,,,,,,,,,,stage1_suspected_non_escalated
Indian Space Research Organisation (ISRO),indiascienceandtechnology.gov.in,https://botwars.media,123456.xlsx,0.0,Low,,weak_evidence,0.6233,,,,,,fallback_top_k,,,,,,,,False,False,True,,,fetched,not_attempted,,,https://botwars.media,,,,,,,,False,28,4,0,0,32,False,title_brand_match|body_brand_match|auth_wording,False,False,False,1,0,botwars.media,,2984,False,stage1_suspected_non_escalated,,,,,,,,False,0,False,,,,,,,,,,,,stage1_suspected_non_escalated
Reserve Bank of India (RBI),rbi.org.in,https://ujetispomini.com,123456.xlsx,0.0,Low,,weak_evidence,0.75,,,,,,fallback_top_k,,,,,,,,False,False,True,,,fetched,not_attempted,,,https://ujetispomini.com,,,,,,,,False,28,0,0,0,28,False,title_brand_match|body_brand_match,False,False,False,1,0,ujetispomini.com,,151,False,stage1_suspected_non_escalated,,,,,,,,False,0,False,,,,,,,,,,,,stage1_suspected_non_escalated
Reserve Bank of India (RBI),rbi.org.in,https://cyberdojo.space,123456.xlsx,0.0,Low,,weak_evidence,0.5926,,,,,,fallback_top_k,,,,,,,,False,False,True,,,fetched,not_attempted,,,https://cyberdojo.space,,,,,,,,False,28,0,0,0,28,False,title_brand_match|body_brand_match,False,False,False,1,0,cyberdojo.space,,199,False,stage1_suspected_non_escalated,,,,,,,,False,0,False,,,,,,,,,,,,stage1_suspected_non_escalated
National Informatics Centre (NIC),accounts.mgovcloud.in,https://zakazat-kapelnicy-ot-zapoja.online,123456.xlsx,0.0,Low,,weak_evidence,0.6049,,,,,,fallback_top_k,,,,,,,,False,False,True,,,fetched,not_attempted,,,https://zakazat-kapelnicy-ot-zapoja.online,,,,,,,,False,40,0,6,0,46,False,title_brand_match|body_brand_match|favicon_brand_match|redirect_brand_match|final_domain_brand_match|suspicious_hosting_provider,False,False,False,1,0,zakazat-kapelnicy-ot-zapoja.online,zakazat-kapelnicy-ot-zapoja.online,10624,False,stage1_suspected_non_escalated,,,,,,,,False,0,False,,,,,,,,,,,,stage1_suspected_non_escalated
National Informatics Centre (NIC),accounts.mgovcloud.in,https://stroke-sport.com,123456.xlsx,0.0,Low,,weak_evidence,0.5556,,,,,,fallback_top_k,,,,,,,,False,False,True,,,fetched,not_attempted,,,https://stroke-sport.com,,,,,,,,False,32,0,0,0,32,False,title_brand_match|body_brand_match|favicon_brand_match,False,False,False,1,0,stroke-sport.com,stroke-sport.com,2236,False,stage1_suspected_non_escalated,,,,,,,,False,0,False,,,,,,,,,,,,stage1_suspected_non_escalated
Indian Space Research Organisation (ISRO),indiascienceandtechnology.gov.in,https://trillioncreditrepair.com,123456.xlsx,0.0,Low,,weak_evidence,0.6722,,,,,,fallback_top_k,,,,,,,,False,False,True,,,fetched,not_attempted,,,https://trillioncreditrepair.com,,,,,,,,False,4,32,0,10,46,False,body_brand_match|password_field|login_form|auth_wording|multi_input_form|js_redirect|iframe_present,True,True,False,1,0,trillioncreditrepair.com,ariusblobstorage.blob.core.windows.net,32768,False,stage1_suspected_non_escalated,,,,,,,,False,0,False,,,,,,,,,,,,stage1_suspected_non_escalated
State Bank of India (SBI),corp.onlinesbi.sbi,https://flowcytometryservices.com,123456.xlsx,0.0,Low,,weak_evidence,0.5575,,,,,,fallback_top_k,,,,,,,,False,False,True,,,fetched,not_attempted,,,https://kcasbio.com/careers/,,,,,,,,False,40,0,0,4,44,False,title_brand_match|body_brand_match|favicon_brand_match|redirect_brand_match|final_domain_brand_match|final_domain_changed,False,False,False,1,1,kcasbio.com,kcasbio.com,32768,False,stage1_suspected_non_escalated,,,,,,,,False,0,False,,,,,,,,,,,,stage1_suspected_non_escalated
Election Commision of India (ECI),eci.gov.in,https://lesmurmuresdelavie.fr,123456.xlsx,0.0,Low,,weak_evidence,0.5889,,,,,,fallback_top_k|generic_token_only,,,,,,,,False,False,True,,,fetched,not_attempted,,,https://lesmurmuresdelavie.fr,,,,,,,,False,4,18,0,0,22,False,body_brand_match|form_action_mismatch|multi_input_form,False,False,True,1,0,lesmurmuresdelavie.fr,lesmurmuresdelavie.fr,32576,False,stage1_suspected_non_escalated,,,,,,,,True,0,False,,,,,,,,,,,,stage1_suspected_non_escalated
Election Commision of India (ECI),eci.gov.in,https://inndeatech.com,123456.xlsx,0.0,Low,,weak_evidence,0.7278,,,,,,fallback_top_k,,,,,,,,False,False,True,,,fetched,not_attempted,,,https://www.inndeatech.com/,,,,,,,,False,4,18,0,0,22,False,body_brand_match|form_action_mismatch|multi_input_form,False,False,True,1,1,www.inndeatech.com,,15956,False,stage1_suspected_non_escalated,,,,,,,,False,0,False,,,,,,,,,,,,stage1_suspected_non_escalated
National Informatics Centre (NIC),accounts.mgovcloud.in,https://baihao.store,123456.xlsx,0.0,Low,,weak_evidence,0.6667,,,,,,fallback_top_k,,,,,,,,False,False,True,,,fetched,not_attempted,head_error,,https://parkpage.nic.ua?fqdn=baihao.store,,,,,,,,False,48,0,6,4,58,False,title_brand_match|meta_brand_match|body_brand_match|favicon_brand_match|redirect_brand_match|final_domain_brand_match|suspicious_hosting_provider|final_domain_changed,False,False,False,1,1,parkpage.nic.ua,parkpage.nic.ua,8981,False,stage1_suspected_non_escalated,,,,,,,,False,0,False,,,,,,,,,,,,stage1_suspected_non_escalated
HDFC Bank,hdfc.bank.in,https://advocat-27.ru,123456.xlsx,0.0,Low,,weak_evidence,0.5667,,,,,,fallback_top_k,,,,,,,,False,False,True,,,fetched,not_attempted,,,https://advocat-27.ru/login.php,,,,,,,,False,0,26,6,0,32,False,password_field|login_form|suspicious_hosting_provider,True,True,False,0,1,advocat-27.ru,,3737,False,stage1_suspected_non_escalated,,,,,,,,False,0,False,,,,,,,,,,,,stage1_suspected_non_escalated
Indian Space Research Organisation (ISRO),indiascienceandtechnology.gov.in,https://sacredgroundproject.net,123456.xlsx,0.0,Low,,weak_evidence,0.6301,,,,,,fallback_top_k,,,,,,,,False,False,True,,,fetched,not_attempted,,,https://www.sacredgroundproject.net,,,,,,,,False,40,0,0,0,40,False,title_brand_match|body_brand_match|favicon_brand_match|redirect_brand_match|final_domain_brand_match,False,False,False,1,1,www.sacredgroundproject.net,www.sacredgroundproject.net,32768,False,stage1_suspected_non_escalated,,,,,,,,False,0,False,,,,,,,,,,,,stage1_suspected_non_escalated
National Informatics Centre (NIC),accounts.mgovcloud.in,https://icppd.com,123456.xlsx,0.0,Low,,weak_evidence,0.6889,,,,,,fallback_top_k,,,,,,,,False,False,True,,,fetched,not_attempted,,,https://icppd.com,,,,,,,,False,28,0,0,0,28,False,title_brand_match|body_brand_match,False,False,False,1,0,icppd.com,,32768,False,stage1_suspected_non_escalated,,,,,,,,False,0,False,,,,,,,,,,,,stage1_suspected_non_escalated
National Informatics Centre (NIC),accounts.mgovcloud.in,https://medicals.clinic,123456.xlsx,0.0,Low,,weak_evidence,0.7375,,,,,,fallback_top_k|generic_token_only,,,,,,,,False,False,True,,,fetched,not_attempted,,,https://medicals.clinic,,,,,,,,False,44,0,0,0,44,False,title_brand_match|meta_brand_match|body_brand_match|redirect_brand_match|final_domain_brand_match,False,False,False,1,0,medicals.clinic,,20594,False,stage1_suspected_non_escalated,,,,,,,,True,0,False,,,,,,,,,,,,stage1_suspected_non_escalated
Canara Bank,canararobeco.com,https://casperbarbershopharmony.org,123456.xlsx,0.0,Low,,weak_evidence,0.6397,,,,,,fallback_top_k,,,,,,,,False,False,True,,,fetched,not_attempted,,,https://casperbarbershopharmony.org/wp-login.php?redirect_to=https%3A%2F%2Fcasperbarbershopharmony.org%2F,,,,,,,,False,0,36,6,0,42,False,password_field|login_form|auth_wording|submit_auth_wording|multi_input_form|suspicious_hosting_provider,True,True,False,0,1,casperbarbershopharmony.org,,6029,False,stage1_suspected_non_escalated,,,,,,,,False,0,False,,,,,,,,,,,,stage1_suspected_non_escalated
Reserve Bank of India (RBI),rbi.org.in,https://sentopexiviro.life,123456.xlsx,0.0,Low,,weak_evidence,0.6032,,,,,,fallback_top_k,,,,,,,,False,False,True,,,fetched,not_attempted,,,https://sentopexiviro.life,,,,,,,,False,28,0,0,0,28,False,title_brand_match|body_brand_match,False,False,False,1,0,sentopexiviro.life,,162,False,stage1_suspected_non_escalated,,,,,,,,False,0,False,,,,,,,,,,,,stage1_suspected_non_escalated
Election Commision of India (ECI),eci.gov.in,https://precisiongrainwoodworks.com,123456.xlsx,0.0,Low,,weak_evidence,0.7101,,,,,,fallback_top_k,,,,,,,,False,False,True,,,fetched,not_attempted,,,https://precisiongrainwoodworks.com,,,,,,,,False,36,0,0,0,36,False,title_brand_match|body_brand_match|redirect_brand_match|final_domain_brand_match,False,False,False,1,0,precisiongrainwoodworks.com,,32768,False,stage1_suspected_non_escalated,,,,,,,,False,0,False,,,,,,,,,,,,stage1_suspected_non_escalated
Election Commision of India (ECI),eci.gov.in,https://filaonespana.com,123456.xlsx,0.0,Low,,weak_evidence,0.6659,,,,,,fallback_top_k,,,,,,,,False,False,True,,,fetched,not_attempted,head_error,,https://www.filaonespana.com/,,,,,,,,False,4,32,0,0,36,False,body_brand_match|password_field|login_form|auth_wording|multi_input_form,True,True,False,1,1,www.filaonespana.com,,32768,False,stage1_suspected_non_escalated,,,,,,,,False,0,False,,,,,,,,,,,,stage1_suspected_non_escalated
Reserve Bank of India (RBI),rbi.org.in,https://o365x71.top,123456.xlsx,0.0,Low,,weak_evidence,0.5873,,,,,,fallback_top_k,,,,,,,,False,False,True,,,fetched,not_attempted,,,https://o365x71.top,,,,,,,,False,28,0,0,0,28,False,title_brand_match|body_brand_match,False,False,False,1,0,o365x71.top,,153,False,stage1_suspected_non_escalated,,,,,,,,False,0,False,,,,,,,,,,,,stage1_suspected_non_escalated
Election Commision of India (ECI),eci.gov.in,https://centrophyos.com,123456.xlsx,0.0,Low,,weak_evidence,0.6237,,,,,,fallback_top_k,,,,,,,,False,False,True,,,fetched,not_attempted,,,https://centrophyos.com,,,,,,,,False,36,0,0,0,36,False,title_brand_match|meta_brand_match|body_brand_match,False,False,False,1,0,centrophyos.com,centrophyos.com,32768,False,stage1_suspected_non_escalated,,,,,,,,False,0,False,,,,,,,,,,,,stage1_suspected_non_escalated
Indian Space Research Organisation (ISRO),indiascienceandtechnology.gov.in,https://usetopequityusacrew.com,123456.xlsx,0.0,Low,,weak_evidence,0.5906,,,,,,fallback_top_k,,,,,,,,False,False,True,,,fetched,not_attempted,,,https://www.toplendingusa.com/,,,,,,,,False,12,4,0,4,20,False,body_brand_match|redirect_brand_match|final_domain_brand_match|auth_wording|final_domain_changed,False,False,False,1,1,www.toplendingusa.com,static.parastorage.com,32768,False,stage1_suspected_non_escalated,,,,,,,,False,0,False,,,,,,,,,,,,stage1_suspected_non_escalated
Election Commision of India (ECI),eci.gov.in,https://drywallrepairservice.ca,123456.xlsx,0.0,Low,,weak_evidence,0.5889,,,,,,fallback_top_k,,,,,,,,False,False,True,,,fetched,not_attempted,,,https://drywallrepairservice.ca,,,,,,,,False,28,0,0,0,28,False,title_brand_match|body_brand_match,False,False,False,1,0,drywallrepairservice.ca,,32768,False,stage1_suspected_non_escalated,,,,,,,,False,0,False,,,,,,,,,,,,stage1_suspected_non_escalated
Reserve Bank of India (RBI),rbi.org.in,https://mogtechs.store,123456.xlsx,0.0,Low,,weak_evidence,0.6667,,,,,,fallback_top_k,,,,,,,,False,False,True,,,fetched,not_attempted,,,https://mogtechs.store,,,,,,,,False,28,0,0,0,28,False,title_brand_match|body_brand_match,False,False,False,1,0,mogtechs.store,,151,False,stage1_suspected_non_escalated,,,,,,,,False,0,False,,,,,,,,,,,,stage1_suspected_non_escalated
National Health Authority (NHA),abdm.gov.in,https://lovelybag.pt,123456.xlsx,0.0,Low,,weak_evidence,0.6296,,,,,,fallback_top_k,,,,,,,,False,False,True,,,fetched,not_attempted,,,https://lovelybag.pt,,,,,,,,False,28,0,0,0,28,False,title_brand_match|body_brand_match,False,False,False,1,0,lovelybag.pt,,32768,False,stage1_suspected_non_escalated,,,,,,,,False,0,False,,,,,,,,,,,,stage1_suspected_non_escalated
National Informatics Centre (NIC),accounts.mgovcloud.in,https://sonic-dojo.com,123456.xlsx,0.0,Low,,weak_evidence,0.7667,,,,,,fallback_top_k,,,,,,,,False,False,True,,,fetched,not_attempted,,,http://sonic-dojo.de/,,,,,,,,False,40,0,0,4,44,False,title_brand_match|body_brand_match|favicon_brand_match|redirect_brand_match|final_domain_brand_match|final_domain_changed,False,False,False,1,1,sonic-dojo.de,sonic-dojo.de,19462,False,stage1_suspected_non_escalated,,,,,,,,False,0,False,,,,,,,,,,,,stage1_suspected_non_escalated
Reserve Bank of India (RBI),rbi.org.in,https://hussaintradesolutionsservices.com,123456.xlsx,0.0,Low,,weak_evidence,0.6801,,,,,,fallback_top_k,,,,,,,,False,False,True,,,fetched,not_attempted,,,https://www.hussaintradesolutions.com/,,,,,,,,False,28,0,0,4,32,False,title_brand_match|body_brand_match|final_domain_changed,False,False,False,1,1,www.hussaintradesolutions.com,,318,False,stage1_suspected_non_escalated,,,,,,,,False,0,False,,,,,,,,,,,,stage1_suspected_non_escalated
Punjab National Bank (PNB),pnb.bank.in,https://dopebbqlife.com,123456.xlsx,0.0,Low,,weak_evidence,0.6162,,,,,,fallback_top_k,,,,,,,,False,False,True,,,fetched,not_attempted,,,https://dopebbqlife.com,,,,,,,,False,0,36,0,6,42,False,password_field|login_form|auth_wording|submit_auth_wording|multi_input_form|js_redirect,True,True,False,0,0,dopebbqlife.com,dopebbqlife.com,32768,False,stage1_suspected_non_escalated,,,,,,,,False,0,False,,,,,,,,,,,,stage1_suspected_non_escalated
Reserve Bank of India (RBI),rbi.org.in,https://sxdpq.net,123456.xlsx,0.0,Low,,weak_evidence,0.5889,,,,,,fallback_top_k,,,,,,,,False,False,True,,,fetched,not_attempted,,,https://sxdpq.net,,,,,,,,False,28,0,0,0,28,False,title_brand_match|body_brand_match,False,False,False,1,0,sxdpq.net,,407,False,stage1_suspected_non_escalated,,,,,,,,False,0,False,,,,,,,,,,,,stage1_suspected_non_escalated
Reserve Bank of India (RBI),rbi.org.in,https://forthetabletop.com,123456.xlsx,0.0,Low,,weak_evidence,0.6508,,,,,,fallback_top_k,,,,,,,,False,False,True,,,fetched,not_attempted,,,https://forthetabletop.com,,,,,,,,False,28,0,0,0,28,False,title_brand_match|body_brand_match,False,False,False,1,0,forthetabletop.com,,358,False,stage1_suspected_non_escalated,,,,,,,,False,0,False,,,,,,,,,,,,stage1_suspected_non_escalated
National Informatics Centre (NIC),accounts.mgovcloud.in,https://intechsolcorp.com,123456.xlsx,0.0,Low,,weak_evidence,0.7372,,,,,,fallback_top_k,,,,,,,,False,False,True,,,fetched,not_attempted,,,https://intechsolcorp.com,,,,,,,,False,36,0,0,4,40,False,title_brand_match|meta_brand_match|body_brand_match|iframe_present,False,False,False,1,0,intechsolcorp.com,intechsolcorp.com,32768,False,stage1_suspected_non_escalated,,,,,,,,False,0,False,,,,,,,,,,,,stage1_suspected_non_escalated
Election Commision of India (ECI),eci.gov.in,https://timbermarketers.com,123456.xlsx,0.0,Low,,weak_evidence,0.6365,,,,,,fallback_top_k,,,,,,,,False,False,True,,,fetched,not_attempted,,,https://timbermarketers.com,,,,,,,,False,28,0,0,0,28,False,title_brand_match|body_brand_match,False,False,False,1,0,timbermarketers.com,timbermarketers.com,32768,False,stage1_suspected_non_escalated,,,,,,,,False,0,False,,,,,,,,,,,,stage1_suspected_non_escalated
Kfintech,kfintech.com,https://kfinsaat.com.tr,123456.xlsx,45.5357,Low,,weak_evidence,0.85,,,,,,jw_primary,,,,,,,,True,True,False,,,fetched,available,,,https://kfinsaat.com.tr/,,,,,,,,True,0,0,0,0,0,False,lexical_hit,False,False,False,0,0,kfinsaat.com.tr,,0,True,lexical_hit,,,,,,,,False,0,False,,,,,,,,,,,,strict_lexical_below_holdout_threshold
Reserve Bank of India (RBI),rbi.org.in,https://022hunli.com,123456.xlsx,0.0,Low,,weak_evidence,0.6333,,,,,,fallback_top_k,,,,,,,,False,False,True,,,fetched,not_attempted,,,https://022hunli.com,,,,,,,,False,28,0,0,0,28,False,title_brand_match|body_brand_match,False,False,False,1,0,022hunli.com,,406,False,stage1_suspected_non_escalated,,,,,,,,False,0,False,,,,,,,,,,,,stage1_suspected_non_escalated
Indian Space Research Organisation (ISRO),indiascienceandtechnology.gov.in,https://vusedonerightdemo.com,123456.xlsx,0.0,Low,,weak_evidence,0.6048,,,,,,fallback_top_k,,,,,,,,False,False,True,,,fetched,not_attempted,,,https://vusedonerightdemo.com,,,,,,,,False,0,30,0,0,30,False,password_field|login_form|auth_wording,True,True,False,0,0,vusedonerightdemo.com,,13482,False,stage1_suspected_non_escalated,,,,,,,,False,0,False,,,,,,,,,,,,stage1_suspected_non_escalated
"Unique Identification Authority of India (UIDAI)
",uidai.gov.in,https://uidaiaadhardownload.com,urls.xlsx|AIGR-S66270_Ground_Truth.xlsx|123456.xlsx,58.134,Low,58.134,weak_evidence,0.8526,0.8526,0.4167,0.4167,1.0,0.0,jw_primary,lexical,0.0,score_threshold,,1.0,"Unique Identification Authority of India (UIDAI)
",1.0,True,True,False,score_threshold,score_threshold,fetched,available,,,https://uidaiaadhardownload.com/,,,,58.134,25.5789,0.0,0.0,True,0,0,0,0,0,False,lexical_hit,False,False,False,0,0,uidaiaadhardownload.com,,0,True,lexical_hit,0.4167,0.75,below_min_score,0.0,0.0,0.0,0.0,False,1,False,0.0,0.0,1.0,0.0,0.0,0.0,0.0,0.0,/home/user7/new_code/phishing_ml/phishing_pipeline/screens/uidaiaadhardownload.com.png,home - uidai aadhaar download,"home - uidai aadhaar download 
            download your aadhaar cardin just 5 minutes
         
            complete step-by-step guide to downloading your e-aadhaar online via uidai portal,
            digilocker, or maadhaar app — completely free, no paperwork needed.
         
            choose how to download aadhar card
         
            uidai provides three official ways to download your aadhaar. pick the one that's easiest for you.
         uidai website download directly from myaad",low_confidence_strict_lexical
