input_position,input_url,normalized_url,dns_status,dns_decision,fetch_status,final_landing_url,parking_provider,parking_reason,admitted,exclusion_stage,reason,old_fuzzy_hit,old_fuzzy_cse,hybrid_lexical_hit,strict_lexical_hit,lexical_score_pass,fallback_rank_only,admission_reason,admission_path,candidate_generation_reason,best_entity,best_score,confidence_band,lexical_score,clip_similarity,typo_similarity,domain_component,clip_component,hash_component
1,paarivahan.com,https://paarivahan.com,dns_error,rejected,,,,,False,dns_gate,dns_rejected,True,parivahan sewa,True,True,True,False,,,jw_primary|token_set_primary|skeleton_similarity|host_similarity,parivahan sewa,0.0,,0.9474,0.0,0.9474,0.0,0.0,0.0
2,axisupi.com,https://axisupi.com,resolved,accepted,failed,,,,True,,,True,Axis Bank,True,True,True,False,strict_lexical_hit,strict_lexical_hit,jw_primary,Axis Bank,0.0,Low,0.9143,0.0,0.7273,27.4286,0.0,0.0
3,airtell.ai,https://airtell.ai,resolved,accepted,failed,,,,True,,,True,Airtel,True,True,True,False,strict_lexical_hit,strict_lexical_hit,jw_primary|token_set_primary|skeleton_similarity|host_similarity,Airtel,0.0,Low,0.9714,0.0,0.9231,29.1429,0.0,0.0
4,sbireward.com,https://sbireward.com,dns_error,rejected,,,,,False,dns_gate,dns_rejected,True,State Bank of India (SBI),True,True,True,False,,,jw_primary,State Bank of India (SBI),0.0,,0.85,0.0,0.78,0.0,0.0,0.0
5,airtele.xyz,https://airtele.xyz,dns_error,rejected,,,,,False,dns_gate,dns_rejected,True,Airtel,True,True,True,False,,,jw_primary|token_set_primary|skeleton_similarity|host_similarity,Airtel,0.0,,0.9714,0.0,0.9231,0.0,0.0,0.0
6,airtel-merchants.club,https://airtel-merchants.club,no_records,rejected,,,,,False,dns_gate,dns_rejected,True,Airtel,True,True,True,False,,,brand_token_match|jw_primary,Airtel,0.0,,0.9048,0.0,0.7333,0.0,0.0,0.0
7,uidaiaadhardownload.com,https://uidaiaadhardownload.com,resolved,accepted,fetched,,,,True,,,True,"Unique Identification Authority of India (UIDAI)
",True,True,True,False,strict_lexical_hit,strict_lexical_hit,jw_primary,"Unique Identification Authority of India (UIDAI)
",56.4903,Low,0.8526,0.5287,0.4167,25.5789,10.5748,0.0
