input_position,input_url,normalized_url,source_workbook,exclusion_stage,reason,survival_path,drop_path,dns_status,dns_decision,fetch_status,visual_status,fetch_error_type,fetch_error_detail,final_landing_url,parking_provider,parking_reason,placeholder_or_parking_reason,admitted_to_holdout,kept_for_review_only,review_only_reason,strict_lexical_hit,lexical_score_pass,fallback_rank_only,candidate_generation_reason,best_matching_domain,generic_token_only_match,direct_brand_evidence_count,deceptive_host_embedding,content_spoof_strong,lexical_hit,brand_score,credential_score,infra_score,evasion_score,total_stage1_score,hard_trigger_hit,stage1_reasons,page_has_password_field,page_has_login_form,form_action_mismatch,csc_mention_count,redirect_count,final_domain,favicon_domain,html_bytes_read,escalate_to_hashing,escalate_reason,stage1_passthrough
13,domain,https://domain,urls.xlsx,stage1_http,stage1_low_suspicion,,stage1_low_suspicion,skipped,skipped,,not_attempted,,,,,,,False,False,,False,False,False,,,False,0,False,False,False,0,0,0,0,0,False,,False,False,False,0,0,,,0,False,,False
14,jardines10.com,https://jardines10.com,urls.xlsx,stage1_http,stage1_low_suspicion,,stage1_low_suspicion,skipped,skipped,,not_attempted,,,,,,,False,False,,False,False,False,,,False,0,False,False,False,0,0,0,0,0,False,,False,False,False,0,0,,,0,False,,False
15,connectionsarchive.net,https://connectionsarchive.net,urls.xlsx,stage1_http,stage1_low_suspicion,,stage1_low_suspicion,skipped,skipped,,not_attempted,,,,,,,False,False,,False,False,False,,,False,0,False,False,False,0,0,0,0,0,False,,False,False,False,0,0,,,0,False,,False
16,web365daftar.com,https://web365daftar.com,urls.xlsx,stage1_http,stage1_low_suspicion,,stage1_low_suspicion,skipped,skipped,,not_attempted,,,,,,,False,False,,False,False,False,,,False,0,False,False,False,0,0,0,0,0,False,,False,False,False,0,0,,,0,False,,False
17,conciergerie-niort.fr,https://conciergerie-niort.fr,urls.xlsx,stage1_http,stage1_low_suspicion,,stage1_low_suspicion,skipped,skipped,,not_attempted,,,,,,,False,False,,False,False,False,,,False,0,False,False,False,0,0,0,0,0,False,,False,False,False,0,0,,,0,False,,False
18,nmjiaojinginc.shop,https://nmjiaojinginc.shop,urls.xlsx,stage1_http,stage1_low_suspicion,,stage1_low_suspicion,skipped,skipped,,not_attempted,,,,,,,False,False,,False,False,False,,,False,0,False,False,False,0,0,0,0,0,False,,False,False,False,0,0,,,0,False,,False
19,ventajp.com,https://ventajp.com,urls.xlsx,stage1_http,stage1_low_suspicion,,stage1_low_suspicion,skipped,skipped,,not_attempted,,,,,,,False,False,,False,False,False,,,False,0,False,False,False,0,0,0,0,0,False,,False,False,False,0,0,,,0,False,,False
20,snackduel.com,https://snackduel.com,urls.xlsx,stage1_http,stage1_low_suspicion,,stage1_low_suspicion,skipped,skipped,,not_attempted,,,,,,,False,False,,False,False,False,,,False,0,False,False,False,0,0,0,0,0,False,,False,False,False,0,0,,,0,False,,False
21,calmplatewindow.club,https://calmplatewindow.club,urls.xlsx,stage1_http,stage1_low_suspicion,,stage1_low_suspicion,skipped,skipped,,not_attempted,,,,,,,False,False,,False,False,False,,,False,0,False,False,False,0,0,0,0,0,False,,False,False,False,0,0,,,0,False,,False
22,tuterrenoenchile.cl,https://tuterrenoenchile.cl,urls.xlsx,stage1_http,stage1_low_suspicion,,stage1_low_suspicion,skipped,skipped,,not_attempted,,,,,,,False,False,,False,False,False,,,False,0,False,False,False,0,0,0,0,0,False,,False,False,False,0,0,,,0,False,,False
23,pumirpkin.live,https://pumirpkin.live,urls.xlsx,stage1_http,stage1_low_suspicion,,stage1_low_suspicion,skipped,skipped,,not_attempted,,,,,,,False,False,,False,False,False,,,False,0,False,False,False,0,0,0,0,0,False,,False,False,False,0,0,,,0,False,,False
24,exerciseok.com,https://exerciseok.com,urls.xlsx,lexical_gate,lexical_prefilter_rejected,,lexical_prefilter_rejected,skipped,skipped,,not_attempted,,,,,,,False,False,,False,False,True,fallback_top_k,eci.gov.in,False,0,False,False,False,0,0,0,0,0,False,,False,False,False,0,0,,,0,False,stage1_low_suspicion,False
25,parquebatweania.com,https://parquebatweania.com,urls.xlsx,lexical_gate,lexical_prefilter_rejected,,lexical_prefilter_rejected,skipped,skipped,,not_attempted,,,,,,,False,False,,False,False,True,fallback_top_k,parivahan.gov.in,False,0,False,False,False,0,0,0,0,0,False,,False,False,False,0,0,,,0,False,stage1_low_suspicion,False
26,tutu-and-tiaras.com,https://tutu-and-tiaras.com,urls.xlsx,lexical_gate,lexical_prefilter_rejected,,lexical_prefilter_rejected,skipped,skipped,,not_attempted,,,,,,,False,False,,False,False,True,fallback_top_k,airindiaexpress.com,False,0,False,False,False,0,0,0,0,0,False,,False,False,False,0,0,,,0,False,stage1_low_suspicion,False
27,prototanya.org,https://prototanya.org,urls.xlsx,lexical_gate,lexical_prefilter_rejected,,lexical_prefilter_rejected,skipped,skipped,,not_attempted,,,,,,,False,False,,False,False,True,fallback_top_k,parivahan.gov.in,False,0,False,False,False,0,0,0,0,0,False,,False,False,False,0,0,,,0,False,stage1_low_suspicion,False
28,beton888bonuuz30rb.cyou,https://beton888bonuuz30rb.cyou,urls.xlsx,lexical_gate,lexical_prefilter_rejected,,lexical_prefilter_rejected,skipped,skipped,,not_attempted,,,,,,,False,False,,False,False,True,fallback_top_k,netpnb.com,False,0,False,False,False,0,0,0,0,0,False,,False,False,False,0,0,,,0,False,stage1_low_suspicion,False
29,creationorder.net,https://creationorder.net,urls.xlsx,lexical_gate,lexical_prefilter_rejected,,lexical_prefilter_rejected,skipped,skipped,,not_attempted,,,,,,,False,False,,False,False,True,fallback_top_k,coalindiatenders.nic.in,False,0,False,False,False,0,0,0,0,0,False,,False,False,False,0,0,,,0,False,stage1_low_suspicion,False
30,bazarcentofiori.com,https://bazarcentofiori.com,urls.xlsx,lexical_gate,generic_token_only_lexical_rejected,,generic_token_only_lexical_rejected,skipped,skipped,,not_attempted,,,,,,,False,False,,False,False,True,fallback_top_k|generic_token_only,airtelpayments.bank.in,True,0,False,False,False,0,0,0,0,0,False,,False,False,False,0,0,,,0,False,stage1_low_suspicion,False
31,hgi5z6n1d.vip,https://hgi5z6n1d.vip,urls.xlsx,lexical_gate,lexical_prefilter_rejected,,lexical_prefilter_rejected,skipped,skipped,,not_attempted,,,,,,,False,False,,False,False,True,fallback_top_k,hdfcfund.com,False,0,False,False,False,0,0,0,0,0,False,,False,False,False,0,0,,,0,False,stage1_low_suspicion,False
32,socioone.com,https://socioone.com,urls.xlsx,lexical_gate,lexical_prefilter_rejected,,lexical_prefilter_rejected,skipped,skipped,,not_attempted,,,,,,,False,False,,False,False,True,fallback_top_k,camsonline.com,False,0,False,False,False,0,0,0,0,0,False,,False,False,False,0,0,,,0,False,stage1_low_suspicion,False
33,greenbeangirltrainingtutoring.com,https://greenbeangirltrainingtutoring.com,urls.xlsx,lexical_gate,lexical_prefilter_rejected,,lexical_prefilter_rejected,skipped,skipped,,not_attempted,,,,,,,False,False,,False,False,True,fallback_top_k,rbi.org.in,False,0,False,False,False,0,0,0,0,0,False,,False,False,False,0,0,,,0,False,stage1_low_suspicion,False
34,crplasticos.com.br,https://crplasticos.com.br,urls.xlsx,lexical_gate,lexical_prefilter_rejected,,lexical_prefilter_rejected,skipped,skipped,,not_attempted,,,,,,,False,False,,False,False,True,fallback_top_k,crsorgi.gov.in,False,0,False,False,False,0,0,0,0,0,False,,False,False,False,0,0,,,0,False,stage1_low_suspicion,False
35,tnkproject.com,https://tnkproject.com,urls.xlsx,lexical_gate,lexical_prefilter_rejected,,lexical_prefilter_rejected,skipped,skipped,,not_attempted,,,,,,,False,False,,False,False,True,fallback_top_k,kfintech.com,False,0,False,False,False,0,0,0,0,0,False,,False,False,False,0,0,,,0,False,stage1_low_suspicion,False
36,landscapebyvera.com,https://landscapebyvera.com,urls.xlsx,lexical_gate,lexical_prefilter_rejected,,lexical_prefilter_rejected,skipped,skipped,,not_attempted,,,,,,,False,False,,False,False,True,fallback_top_k,coalindiatenders.nic.in,False,0,False,False,False,0,0,0,0,0,False,,False,False,False,0,0,,,0,False,stage1_low_suspicion,False
37,fresna.online,https://fresna.online,urls.xlsx,lexical_gate,lexical_prefilter_rejected,,lexical_prefilter_rejected,skipped,skipped,,not_attempted,,,,,,,False,False,,False,False,True,fallback_top_k,bseindia.com,False,0,False,False,False,0,0,0,0,0,False,,False,False,False,0,0,,,0,False,stage1_low_suspicion,False
38,zh-ptgaming.com,https://zh-ptgaming.com,urls.xlsx,lexical_gate,lexical_prefilter_rejected,,lexical_prefilter_rejected,skipped,skipped,,not_attempted,,,,,,,False,False,,False,False,True,fallback_top_k,nha.gov.in,False,0,False,False,False,0,0,0,0,0,False,,False,False,False,0,0,,,0,False,stage1_low_suspicion,False
39,emon793hoky.online,https://emon793hoky.online,urls.xlsx,lexical_gate,lexical_prefilter_rejected,,lexical_prefilter_rejected,skipped,skipped,,not_attempted,,,,,,,False,False,,False,False,True,fallback_top_k,kfintech.com,False,0,False,False,False,0,0,0,0,0,False,,False,False,False,0,0,,,0,False,stage1_low_suspicion,False
40,udbijaayurveda.com,https://udbijaayurveda.com,urls.xlsx,lexical_gate,lexical_prefilter_rejected,,lexical_prefilter_rejected,skipped,skipped,,not_attempted,,,,,,,False,False,,False,False,True,fallback_top_k,onlinecasa.bankofbaroda.com,False,0,False,False,False,0,0,0,0,0,False,,False,False,False,0,0,,,0,False,stage1_low_suspicion,False
41,pornmega18.xyz,https://pornmega18.xyz,urls.xlsx,lexical_gate,lexical_prefilter_rejected,,lexical_prefilter_rejected,skipped,skipped,,not_attempted,,,,,,,False,False,,False,False,True,fallback_top_k,homeloans.sbi,False,0,False,False,False,0,0,0,0,0,False,,False,False,False,0,0,,,0,False,stage1_low_suspicion,False
42,easy-sponso.com,https://easy-sponso.com,urls.xlsx,lexical_gate,lexical_prefilter_rejected,,lexical_prefilter_rejected,skipped,skipped,,not_attempted,,,,,,,False,False,,False,False,True,fallback_top_k,netpnb.com,False,0,False,False,False,0,0,0,0,0,False,,False,False,False,0,0,,,0,False,stage1_low_suspicion,False
43,roblox303.store,https://roblox303.store,urls.xlsx,lexical_gate,lexical_prefilter_rejected,,lexical_prefilter_rejected,skipped,skipped,,not_attempted,,,,,,,False,False,,False,False,True,fallback_top_k,rbi.org.in,False,0,False,False,False,0,0,0,0,0,False,,False,False,False,0,0,,,0,False,stage1_low_suspicion,False
44,kirin77.site,https://kirin77.site,urls.xlsx,lexical_gate,lexical_prefilter_rejected,,lexical_prefilter_rejected,skipped,skipped,,not_attempted,,,,,,,False,False,,False,False,True,fallback_top_k,kfintech.com,False,0,False,False,False,0,0,0,0,0,False,,False,False,False,0,0,,,0,False,stage1_low_suspicion,False
45,moisesdevweb.com,https://moisesdevweb.com,urls.xlsx,lexical_gate,lexical_prefilter_rejected,,lexical_prefilter_rejected,skipped,skipped,,not_attempted,,,,,,,False,False,,False,False,True,fallback_top_k,corp.onlinesbi.sbi,False,0,False,False,False,0,0,0,0,0,False,,False,False,False,0,0,,,0,False,stage1_low_suspicion,False
46,barbara-michelle.com,https://barbara-michelle.com,urls.xlsx,lexical_gate,lexical_prefilter_rejected,,lexical_prefilter_rejected,skipped,skipped,,not_attempted,,,,,,,False,False,,False,False,True,fallback_top_k,canarahsbclife.com,False,0,False,False,False,0,0,0,0,0,False,,False,False,False,0,0,,,0,False,stage1_low_suspicion,False
47,pornxmodel.click,https://pornxmodel.click,urls.xlsx,lexical_gate,lexical_prefilter_rejected,,lexical_prefilter_rejected,skipped,skipped,,not_attempted,,,,,,,False,False,,False,False,True,fallback_top_k,airtel.in,False,0,False,False,False,0,0,0,0,0,False,,False,False,False,0,0,,,0,False,stage1_low_suspicion,False
48,hraihpsa.ca,https://hraihpsa.ca,urls.xlsx,lexical_gate,lexical_prefilter_rejected,,lexical_prefilter_rejected,skipped,skipped,,not_attempted,,,,,,,False,False,,False,False,True,fallback_top_k,aiims.edu,False,0,False,False,False,0,0,0,0,0,False,,False,False,False,0,0,,,0,False,stage1_low_suspicion,False
49,saudenervocuremax.shop,https://saudenervocuremax.shop,urls.xlsx,lexical_gate,lexical_prefilter_rejected,,lexical_prefilter_rejected,skipped,skipped,,not_attempted,,,,,,,False,False,,False,False,True,fallback_top_k,sbicard.com,False,0,False,False,False,0,0,0,0,0,False,,False,False,False,0,0,,,0,False,stage1_low_suspicion,False
50,rjpnbv.com,https://rjpnbv.com,urls.xlsx,lexical_gate,lexical_prefilter_rejected,,lexical_prefilter_rejected,skipped,skipped,,not_attempted,,,,,,,False,False,,False,False,True,fallback_top_k,netpnb.com,False,0,False,False,False,0,0,0,0,0,False,,False,False,False,0,0,,,0,False,stage1_low_suspicion,False
51,yktdeo.com,https://yktdeo.com,urls.xlsx,lexical_gate,lexical_prefilter_rejected,,lexical_prefilter_rejected,skipped,skipped,,not_attempted,,,,,,,False,False,,False,False,True,fallback_top_k,kfintech.com,False,0,False,False,False,0,0,0,0,0,False,,False,False,False,0,0,,,0,False,stage1_low_suspicion,False
52,jlchuhai.com,https://jlchuhai.com,urls.xlsx,lexical_gate,lexical_prefilter_rejected,,lexical_prefilter_rejected,skipped,skipped,,not_attempted,,,,,,,False,False,,False,False,True,fallback_top_k,hdfclife.com,False,0,False,False,False,0,0,0,0,0,False,,False,False,False,0,0,,,0,False,stage1_low_suspicion,False
53,bogitekniikka.fi,https://bogitekniikka.fi,urls.xlsx,lexical_gate,lexical_prefilter_rejected,,lexical_prefilter_rejected,skipped,skipped,,not_attempted,,,,,,,False,False,,False,False,True,fallback_top_k,bseindia.com,False,0,False,False,False,0,0,0,0,0,False,,False,False,False,0,0,,,0,False,stage1_low_suspicion,False
54,lucilalehmann.com,https://lucilalehmann.com,urls.xlsx,lexical_gate,lexical_prefilter_rejected,,lexical_prefilter_rejected,skipped,skipped,,not_attempted,,,,,,,False,False,,False,False,True,fallback_top_k,uidai.gov.in,False,0,False,False,False,0,0,0,0,0,False,,False,False,False,0,0,,,0,False,stage1_low_suspicion,False
55,yataganharem5.click,https://yataganharem5.click,urls.xlsx,lexical_gate,lexical_prefilter_rejected,,lexical_prefilter_rejected,skipped,skipped,,not_attempted,,,,,,,False,False,,False,False,True,fallback_top_k,canarahsbclife.com,False,0,False,False,False,0,0,0,0,0,False,,False,False,False,0,0,,,0,False,stage1_low_suspicion,False
56,jicm0yo.vip,https://jicm0yo.vip,urls.xlsx,lexical_gate,lexical_prefilter_rejected,,lexical_prefilter_rejected,skipped,skipped,,not_attempted,,,,,,,False,False,,False,False,True,fallback_top_k,jio.com,False,0,False,False,False,0,0,0,0,0,False,,False,False,False,0,0,,,0,False,stage1_low_suspicion,False
57,wintergroupsecurity.com,https://wintergroupsecurity.com,urls.xlsx,lexical_gate,lexical_prefilter_rejected,,lexical_prefilter_rejected,skipped,skipped,,not_attempted,,,,,,,False,False,,False,False,True,fallback_top_k,kfintech.com,False,0,False,False,False,0,0,0,0,0,False,,False,False,False,0,0,,,0,False,stage1_low_suspicion,False
58,mikogpt.ru,https://mikogpt.ru,urls.xlsx,lexical_gate,lexical_prefilter_rejected,,lexical_prefilter_rejected,skipped,skipped,,not_attempted,,,,,,,False,False,,False,False,True,fallback_top_k,jio.com,False,0,False,False,False,0,0,0,0,0,False,,False,False,False,0,0,,,0,False,stage1_low_suspicion,False
59,exodusbrk.com,https://exodusbrk.com,urls.xlsx,lexical_gate,lexical_prefilter_rejected,,lexical_prefilter_rejected,skipped,skipped,,not_attempted,,,,,,,False,False,,False,False,True,fallback_top_k,netbanking.hdfcbank.com,False,0,False,False,False,0,0,0,0,0,False,,False,False,False,0,0,,,0,False,stage1_low_suspicion,False
60,alyxara.com,https://alyxara.com,urls.xlsx,lexical_gate,lexical_prefilter_rejected,,lexical_prefilter_rejected,skipped,skipped,,not_attempted,,,,,,,False,False,,False,False,True,fallback_top_k,onlinecasa.bankofbaroda.com,False,0,False,False,False,0,0,0,0,0,False,,False,False,False,0,0,,,0,False,stage1_low_suspicion,False
61,djgekcf.icu,https://djgekcf.icu,urls.xlsx,lexical_gate,lexical_prefilter_rejected,,lexical_prefilter_rejected,skipped,skipped,,not_attempted,,,,,,,False,False,,False,False,True,fallback_top_k,hdfclife.com,False,0,False,False,False,0,0,0,0,0,False,,False,False,False,0,0,,,0,False,stage1_low_suspicion,False
62,dikagegrid.click,https://dikagegrid.click,urls.xlsx,lexical_gate,lexical_prefilter_rejected,,lexical_prefilter_rejected,skipped,skipped,,not_attempted,,,,,,,False,False,,False,False,True,fallback_top_k,sbicard.com,False,0,False,False,False,0,0,0,0,0,False,,False,False,False,0,0,,,0,False,stage1_low_suspicion,False
63,anxunh.top,https://anxunh.top,urls.xlsx,lexical_gate,generic_token_only_lexical_rejected,,generic_token_only_lexical_rejected,skipped,skipped,,not_attempted,,,,,,,False,False,,False,False,True,fallback_top_k|generic_token_only,airtelpayments.bank.in,True,0,False,False,False,0,0,0,0,0,False,,False,False,False,0,0,,,0,False,stage1_low_suspicion,False
64,eatalymarket.shop,https://eatalymarket.shop,urls.xlsx,lexical_gate,lexical_prefilter_rejected,,lexical_prefilter_rejected,skipped,skipped,,not_attempted,,,,,,,False,False,,False,False,True,fallback_top_k,canarahsbclife.com,False,0,False,False,False,0,0,0,0,0,False,,False,False,False,0,0,,,0,False,stage1_low_suspicion,False
65,americanexpress-reward00175.ink,https://americanexpress-reward00175.ink,urls.xlsx,lexical_gate,lexical_prefilter_rejected,,lexical_prefilter_rejected,skipped,skipped,,not_attempted,,,,,,,False,False,,False,False,True,fallback_top_k,airindiaexpress.com,False,0,False,False,False,0,0,0,0,0,False,,False,False,False,0,0,,,0,False,stage1_low_suspicion,False
66,pack101.org,https://pack101.org,urls.xlsx,lexical_gate,generic_token_only_lexical_rejected,,generic_token_only_lexical_rejected,skipped,skipped,,not_attempted,,,,,,,False,False,,False,False,True,fallback_top_k|generic_token_only,airtelpayments.bank.in,True,0,False,False,False,0,0,0,0,0,False,,False,False,False,0,0,,,0,False,stage1_low_suspicion,False
67,discretion.shop,https://discretion.shop,urls.xlsx,lexical_gate,lexical_prefilter_rejected,,lexical_prefilter_rejected,skipped,skipped,,not_attempted,,,,,,,False,False,,False,False,True,fallback_top_k,coalindiatenders.nic.in,False,0,False,False,False,0,0,0,0,0,False,,False,False,False,0,0,,,0,False,stage1_low_suspicion,False
68,thirdshelterpress.com,https://thirdshelterpress.com,urls.xlsx,lexical_gate,lexical_prefilter_rejected,,lexical_prefilter_rejected,skipped,skipped,,not_attempted,,,,,,,False,False,,False,False,True,fallback_top_k,airindiaexpress.com,False,0,False,False,False,0,0,0,0,0,False,,False,False,False,0,0,,,0,False,stage1_low_suspicion,False
69,ank2014.biz,https://ank2014.biz,urls.xlsx,lexical_gate,generic_token_only_lexical_rejected,,generic_token_only_lexical_rejected,skipped,skipped,,not_attempted,,,,,,,False,False,,False,False,True,fallback_top_k|generic_token_only,airtelpayments.bank.in,True,0,False,False,False,0,0,0,0,0,False,,False,False,False,0,0,,,0,False,stage1_low_suspicion,False
70,hollandgroupandassociates.com,https://hollandgroupandassociates.com,urls.xlsx,lexical_gate,lexical_prefilter_rejected,,lexical_prefilter_rejected,skipped,skipped,,not_attempted,,,,,,,False,False,,False,False,True,fallback_top_k,homeloans.sbi,False,0,False,False,False,0,0,0,0,0,False,,False,False,False,0,0,,,0,False,stage1_low_suspicion,False
71,thinkproguard.com,https://thinkproguard.com,urls.xlsx,lexical_gate,lexical_prefilter_rejected,,lexical_prefilter_rejected,skipped,skipped,,not_attempted,,,,,,,False,False,,False,False,True,fallback_top_k,jio.com,False,0,False,False,False,0,0,0,0,0,False,,False,False,False,0,0,,,0,False,stage1_low_suspicion,False
72,hysefo.com,https://hysefo.com,urls.xlsx,lexical_gate,lexical_prefilter_rejected,,lexical_prefilter_rejected,skipped,skipped,,not_attempted,,,,,,,False,False,,False,False,True,fallback_top_k,hdfc.com,False,0,False,False,False,0,0,0,0,0,False,,False,False,False,0,0,,,0,False,stage1_low_suspicion,False
73,8740i4ji8ki.shop,https://8740i4ji8ki.shop,urls.xlsx,lexical_gate,lexical_prefilter_rejected,,lexical_prefilter_rejected,skipped,skipped,,not_attempted,,,,,,,False,False,,False,False,True,fallback_top_k,rbi.org.in,False,0,False,False,False,0,0,0,0,0,False,,False,False,False,0,0,,,0,False,stage1_low_suspicion,False
74,netsafe.ovh,https://netsafe.ovh,urls.xlsx,lexical_gate,lexical_prefilter_rejected,,lexical_prefilter_rejected,skipped,skipped,,not_attempted,,,,,,,False,False,,False,False,True,fallback_top_k,bsestarmf.in,False,0,False,False,False,0,0,0,0,0,False,,False,False,False,0,0,,,0,False,stage1_low_suspicion,False
75,optimacapitalvc.com,https://optimacapitalvc.com,urls.xlsx,lexical_gate,lexical_prefilter_rejected,,lexical_prefilter_rejected,skipped,skipped,,not_attempted,,,,,,,False,False,,False,False,True,fallback_top_k,nic.gov.in,False,0,False,False,False,0,0,0,0,0,False,,False,False,False,0,0,,,0,False,stage1_low_suspicion,False
76,zrsanalyst.com,https://zrsanalyst.com,urls.xlsx,lexical_gate,lexical_prefilter_rejected,,lexical_prefilter_rejected,skipped,skipped,,not_attempted,,,,,,,False,False,,False,False,True,fallback_top_k,bsnl.co.in,False,0,False,False,False,0,0,0,0,0,False,,False,False,False,0,0,,,0,False,stage1_low_suspicion,False
77,root-ro.info,https://root-ro.info,urls.xlsx,lexical_gate,lexical_prefilter_rejected,,lexical_prefilter_rejected,skipped,skipped,,not_attempted,,,,,,,False,False,,False,False,True,fallback_top_k,crsorgi.gov.in,False,0,False,False,False,0,0,0,0,0,False,,False,False,False,0,0,,,0,False,stage1_low_suspicion,False
78,syxtherocrex.world,https://syxtherocrex.world,urls.xlsx,lexical_gate,lexical_prefilter_rejected,,lexical_prefilter_rejected,skipped,skipped,,not_attempted,,,,,,,False,False,,False,False,True,fallback_top_k,hdfc.com,False,0,False,False,False,0,0,0,0,0,False,,False,False,False,0,0,,,0,False,stage1_low_suspicion,False
79,snowtime.shop,https://snowtime.shop,urls.xlsx,lexical_gate,lexical_prefilter_rejected,,lexical_prefilter_rejected,skipped,skipped,,not_attempted,,,,,,,False,False,,False,False,True,fallback_top_k,camsonline.com,False,0,False,False,False,0,0,0,0,0,False,,False,False,False,0,0,,,0,False,stage1_low_suspicion,False
80,allnaturalherbalmedicines.com,https://allnaturalherbalmedicines.com,urls.xlsx,lexical_gate,lexical_prefilter_rejected,,lexical_prefilter_rejected,skipped,skipped,,not_attempted,,,,,,,False,False,,False,False,True,fallback_top_k,canararobeco.com,False,0,False,False,False,0,0,0,0,0,False,,False,False,False,0,0,,,0,False,stage1_low_suspicion,False
81,e7v7c6y.com,https://e7v7c6y.com,urls.xlsx,lexical_gate,lexical_prefilter_rejected,,lexical_prefilter_rejected,skipped,skipped,,not_attempted,,,,,,,False,False,,False,False,True,fallback_top_k,vssc.gov.in,False,0,False,False,False,0,0,0,0,0,False,,False,False,False,0,0,,,0,False,stage1_low_suspicion,False
82,beatyourbuddies.online,https://beatyourbuddies.online,urls.xlsx,lexical_gate,lexical_prefilter_rejected,,lexical_prefilter_rejected,skipped,skipped,,not_attempted,,,,,,,False,False,,False,False,True,fallback_top_k,sbisecurities.in,False,0,False,False,False,0,0,0,0,0,False,,False,False,False,0,0,,,0,False,stage1_low_suspicion,False
83,ub-futas.hu,https://ub-futas.hu,urls.xlsx,lexical_gate,lexical_prefilter_rejected,,lexical_prefilter_rejected,skipped,skipped,,not_attempted,,,,,,,False,False,,False,False,True,fallback_top_k,bsestarmf.in,False,0,False,False,False,0,0,0,0,0,False,,False,False,False,0,0,,,0,False,stage1_low_suspicion,False
84,aithink.world,https://aithink.world,urls.xlsx,lexical_gate,lexical_prefilter_rejected,,lexical_prefilter_rejected,skipped,skipped,,not_attempted,,,,,,,False,False,,False,False,True,fallback_top_k,aiims.edu,False,0,False,False,False,0,0,0,0,0,False,,False,False,False,0,0,,,0,False,stage1_low_suspicion,False
85,swiftdrops.store,https://swiftdrops.store,urls.xlsx,lexical_gate,lexical_prefilter_rejected,,lexical_prefilter_rejected,skipped,skipped,,not_attempted,,,,,,,False,False,,False,False,True,fallback_top_k,sbimf.com,False,0,False,False,False,0,0,0,0,0,False,,False,False,False,0,0,,,0,False,stage1_low_suspicion,False
86,charmenowho.shop,https://charmenowho.shop,urls.xlsx,lexical_gate,lexical_prefilter_rejected,,lexical_prefilter_rejected,skipped,skipped,,not_attempted,,,,,,,False,False,,False,False,True,fallback_top_k,camsonline.com,False,0,False,False,False,0,0,0,0,0,False,,False,False,False,0,0,,,0,False,stage1_low_suspicion,False
87,tonerrefillstoreho.shop,https://tonerrefillstoreho.shop,urls.xlsx,lexical_gate,lexical_prefilter_rejected,,lexical_prefilter_rejected,skipped,skipped,,not_attempted,,,,,,,False,False,,False,False,True,fallback_top_k,corp.onlinesbi.sbi,False,0,False,False,False,0,0,0,0,0,False,,False,False,False,0,0,,,0,False,stage1_low_suspicion,False
88,bexarcasino.space,https://bexarcasino.space,urls.xlsx,lexical_gate,lexical_prefilter_rejected,,lexical_prefilter_rejected,skipped,skipped,,not_attempted,,,,,,,False,False,,False,False,True,fallback_top_k,eci.gov.in,False,0,False,False,False,0,0,0,0,0,False,,False,False,False,0,0,,,0,False,stage1_low_suspicion,False
89,piezosistem.com,https://piezosistem.com,urls.xlsx,lexical_gate,lexical_prefilter_rejected,,lexical_prefilter_rejected,skipped,skipped,,not_attempted,,,,,,,False,False,,False,False,True,fallback_top_k,sbisecurities.in,False,0,False,False,False,0,0,0,0,0,False,,False,False,False,0,0,,,0,False,stage1_low_suspicion,False
90,scarpe-it.ru,https://scarpe-it.ru,urls.xlsx,lexical_gate,lexical_prefilter_rejected,,lexical_prefilter_rejected,skipped,skipped,,not_attempted,,,,,,,False,False,,False,False,True,fallback_top_k,sbicard.com,False,0,False,False,False,0,0,0,0,0,False,,False,False,False,0,0,,,0,False,stage1_low_suspicion,False
91,eeeey.cc,https://eeeey.cc,urls.xlsx,lexical_gate,lexical_prefilter_rejected,,lexical_prefilter_rejected,skipped,skipped,,not_attempted,,,,,,,False,False,,False,False,True,fallback_top_k,eci.gov.in,False,0,False,False,False,0,0,0,0,0,False,,False,False,False,0,0,,,0,False,stage1_low_suspicion,False
92,learningonly.store,https://learningonly.store,urls.xlsx,lexical_gate,lexical_prefilter_rejected,,lexical_prefilter_rejected,skipped,skipped,,not_attempted,,,,,,,False,False,,False,False,True,fallback_top_k,airtel.in,False,0,False,False,False,0,0,0,0,0,False,,False,False,False,0,0,,,0,False,stage1_low_suspicion,False
93,tutera.ru,https://tutera.ru,urls.xlsx,lexical_gate,lexical_prefilter_rejected,,lexical_prefilter_rejected,skipped,skipped,,not_attempted,,,,,,,False,False,,False,False,True,fallback_top_k,uidai.gov.in,False,0,False,False,False,0,0,0,0,0,False,,False,False,False,0,0,,,0,False,stage1_low_suspicion,False
94,shelbyserves.com,https://shelbyserves.com,urls.xlsx,lexical_gate,lexical_prefilter_rejected,,lexical_prefilter_rejected,skipped,skipped,,not_attempted,,,,,,,False,False,,False,False,True,fallback_top_k,sbisecurities.in,False,0,False,False,False,0,0,0,0,0,False,,False,False,False,0,0,,,0,False,stage1_low_suspicion,False
95,gothamfinn.co,https://gothamfinn.co,urls.xlsx,lexical_gate,lexical_prefilter_rejected,,lexical_prefilter_rejected,skipped,skipped,,not_attempted,,,,,,,False,False,,False,False,True,fallback_top_k,camsonline.com,False,0,False,False,False,0,0,0,0,0,False,,False,False,False,0,0,,,0,False,stage1_low_suspicion,False
96,penn-hpp.com,https://penn-hpp.com,urls.xlsx,lexical_gate,lexical_prefilter_rejected,,lexical_prefilter_rejected,skipped,skipped,,not_attempted,,,,,,,False,False,,False,False,True,fallback_top_k,netpnb.com,False,0,False,False,False,0,0,0,0,0,False,,False,False,False,0,0,,,0,False,stage1_low_suspicion,False
97,uk-travel.ru,https://uk-travel.ru,urls.xlsx,lexical_gate,lexical_prefilter_rejected,,lexical_prefilter_rejected,skipped,skipped,,not_attempted,,,,,,,False,False,,False,False,True,fallback_top_k,airtel.in,False,0,False,False,False,0,0,0,0,0,False,,False,False,False,0,0,,,0,False,stage1_low_suspicion,False
98,slexironphdrexox.world,https://slexironphdrexox.world,urls.xlsx,lexical_gate,lexical_prefilter_rejected,,lexical_prefilter_rejected,skipped,skipped,,not_attempted,,,,,,,False,False,,False,False,True,fallback_top_k,bseindia.com,False,0,False,False,False,0,0,0,0,0,False,,False,False,False,0,0,,,0,False,stage1_low_suspicion,False
99,ivqojlz1513.top,https://ivqojlz1513.top,urls.xlsx,lexical_gate,lexical_prefilter_rejected,,lexical_prefilter_rejected,skipped,skipped,,not_attempted,,,,,,,False,False,,False,False,True,fallback_top_k,iocl.com,False,0,False,False,False,0,0,0,0,0,False,,False,False,False,0,0,,,0,False,stage1_low_suspicion,False
100,vertexapexgroupoptimalprocess.blog,https://vertexapexgroupoptimalprocess.blog,urls.xlsx,lexical_gate,lexical_prefilter_rejected,,lexical_prefilter_rejected,skipped,skipped,,not_attempted,,,,,,,False,False,,False,False,True,fallback_top_k,irctctourism.com,False,0,False,False,False,0,0,0,0,0,False,,False,False,False,0,0,,,0,False,stage1_low_suspicion,False
101,navaitour.online,https://navaitour.online,urls.xlsx,lexical_gate,lexical_prefilter_rejected,,lexical_prefilter_rejected,skipped,skipped,,not_attempted,,,,,,,False,False,,False,False,True,fallback_top_k,irctctourism.com,False,0,False,False,False,0,0,0,0,0,False,,False,False,False,0,0,,,0,False,stage1_low_suspicion,False
102,doggiemax.com,https://doggiemax.com,urls.xlsx,lexical_gate,lexical_prefilter_rejected,,lexical_prefilter_rejected,skipped,skipped,,not_attempted,,,,,,,False,False,,False,False,True,fallback_top_k,axismaxlife.com,False,0,False,False,False,0,0,0,0,0,False,,False,False,False,0,0,,,0,False,stage1_low_suspicion,False
103,intelectusai.com,https://intelectusai.com,urls.xlsx,lexical_gate,lexical_prefilter_rejected,,lexical_prefilter_rejected,skipped,skipped,,not_attempted,,,,,,,False,False,,False,False,True,fallback_top_k,kfintech.com,False,0,False,False,False,0,0,0,0,0,False,,False,False,False,0,0,,,0,False,stage1_low_suspicion,False
104,perchproject.org,https://perchproject.org,urls.xlsx,lexical_gate,lexical_prefilter_rejected,,lexical_prefilter_rejected,skipped,skipped,,not_attempted,,,,,,,False,False,,False,False,True,fallback_top_k,canararobeco.com,False,0,False,False,False,0,0,0,0,0,False,,False,False,False,0,0,,,0,False,stage1_low_suspicion,False
105,5ggnp.buzz,https://5ggnp.buzz,urls.xlsx,lexical_gate,lexical_prefilter_rejected,,lexical_prefilter_rejected,skipped,skipped,,not_attempted,,,,,,,False,False,,False,False,True,fallback_top_k,bsnl.co.in,False,0,False,False,False,0,0,0,0,0,False,,False,False,False,0,0,,,0,False,stage1_low_suspicion,False
106,777gvipclub.com,https://777gvipclub.com,urls.xlsx,lexical_gate,lexical_prefilter_rejected,,lexical_prefilter_rejected,skipped,skipped,,not_attempted,,,,,,,False,False,,False,False,True,fallback_top_k,accounts.mgovcloud.in,False,0,False,False,False,0,0,0,0,0,False,,False,False,False,0,0,,,0,False,stage1_low_suspicion,False
107,thepatoolkit.com,https://thepatoolkit.com,urls.xlsx,lexical_gate,lexical_prefilter_rejected,,lexical_prefilter_rejected,skipped,skipped,,not_attempted,,,,,,,False,False,,False,False,True,fallback_top_k,nha.gov.in,False,0,False,False,False,0,0,0,0,0,False,,False,False,False,0,0,,,0,False,stage1_low_suspicion,False
108,zentozavoveltopentolaxinilo.click,https://zentozavoveltopentolaxinilo.click,urls.xlsx,lexical_gate,lexical_prefilter_rejected,,lexical_prefilter_rejected,skipped,skipped,,not_attempted,,,,,,,False,False,,False,False,True,fallback_top_k,netpnb.com,False,0,False,False,False,0,0,0,0,0,False,,False,False,False,0,0,,,0,False,stage1_low_suspicion,False
109,hixemuzydo.pro,https://hixemuzydo.pro,urls.xlsx,lexical_gate,lexical_prefilter_rejected,,lexical_prefilter_rejected,skipped,skipped,,not_attempted,,,,,,,False,False,,False,False,True,fallback_top_k,incometaxindia.gov.in,False,0,False,False,False,0,0,0,0,0,False,,False,False,False,0,0,,,0,False,stage1_low_suspicion,False
110,logrenuunics.com,https://logrenuunics.com,urls.xlsx,lexical_gate,lexical_prefilter_rejected,,lexical_prefilter_rejected,skipped,skipped,,not_attempted,,,,,,,False,False,,False,False,True,fallback_top_k,corp.onlinesbi.sbi,False,0,False,False,False,0,0,0,0,0,False,,False,False,False,0,0,,,0,False,stage1_low_suspicion,False
111,aifinance.global,https://aifinance.global,urls.xlsx,lexical_gate,lexical_prefilter_rejected,,lexical_prefilter_rejected,skipped,skipped,,not_attempted,,,,,,,False,False,,False,False,True,fallback_top_k,airindiaexpress.com,False,0,False,False,False,0,0,0,0,0,False,,False,False,False,0,0,,,0,False,stage1_low_suspicion,False
112,jskbalaghat.org,https://jskbalaghat.org,urls.xlsx,lexical_gate,lexical_prefilter_rejected,,lexical_prefilter_rejected,skipped,skipped,,not_attempted,,,,,,,False,False,,False,False,True,fallback_top_k,sbi.co.in,False,0,False,False,False,0,0,0,0,0,False,,False,False,False,0,0,,,0,False,stage1_low_suspicion,False
118,192.168.1,https://192.168.1,urls.xlsx,lexical_gate,generic_token_only_lexical_rejected,,generic_token_only_lexical_rejected,skipped,skipped,,not_attempted,,,,,,,False,False,,False,False,True,fallback_top_k|generic_token_only,cloud.gov.in,True,0,False,False,False,0,0,0,0,0,False,,False,False,False,0,0,,,0,False,stage1_low_suspicion,False
119,reward-expiry.com,https://reward-expiry.com,urls.xlsx,lexical_gate,lexical_prefilter_rejected,,lexical_prefilter_rejected,skipped,skipped,,not_attempted,,,,,,,False,False,,False,False,True,fallback_top_k,airindiaexpress.com,False,0,False,False,False,0,0,0,0,0,False,,False,False,False,0,0,,,0,False,stage1_low_suspicion,False
121,verify-kyc.com,https://verify-kyc.com,urls.xlsx,lexical_gate,lexical_prefilter_rejected,,lexical_prefilter_rejected,skipped,skipped,,not_attempted,,,,,,,False,False,,False,False,True,fallback_top_k,eci.gov.in,False,0,False,False,False,0,0,0,0,0,False,,False,False,False,0,0,,,0,False,stage1_low_suspicion,False
122,icic-bank.com,https://icic-bank.com,urls.xlsx,lexical_gate,generic_token_only_lexical_rejected,,generic_token_only_lexical_rejected,skipped,skipped,,not_attempted,,,,,,,False,False,,False,False,True,fallback_top_k|generic_token_only,icici.bank.in,True,0,False,False,False,0,0,0,0,0,False,,False,False,False,0,0,,,0,False,stage1_low_suspicion,False
124,secure-login.com,https://secure-login.com,urls.xlsx,lexical_gate,lexical_prefilter_rejected,,lexical_prefilter_rejected,skipped,skipped,,not_attempted,,,,,,,False,False,,False,False,True,fallback_top_k,crsorgi.gov.in,False,0,False,False,False,0,0,0,0,0,False,,False,False,False,0,0,,,0,False,stage1_low_suspicion,False
125,bit.ly,https://bit.ly,urls.xlsx,lexical_gate,lexical_prefilter_rejected,,lexical_prefilter_rejected,skipped,skipped,,not_attempted,,,,,,,False,False,,False,False,True,fallback_top_k,sbimf.com,False,0,False,False,False,0,0,0,0,0,False,,False,False,False,0,0,,,0,False,stage1_low_suspicion,False
126,accountauthenticate.com,https://accountauthenticate.com,urls.xlsx,lexical_gate,lexical_prefilter_rejected,,lexical_prefilter_rejected,skipped,skipped,,not_attempted,,,,,,,False,False,,False,False,True,fallback_top_k,incometaxindia.gov.in,False,0,False,False,False,0,0,0,0,0,False,,False,False,False,0,0,,,0,False,stage1_low_suspicion,False
128,cppcccare.com,https://cppcccare.com,urls.xlsx,lexical_gate,lexical_prefilter_rejected,,lexical_prefilter_rejected,skipped,skipped,,not_attempted,,,,,,,False,False,,False,False,True,fallback_top_k,contents.tdscpc.gov.in,False,0,False,False,False,0,0,0,0,0,False,,False,False,False,0,0,,,0,False,stage1_low_suspicion,False
132,pnblndia-app.in,https://pnblndia-app.in,urls.xlsx,lexical_gate,lexical_prefilter_rejected,,lexical_prefilter_rejected,skipped,skipped,,not_attempted,,,,,,,False,False,,False,False,True,fallback_top_k,pnbindia.in,False,0,False,False,False,0,0,0,0,0,False,,False,False,False,0,0,,,0,False,stage1_low_suspicion,False
134,pnblndia.bank.in,https://pnblndia.bank.in,urls.xlsx,lexical_gate,generic_token_only_lexical_rejected,,generic_token_only_lexical_rejected,skipped,skipped,,not_attempted,,,,,,,False,False,,False,False,True,fallback_top_k|generic_token_only,airtelpayments.bank.in,True,0,False,False,False,0,0,0,0,0,False,,False,False,False,0,0,,,0,False,stage1_low_suspicion,False
135,secure-kyc.com,https://secure-kyc.com,urls.xlsx,lexical_gate,lexical_prefilter_rejected,,lexical_prefilter_rejected,skipped,skipped,,not_attempted,,,,,,,False,False,,False,False,True,fallback_top_k,sbisecurities.in,False,0,False,False,False,0,0,0,0,0,False,,False,False,False,0,0,,,0,False,stage1_low_suspicion,False
136,update-account.online,https://update-account.online,urls.xlsx,lexical_gate,lexical_prefilter_rejected,,lexical_prefilter_rejected,skipped,skipped,,not_attempted,,,,,,,False,False,,False,False,True,fallback_top_k,contents.tdscpc.gov.in,False,0,False,False,False,0,0,0,0,0,False,,False,False,False,0,0,,,0,False,stage1_low_suspicion,False
138,verify-account.net,https://verify-account.net,urls.xlsx,lexical_gate,lexical_prefilter_rejected,,lexical_prefilter_rejected,skipped,skipped,,not_attempted,,,,,,,False,False,,False,False,True,fallback_top_k,eci.gov.in,False,0,False,False,False,0,0,0,0,0,False,,False,False,False,0,0,,,0,False,stage1_low_suspicion,False
139,dq67r.top,https://dq67r.top,urls.xlsx,lexical_gate,lexical_prefilter_rejected,,lexical_prefilter_rejected,skipped,skipped,,not_attempted,,,,,,,False,False,,False,False,True,fallback_top_k,bsestarmf.in,False,0,False,False,False,0,0,0,0,0,False,,False,False,False,0,0,,,0,False,stage1_low_suspicion,False
140,annarbormarket.com,https://annarbormarket.com,urls.xlsx,lexical_gate,lexical_prefilter_rejected,,lexical_prefilter_rejected,skipped,skipped,,not_attempted,,,,,,,False,False,,False,False,True,fallback_top_k,canararobeco.com,False,0,False,False,False,0,0,0,0,0,False,,False,False,False,0,0,,,0,False,stage1_low_suspicion,False
141,manto90.store,https://manto90.store,urls.xlsx,lexical_gate,lexical_prefilter_rejected,,lexical_prefilter_rejected,skipped,skipped,,not_attempted,,,,,,,False,False,,False,False,True,fallback_top_k,onlinecasa.bankofbaroda.com,False,0,False,False,False,0,0,0,0,0,False,,False,False,False,0,0,,,0,False,stage1_low_suspicion,False
142,chargemoment.com,https://chargemoment.com,urls.xlsx,lexical_gate,lexical_prefilter_rejected,,lexical_prefilter_rejected,skipped,skipped,,not_attempted,,,,,,,False,False,,False,False,True,fallback_top_k,homeloans.sbi,False,0,False,False,False,0,0,0,0,0,False,,False,False,False,0,0,,,0,False,stage1_low_suspicion,False
143,allsetfacilitygroup.com,https://allsetfacilitygroup.com,urls.xlsx,lexical_gate,lexical_prefilter_rejected,,lexical_prefilter_rejected,skipped,skipped,,not_attempted,,,,,,,False,False,,False,False,True,fallback_top_k,eci.gov.in,False,0,False,False,False,0,0,0,0,0,False,,False,False,False,0,0,,,0,False,stage1_low_suspicion,False
144,fjudoeuskadi.eus,https://fjudoeuskadi.eus,urls.xlsx,lexical_gate,lexical_prefilter_rejected,,lexical_prefilter_rejected,skipped,skipped,,not_attempted,,,,,,,False,False,,False,False,True,fallback_top_k,jio.com,False,0,False,False,False,0,0,0,0,0,False,,False,False,False,0,0,,,0,False,stage1_low_suspicion,False
145,786786786786.com,https://786786786786.com,urls.xlsx,lexical_gate,lexical_prefilter_rejected,,lexical_prefilter_rejected,skipped,skipped,,not_attempted,,,,,,,False,False,,False,False,True,fallback_top_k,netpnb.com,False,0,False,False,False,0,0,0,0,0,False,,False,False,False,0,0,,,0,False,stage1_low_suspicion,False
146,nevermindmedia.ch,https://nevermindmedia.ch,urls.xlsx,lexical_gate,lexical_prefilter_rejected,,lexical_prefilter_rejected,skipped,skipped,,not_attempted,,,,,,,False,False,,False,False,True,fallback_top_k,pnbindia.in,False,0,False,False,False,0,0,0,0,0,False,,False,False,False,0,0,,,0,False,stage1_low_suspicion,False
147,519zx.top,https://519zx.top,urls.xlsx,lexical_gate,lexical_prefilter_rejected,,lexical_prefilter_rejected,skipped,skipped,,not_attempted,,,,,,,False,False,,False,False,True,fallback_top_k,sbilife.co.in,False,0,False,False,False,0,0,0,0,0,False,,False,False,False,0,0,,,0,False,stage1_low_suspicion,False
148,71042.vip,https://71042.vip,urls.xlsx,lexical_gate,generic_token_only_lexical_rejected,,generic_token_only_lexical_rejected,skipped,skipped,,not_attempted,,,,,,,False,False,,False,False,True,fallback_top_k|generic_token_only,cloud.gov.in,True,0,False,False,False,0,0,0,0,0,False,,False,False,False,0,0,,,0,False,stage1_low_suspicion,False
149,n6k6jqg8.top,https://n6k6jqg8.top,urls.xlsx,lexical_gate,generic_token_only_lexical_rejected,,generic_token_only_lexical_rejected,skipped,skipped,,not_attempted,,,,,,,False,False,,False,False,True,fallback_top_k|generic_token_only,airtelpayments.bank.in,True,0,False,False,False,0,0,0,0,0,False,,False,False,False,0,0,,,0,False,stage1_low_suspicion,False
150,essentialcleaningservicesusa.com,https://essentialcleaningservicesusa.com,urls.xlsx,lexical_gate,lexical_prefilter_rejected,,lexical_prefilter_rejected,skipped,skipped,,not_attempted,,,,,,,False,False,,False,False,True,fallback_top_k,nic.gov.in,False,0,False,False,False,0,0,0,0,0,False,,False,False,False,0,0,,,0,False,stage1_low_suspicion,False
151,soyprotagonistafinanciero.com,https://soyprotagonistafinanciero.com,urls.xlsx,lexical_gate,lexical_prefilter_rejected,,lexical_prefilter_rejected,skipped,skipped,,not_attempted,,,,,,,False,False,,False,False,True,fallback_top_k,parivahan.gov.in,False,0,False,False,False,0,0,0,0,0,False,,False,False,False,0,0,,,0,False,stage1_low_suspicion,False
152,rush-bodyplan.homes,https://rush-bodyplan.homes,urls.xlsx,lexical_gate,lexical_prefilter_rejected,,lexical_prefilter_rejected,skipped,skipped,,not_attempted,,,,,,,False,False,,False,False,True,fallback_top_k,rbi.org.in,False,0,False,False,False,0,0,0,0,0,False,,False,False,False,0,0,,,0,False,stage1_low_suspicion,False
153,fxsnowcool.com,https://fxsnowcool.com,urls.xlsx,lexical_gate,lexical_prefilter_rejected,,lexical_prefilter_rejected,skipped,skipped,,not_attempted,,,,,,,False,False,,False,False,True,fallback_top_k,nic.gov.in,False,0,False,False,False,0,0,0,0,0,False,,False,False,False,0,0,,,0,False,stage1_low_suspicion,False
154,94498.qpon,https://94498.qpon,urls.xlsx,lexical_gate,lexical_prefilter_rejected,,lexical_prefilter_rejected,skipped,skipped,,not_attempted,,,,,,,False,False,,False,False,True,fallback_top_k,netpnb.com,False,0,False,False,False,0,0,0,0,0,False,,False,False,False,0,0,,,0,False,stage1_low_suspicion,False
155,enerzyph.com,https://enerzyph.com,urls.xlsx,lexical_gate,lexical_prefilter_rejected,,lexical_prefilter_rejected,skipped,skipped,,not_attempted,,,,,,,False,False,,False,False,True,fallback_top_k,kfintech.com,False,0,False,False,False,0,0,0,0,0,False,,False,False,False,0,0,,,0,False,stage1_low_suspicion,False
156,joel-angelina-wedding.com,https://joel-angelina-wedding.com,urls.xlsx,lexical_gate,lexical_prefilter_rejected,,lexical_prefilter_rejected,skipped,skipped,,not_attempted,,,,,,,False,False,,False,False,True,fallback_top_k,jio.com,False,0,False,False,False,0,0,0,0,0,False,,False,False,False,0,0,,,0,False,stage1_low_suspicion,False
157,ofertaa643842315.sbs,https://ofertaa643842315.sbs,urls.xlsx,lexical_gate,lexical_prefilter_rejected,,lexical_prefilter_rejected,skipped,skipped,,not_attempted,,,,,,,False,False,,False,False,True,fallback_top_k,coalindiatenders.nic.in,False,0,False,False,False,0,0,0,0,0,False,,False,False,False,0,0,,,0,False,stage1_low_suspicion,False
158,inesceramica.pt,https://inesceramica.pt,urls.xlsx,lexical_gate,lexical_prefilter_rejected,,lexical_prefilter_rejected,skipped,skipped,,not_attempted,,,,,,,False,False,,False,False,True,fallback_top_k,canarahsbclife.com,False,0,False,False,False,0,0,0,0,0,False,,False,False,False,0,0,,,0,False,stage1_low_suspicion,False
159,tayceculture.com,https://tayceculture.com,urls.xlsx,lexical_gate,lexical_prefilter_rejected,,lexical_prefilter_rejected,skipped,skipped,,not_attempted,,,,,,,False,False,,False,False,True,fallback_top_k,iciciprulife.com,False,0,False,False,False,0,0,0,0,0,False,,False,False,False,0,0,,,0,False,stage1_low_suspicion,False
160,ybiscom.fr,https://ybiscom.fr,urls.xlsx,lexical_gate,lexical_prefilter_rejected,,lexical_prefilter_rejected,skipped,skipped,,not_attempted,,,,,,,False,False,,False,False,True,fallback_top_k,nic.gov.in,False,0,False,False,False,0,0,0,0,0,False,,False,False,False,0,0,,,0,False,stage1_low_suspicion,False
161,digifant.network,https://digifant.network,urls.xlsx,lexical_gate,lexical_prefilter_rejected,,lexical_prefilter_rejected,skipped,skipped,,not_attempted,,,,,,,False,False,,False,False,True,fallback_top_k,netbanking.hdfcbank.com,False,0,False,False,False,0,0,0,0,0,False,,False,False,False,0,0,,,0,False,stage1_low_suspicion,False
162,brandmappr.com,https://brandmappr.com,urls.xlsx,lexical_gate,lexical_prefilter_rejected,,lexical_prefilter_rejected,skipped,skipped,,not_attempted,,,,,,,False,False,,False,False,True,fallback_top_k,abdm.gov.in,False,0,False,False,False,0,0,0,0,0,False,,False,False,False,0,0,,,0,False,stage1_low_suspicion,False
163,tredmind.com,https://tredmind.com,urls.xlsx,lexical_gate,lexical_prefilter_rejected,,lexical_prefilter_rejected,skipped,skipped,,not_attempted,,,,,,,False,False,,False,False,True,fallback_top_k,eci.gov.in,False,0,False,False,False,0,0,0,0,0,False,,False,False,False,0,0,,,0,False,stage1_low_suspicion,False
164,carelessvibe.com,https://carelessvibe.com,urls.xlsx,lexical_gate,lexical_prefilter_rejected,,lexical_prefilter_rejected,skipped,skipped,,not_attempted,,,,,,,False,False,,False,False,True,fallback_top_k,airtel.in,False,0,False,False,False,0,0,0,0,0,False,,False,False,False,0,0,,,0,False,stage1_low_suspicion,False
165,vipslot.casino,https://vipslot.casino,urls.xlsx,lexical_gate,lexical_prefilter_rejected,,lexical_prefilter_rejected,skipped,skipped,,not_attempted,,,,,,,False,False,,False,False,True,fallback_top_k,bsnl.co.in,False,0,False,False,False,0,0,0,0,0,False,,False,False,False,0,0,,,0,False,stage1_low_suspicion,False
166,itplayegypt.win,https://itplayegypt.win,urls.xlsx,lexical_gate,lexical_prefilter_rejected,,lexical_prefilter_rejected,skipped,skipped,,not_attempted,,,,,,,False,False,,False,False,True,fallback_top_k,airtel.in,False,0,False,False,False,0,0,0,0,0,False,,False,False,False,0,0,,,0,False,stage1_low_suspicion,False
167,mediavision.store,https://mediavision.store,urls.xlsx,lexical_gate,lexical_prefilter_rejected,,lexical_prefilter_rejected,skipped,skipped,,not_attempted,,,,,,,False,False,,False,False,True,fallback_top_k,aiims.edu,False,0,False,False,False,0,0,0,0,0,False,,False,False,False,0,0,,,0,False,stage1_low_suspicion,False
168,8eight.com.tw,https://8eight.com.tw,urls.xlsx,lexical_gate,lexical_prefilter_rejected,,lexical_prefilter_rejected,skipped,skipped,,not_attempted,,,,,,,False,False,,False,False,True,fallback_top_k,eci.gov.in,False,0,False,False,False,0,0,0,0,0,False,,False,False,False,0,0,,,0,False,stage1_low_suspicion,False
169,permabrows.us,https://permabrows.us,urls.xlsx,lexical_gate,lexical_prefilter_rejected,,lexical_prefilter_rejected,skipped,skipped,,not_attempted,,,,,,,False,False,,False,False,True,fallback_top_k,rbi.org.in,False,0,False,False,False,0,0,0,0,0,False,,False,False,False,0,0,,,0,False,stage1_low_suspicion,False
170,ibramep.com,https://ibramep.com,urls.xlsx,lexical_gate,lexical_prefilter_rejected,,lexical_prefilter_rejected,skipped,skipped,,not_attempted,,,,,,,False,False,,False,False,True,fallback_top_k,rbi.org.in,False,0,False,False,False,0,0,0,0,0,False,,False,False,False,0,0,,,0,False,stage1_low_suspicion,False
171,laoshuanliagou.bond,https://laoshuanliagou.bond,urls.xlsx,lexical_gate,generic_token_only_lexical_rejected,,generic_token_only_lexical_rejected,skipped,skipped,,not_attempted,,,,,,,False,False,,False,False,True,fallback_top_k|generic_token_only,cloud.gov.in,True,0,False,False,False,0,0,0,0,0,False,,False,False,False,0,0,,,0,False,stage1_low_suspicion,False
172,traverseskier.com,https://traverseskier.com,urls.xlsx,lexical_gate,lexical_prefilter_rejected,,lexical_prefilter_rejected,skipped,skipped,,not_attempted,,,,,,,False,False,,False,False,True,fallback_top_k,airtel.in,False,0,False,False,False,0,0,0,0,0,False,,False,False,False,0,0,,,0,False,stage1_low_suspicion,False
173,twentysixer.ru,https://twentysixer.ru,urls.xlsx,lexical_gate,lexical_prefilter_rejected,,lexical_prefilter_rejected,skipped,skipped,,not_attempted,,,,,,,False,False,,False,False,True,fallback_top_k,myvi.in,False,0,False,False,False,0,0,0,0,0,False,,False,False,False,0,0,,,0,False,stage1_low_suspicion,False
174,dynamicdigitalmastery.com,https://dynamicdigitalmastery.com,urls.xlsx,lexical_gate,lexical_prefilter_rejected,,lexical_prefilter_rejected,skipped,skipped,,not_attempted,,,,,,,False,False,,False,False,True,fallback_top_k,nic.gov.in,False,0,False,False,False,0,0,0,0,0,False,,False,False,False,0,0,,,0,False,stage1_low_suspicion,False
175,quadbottles.store,https://quadbottles.store,urls.xlsx,lexical_gate,lexical_prefilter_rejected,,lexical_prefilter_rejected,skipped,skipped,,not_attempted,,,,,,,False,False,,False,False,True,fallback_top_k,coalindiatenders.nic.in,False,0,False,False,False,0,0,0,0,0,False,,False,False,False,0,0,,,0,False,stage1_low_suspicion,False
176,lfsidou.com,https://lfsidou.com,urls.xlsx,lexical_gate,lexical_prefilter_rejected,,lexical_prefilter_rejected,skipped,skipped,,not_attempted,,,,,,,False,False,,False,False,True,fallback_top_k,sbi.co.in,False,0,False,False,False,0,0,0,0,0,False,,False,False,False,0,0,,,0,False,stage1_low_suspicion,False
177,5500betsk.com,https://5500betsk.com,urls.xlsx,lexical_gate,lexical_prefilter_rejected,,lexical_prefilter_rejected,skipped,skipped,,not_attempted,,,,,,,False,False,,False,False,True,fallback_top_k,sbisecurities.in,False,0,False,False,False,0,0,0,0,0,False,,False,False,False,0,0,,,0,False,stage1_low_suspicion,False
178,roisgloballogam.com,https://roisgloballogam.com,urls.xlsx,lexical_gate,lexical_prefilter_rejected,,lexical_prefilter_rejected,skipped,skipped,,not_attempted,,,,,,,False,False,,False,False,True,fallback_top_k,rbi.org.in,False,0,False,False,False,0,0,0,0,0,False,,False,False,False,0,0,,,0,False,stage1_low_suspicion,False
179,cifibiu.pro,https://cifibiu.pro,urls.xlsx,lexical_gate,lexical_prefilter_rejected,,lexical_prefilter_rejected,skipped,skipped,,not_attempted,,,,,,,False,False,,False,False,True,fallback_top_k,sbisecurities.in,False,0,False,False,False,0,0,0,0,0,False,,False,False,False,0,0,,,0,False,stage1_low_suspicion,False
180,abfquoelx.com,https://abfquoelx.com,urls.xlsx,lexical_gate,lexical_prefilter_rejected,,lexical_prefilter_rejected,skipped,skipped,,not_attempted,,,,,,,False,False,,False,False,True,fallback_top_k,airtel.in,False,0,False,False,False,0,0,0,0,0,False,,False,False,False,0,0,,,0,False,stage1_low_suspicion,False
181,wfbmus.org,https://wfbmus.org,urls.xlsx,lexical_gate,lexical_prefilter_rejected,,lexical_prefilter_rejected,skipped,skipped,,not_attempted,,,,,,,False,False,,False,False,True,fallback_top_k,abdm.gov.in,False,0,False,False,False,0,0,0,0,0,False,,False,False,False,0,0,,,0,False,stage1_low_suspicion,False
182,edugig.xyz,https://edugig.xyz,urls.xlsx,lexical_gate,lexical_prefilter_rejected,,lexical_prefilter_rejected,skipped,skipped,,not_attempted,,,,,,,False,False,,False,False,True,fallback_top_k,eci.gov.in,False,0,False,False,False,0,0,0,0,0,False,,False,False,False,0,0,,,0,False,stage1_low_suspicion,False
183,app-mkwangzhi.com,https://app-mkwangzhi.com,urls.xlsx,lexical_gate,lexical_prefilter_rejected,,lexical_prefilter_rejected,skipped,skipped,,not_attempted,,,,,,,False,False,,False,False,True,fallback_top_k,camsonline.com,False,0,False,False,False,0,0,0,0,0,False,,False,False,False,0,0,,,0,False,stage1_low_suspicion,False
184,wantianzf.com,https://wantianzf.com,urls.xlsx,lexical_gate,lexical_prefilter_rejected,,lexical_prefilter_rejected,skipped,skipped,,not_attempted,,,,,,,False,False,,False,False,True,fallback_top_k,nic.gov.in,False,0,False,False,False,0,0,0,0,0,False,,False,False,False,0,0,,,0,False,stage1_low_suspicion,False
185,shaart.com,https://shaart.com,urls.xlsx,lexical_gate,lexical_prefilter_rejected,,lexical_prefilter_rejected,skipped,skipped,,not_attempted,,,,,,,False,False,,False,False,True,fallback_top_k,airtel.in,False,0,False,False,False,0,0,0,0,0,False,,False,False,False,0,0,,,0,False,stage1_low_suspicion,False
186,unqvrhr60.shop,https://unqvrhr60.shop,urls.xlsx,lexical_gate,lexical_prefilter_rejected,,lexical_prefilter_rejected,skipped,skipped,,not_attempted,,,,,,,False,False,,False,False,True,fallback_top_k,canararobeco.com,False,0,False,False,False,0,0,0,0,0,False,,False,False,False,0,0,,,0,False,stage1_low_suspicion,False
187,lesfermesdespoir.fr,https://lesfermesdespoir.fr,urls.xlsx,lexical_gate,lexical_prefilter_rejected,,lexical_prefilter_rejected,skipped,skipped,,not_attempted,,,,,,,False,False,,False,False,True,fallback_top_k,bsestarmf.in,False,0,False,False,False,0,0,0,0,0,False,,False,False,False,0,0,,,0,False,stage1_low_suspicion,False
188,preprod-ucimtbworldseries.com,https://preprod-ucimtbworldseries.com,urls.xlsx,lexical_gate,lexical_prefilter_rejected,,lexical_prefilter_rejected,skipped,skipped,,not_attempted,,,,,,,False,False,,False,False,True,fallback_top_k,eci.gov.in,False,0,False,False,False,0,0,0,0,0,False,,False,False,False,0,0,,,0,False,stage1_low_suspicion,False
189,inwestonauci.pl,https://inwestonauci.pl,urls.xlsx,lexical_gate,lexical_prefilter_rejected,,lexical_prefilter_rejected,skipped,skipped,,not_attempted,,,,,,,False,False,,False,False,True,fallback_top_k,netpnb.com,False,0,False,False,False,0,0,0,0,0,False,,False,False,False,0,0,,,0,False,stage1_low_suspicion,False
190,anptght-jp.com,https://anptght-jp.com,urls.xlsx,lexical_gate,lexical_prefilter_rejected,,lexical_prefilter_rejected,skipped,skipped,,not_attempted,,,,,,,False,False,,False,False,True,fallback_top_k,nha.gov.in,False,0,False,False,False,0,0,0,0,0,False,,False,False,False,0,0,,,0,False,stage1_low_suspicion,False
191,hometownsewickley.com,https://hometownsewickley.com,urls.xlsx,lexical_gate,lexical_prefilter_rejected,,lexical_prefilter_rejected,skipped,skipped,,not_attempted,,,,,,,False,False,,False,False,True,fallback_top_k,homeloans.sbi,False,0,False,False,False,0,0,0,0,0,False,,False,False,False,0,0,,,0,False,stage1_low_suspicion,False
192,clayhole.click,https://clayhole.click,urls.xlsx,lexical_gate,lexical_prefilter_rejected,,lexical_prefilter_rejected,skipped,skipped,,not_attempted,,,,,,,False,False,,False,False,True,fallback_top_k,camsonline.com,False,0,False,False,False,0,0,0,0,0,False,,False,False,False,0,0,,,0,False,stage1_low_suspicion,False
193,f1blue.com,https://f1blue.com,urls.xlsx,lexical_gate,lexical_prefilter_rejected,,lexical_prefilter_rejected,skipped,skipped,,not_attempted,,,,,,,False,False,,False,False,True,fallback_top_k,hdfclife.com,False,0,False,False,False,0,0,0,0,0,False,,False,False,False,0,0,,,0,False,stage1_low_suspicion,False
194,suesholidayhub.com,https://suesholidayhub.com,urls.xlsx,lexical_gate,lexical_prefilter_rejected,,lexical_prefilter_rejected,skipped,skipped,,not_attempted,,,,,,,False,False,,False,False,True,fallback_top_k,uidai.gov.in,False,0,False,False,False,0,0,0,0,0,False,,False,False,False,0,0,,,0,False,stage1_low_suspicion,False
195,jiaotongzd.com,https://jiaotongzd.com,urls.xlsx,lexical_gate,lexical_prefilter_rejected,,lexical_prefilter_rejected,skipped,skipped,,not_attempted,,,,,,,False,False,,False,False,True,fallback_top_k,jio.com,False,0,False,False,False,0,0,0,0,0,False,,False,False,False,0,0,,,0,False,stage1_low_suspicion,False
196,soilandturfconsulting.com,https://soilandturfconsulting.com,urls.xlsx,lexical_gate,lexical_prefilter_rejected,,lexical_prefilter_rejected,skipped,skipped,,not_attempted,,,,,,,False,False,,False,False,True,fallback_top_k,sbicard.com,False,0,False,False,False,0,0,0,0,0,False,,False,False,False,0,0,,,0,False,stage1_low_suspicion,False
197,my-auth23948.com,https://my-auth23948.com,urls.xlsx,lexical_gate,lexical_prefilter_rejected,,lexical_prefilter_rejected,skipped,skipped,,not_attempted,,,,,,,False,False,,False,False,True,fallback_top_k,airtel.in,False,0,False,False,False,0,0,0,0,0,False,,False,False,False,0,0,,,0,False,stage1_low_suspicion,False
198,metaads.pro,https://metaads.pro,urls.xlsx,lexical_gate,lexical_prefilter_rejected,,lexical_prefilter_rejected,skipped,skipped,,not_attempted,,,,,,,False,False,,False,False,True,fallback_top_k,incometaxindia.gov.in,False,0,False,False,False,0,0,0,0,0,False,,False,False,False,0,0,,,0,False,stage1_low_suspicion,False
199,globalbookpublication.com,https://globalbookpublication.com,urls.xlsx,lexical_gate,generic_token_only_lexical_rejected,,generic_token_only_lexical_rejected,skipped,skipped,,not_attempted,,,,,,,False,False,,False,False,True,fallback_top_k|generic_token_only,airtelpayments.bank.in,True,0,False,False,False,0,0,0,0,0,False,,False,False,False,0,0,,,0,False,stage1_low_suspicion,False
200,creditrepair-help.com,https://creditrepair-help.com,urls.xlsx,lexical_gate,lexical_prefilter_rejected,,lexical_prefilter_rejected,skipped,skipped,,not_attempted,,,,,,,False,False,,False,False,True,fallback_top_k,eci.gov.in,False,0,False,False,False,0,0,0,0,0,False,,False,False,False,0,0,,,0,False,stage1_low_suspicion,False
201,ampmskincare.com,https://ampmskincare.com,urls.xlsx,lexical_gate,lexical_prefilter_rejected,,lexical_prefilter_rejected,skipped,skipped,,not_attempted,,,,,,,False,False,,False,False,True,fallback_top_k,aiimsexams.ac.in,False,0,False,False,False,0,0,0,0,0,False,,False,False,False,0,0,,,0,False,stage1_low_suspicion,False
202,s-s-a.us,https://s-s-a.us,urls.xlsx,lexical_gate,lexical_prefilter_rejected,,lexical_prefilter_rejected,skipped,skipped,,not_attempted,,,,,,,False,False,,False,False,True,fallback_top_k,bsestarmf.in,False,0,False,False,False,0,0,0,0,0,False,,False,False,False,0,0,,,0,False,stage1_low_suspicion,False
203,sportrade.blog,https://sportrade.blog,urls.xlsx,lexical_gate,lexical_prefilter_rejected,,lexical_prefilter_rejected,skipped,skipped,,not_attempted,,,,,,,False,False,,False,False,True,fallback_top_k,canararobeco.com,False,0,False,False,False,0,0,0,0,0,False,,False,False,False,0,0,,,0,False,stage1_low_suspicion,False
204,brierleysovereigngroup.info,https://brierleysovereigngroup.info,urls.xlsx,lexical_gate,lexical_prefilter_rejected,,lexical_prefilter_rejected,skipped,skipped,,not_attempted,,,,,,,False,False,,False,False,True,fallback_top_k,corp.onlinesbi.sbi,False,0,False,False,False,0,0,0,0,0,False,,False,False,False,0,0,,,0,False,stage1_low_suspicion,False
205,surpriseoflifellc.com,https://surpriseoflifellc.com,urls.xlsx,lexical_gate,lexical_prefilter_rejected,,lexical_prefilter_rejected,skipped,skipped,,not_attempted,,,,,,,False,False,,False,False,True,fallback_top_k,iocl.com,False,0,False,False,False,0,0,0,0,0,False,,False,False,False,0,0,,,0,False,stage1_low_suspicion,False
206,aetyk.cc,https://aetyk.cc,urls.xlsx,lexical_gate,generic_token_only_lexical_rejected,,generic_token_only_lexical_rejected,skipped,skipped,,not_attempted,,,,,,,False,False,,False,False,True,fallback_top_k|generic_token_only,airtelpayments.bank.in,True,0,False,False,False,0,0,0,0,0,False,,False,False,False,0,0,,,0,False,stage1_low_suspicion,False
207,outlandscodex.ai,https://outlandscodex.ai,urls.xlsx,lexical_gate,lexical_prefilter_rejected,,lexical_prefilter_rejected,skipped,skipped,,not_attempted,,,,,,,False,False,,False,False,True,fallback_top_k,contents.tdscpc.gov.in,False,0,False,False,False,0,0,0,0,0,False,,False,False,False,0,0,,,0,False,stage1_low_suspicion,False
208,kycedeoni.autos,https://kycedeoni.autos,urls.xlsx,lexical_gate,lexical_prefilter_rejected,,lexical_prefilter_rejected,skipped,skipped,,not_attempted,,,,,,,False,False,,False,False,True,fallback_top_k,crsorgi.gov.in,False,0,False,False,False,0,0,0,0,0,False,,False,False,False,0,0,,,0,False,stage1_low_suspicion,False
209,o3zxth.top,https://o3zxth.top,urls.xlsx,lexical_gate,lexical_prefilter_rejected,,lexical_prefilter_rejected,skipped,skipped,,not_attempted,,,,,,,False,False,,False,False,True,fallback_top_k,incometaxindia.gov.in,False,0,False,False,False,0,0,0,0,0,False,,False,False,False,0,0,,,0,False,stage1_low_suspicion,False
210,suaconsulta2026.online,https://suaconsulta2026.online,urls.xlsx,lexical_gate,lexical_prefilter_rejected,,lexical_prefilter_rejected,skipped,skipped,,not_attempted,,,,,,,False,False,,False,False,True,fallback_top_k,bsnl.co.in,False,0,False,False,False,0,0,0,0,0,False,,False,False,False,0,0,,,0,False,stage1_low_suspicion,False
211,commerium.co.uk,https://commerium.co.uk,urls.xlsx,lexical_gate,lexical_prefilter_rejected,,lexical_prefilter_rejected,skipped,skipped,,not_attempted,,,,,,,False,False,,False,False,True,fallback_top_k,crsorgi.gov.in,False,0,False,False,False,0,0,0,0,0,False,,False,False,False,0,0,,,0,False,stage1_low_suspicion,False
212,outergood.ru,https://outergood.ru,urls.xlsx,lexical_gate,lexical_prefilter_rejected,,lexical_prefilter_rejected,skipped,skipped,,not_attempted,,,,,,,False,False,,False,False,True,fallback_top_k,onlinecasa.bankofbaroda.com,False,0,False,False,False,0,0,0,0,0,False,,False,False,False,0,0,,,0,False,stage1_low_suspicion,False
213,graniteindustriesinc.com,https://graniteindustriesinc.com,urls.xlsx,lexical_gate,lexical_prefilter_rejected,,lexical_prefilter_rejected,skipped,skipped,,not_attempted,,,,,,,False,False,,False,False,True,fallback_top_k,airindiaexpress.com,False,0,False,False,False,0,0,0,0,0,False,,False,False,False,0,0,,,0,False,stage1_low_suspicion,False
214,thelocksmithcrew.com,https://thelocksmithcrew.com,urls.xlsx,lexical_gate,lexical_prefilter_rejected,,lexical_prefilter_rejected,skipped,skipped,,not_attempted,,,,,,,False,False,,False,False,True,fallback_top_k,eci.gov.in,False,0,False,False,False,0,0,0,0,0,False,,False,False,False,0,0,,,0,False,stage1_low_suspicion,False
215,avbyfpho.shop,https://avbyfpho.shop,urls.xlsx,lexical_gate,lexical_prefilter_rejected,,lexical_prefilter_rejected,skipped,skipped,,not_attempted,,,,,,,False,False,,False,False,True,fallback_top_k,abdm.gov.in,False,0,False,False,False,0,0,0,0,0,False,,False,False,False,0,0,,,0,False,stage1_low_suspicion,False
216,elit-stomatolog.ru,https://elit-stomatolog.ru,urls.xlsx,lexical_gate,lexical_prefilter_rejected,,lexical_prefilter_rejected,skipped,skipped,,not_attempted,,,,,,,False,False,,False,False,True,fallback_top_k,homeloans.sbi,False,0,False,False,False,0,0,0,0,0,False,,False,False,False,0,0,,,0,False,stage1_low_suspicion,False
217,chillcollege.com,https://chillcollege.com,urls.xlsx,lexical_gate,generic_token_only_lexical_rejected,,generic_token_only_lexical_rejected,skipped,skipped,,not_attempted,,,,,,,False,False,,False,False,True,fallback_top_k|generic_token_only,cloud.gov.in,True,0,False,False,False,0,0,0,0,0,False,,False,False,False,0,0,,,0,False,stage1_low_suspicion,False
218,bluewaterpoolsusa.com,https://bluewaterpoolsusa.com,urls.xlsx,lexical_gate,lexical_prefilter_rejected,,lexical_prefilter_rejected,skipped,skipped,,not_attempted,,,,,,,False,False,,False,False,True,fallback_top_k,airtel.in,False,0,False,False,False,0,0,0,0,0,False,,False,False,False,0,0,,,0,False,stage1_low_suspicion,False
219,abx5n1n7.cc,https://abx5n1n7.cc,urls.xlsx,lexical_gate,lexical_prefilter_rejected,,lexical_prefilter_rejected,skipped,skipped,,not_attempted,,,,,,,False,False,,False,False,True,fallback_top_k,bsnl.co.in,False,0,False,False,False,0,0,0,0,0,False,,False,False,False,0,0,,,0,False,stage1_low_suspicion,False
220,lml2vipaff05.cc,https://lml2vipaff05.cc,urls.xlsx,lexical_gate,lexical_prefilter_rejected,,lexical_prefilter_rejected,skipped,skipped,,not_attempted,,,,,,,False,False,,False,False,True,fallback_top_k,myvi.in,False,0,False,False,False,0,0,0,0,0,False,,False,False,False,0,0,,,0,False,stage1_low_suspicion,False
221,bramclaw.my.id,https://bramclaw.my.id,urls.xlsx,lexical_gate,lexical_prefilter_rejected,,lexical_prefilter_rejected,skipped,skipped,,not_attempted,,,,,,,False,False,,False,False,True,fallback_top_k,abdm.gov.in,False,0,False,False,False,0,0,0,0,0,False,,False,False,False,0,0,,,0,False,stage1_low_suspicion,False
222,wildlayers.com,https://wildlayers.com,urls.xlsx,lexical_gate,lexical_prefilter_rejected,,lexical_prefilter_rejected,skipped,skipped,,not_attempted,,,,,,,False,False,,False,False,True,fallback_top_k,coalindiatenders.nic.in,False,0,False,False,False,0,0,0,0,0,False,,False,False,False,0,0,,,0,False,stage1_low_suspicion,False
223,rosastoneeg.com,https://rosastoneeg.com,urls.xlsx,lexical_gate,lexical_prefilter_rejected,,lexical_prefilter_rejected,skipped,skipped,,not_attempted,,,,,,,False,False,,False,False,True,fallback_top_k,airtel.in,False,0,False,False,False,0,0,0,0,0,False,,False,False,False,0,0,,,0,False,stage1_low_suspicion,False
224,ezbrd.co,https://ezbrd.co,urls.xlsx,lexical_gate,lexical_prefilter_rejected,,lexical_prefilter_rejected,skipped,skipped,,not_attempted,,,,,,,False,False,,False,False,True,fallback_top_k,sbicard.com,False,0,False,False,False,0,0,0,0,0,False,,False,False,False,0,0,,,0,False,stage1_low_suspicion,False
225,connect2people360x.info,https://connect2people360x.info,urls.xlsx,lexical_gate,lexical_prefilter_rejected,,lexical_prefilter_rejected,skipped,skipped,,not_attempted,,,,,,,False,False,,False,False,True,fallback_top_k,camsonline.com,False,0,False,False,False,0,0,0,0,0,False,,False,False,False,0,0,,,0,False,stage1_low_suspicion,False
226,mis4624.cc,https://mis4624.cc,urls.xlsx,lexical_gate,generic_token_only_lexical_rejected,,generic_token_only_lexical_rejected,skipped,skipped,,not_attempted,,,,,,,False,False,,False,False,True,fallback_top_k|generic_token_only,kavach.mail.gov.in,True,0,False,False,False,0,0,0,0,0,False,,False,False,False,0,0,,,0,False,stage1_low_suspicion,False
227,ncbackyardbouncers.com,https://ncbackyardbouncers.com,urls.xlsx,lexical_gate,generic_token_only_lexical_rejected,,generic_token_only_lexical_rejected,skipped,skipped,,not_attempted,,,,,,,False,False,,False,False,True,fallback_top_k|generic_token_only,airtelpayments.bank.in,True,0,False,False,False,0,0,0,0,0,False,,False,False,False,0,0,,,0,False,stage1_low_suspicion,False
228,daisyfrost.com,https://daisyfrost.com,urls.xlsx,lexical_gate,lexical_prefilter_rejected,,lexical_prefilter_rejected,skipped,skipped,,not_attempted,,,,,,,False,False,,False,False,True,fallback_top_k,axismf.com,False,0,False,False,False,0,0,0,0,0,False,,False,False,False,0,0,,,0,False,stage1_low_suspicion,False
229,freedomroadfinancialdealerhub.com,https://freedomroadfinancialdealerhub.com,urls.xlsx,lexical_gate,generic_token_only_lexical_rejected,,generic_token_only_lexical_rejected,skipped,skipped,,not_attempted,,,,,,,False,False,,False,False,True,fallback_top_k|generic_token_only,kavach.mail.gov.in,True,0,False,False,False,0,0,0,0,0,False,,False,False,False,0,0,,,0,False,stage1_low_suspicion,False
230,di9rke.top,https://di9rke.top,urls.xlsx,lexical_gate,lexical_prefilter_rejected,,lexical_prefilter_rejected,skipped,skipped,,not_attempted,,,,,,,False,False,,False,False,True,fallback_top_k,airtel.in,False,0,False,False,False,0,0,0,0,0,False,,False,False,False,0,0,,,0,False,stage1_low_suspicion,False
231,flydownloads.space,https://flydownloads.space,urls.xlsx,lexical_gate,lexical_prefilter_rejected,,lexical_prefilter_rejected,skipped,skipped,,not_attempted,,,,,,,False,False,,False,False,True,fallback_top_k,homeloans.sbi,False,0,False,False,False,0,0,0,0,0,False,,False,False,False,0,0,,,0,False,stage1_low_suspicion,False
232,sweetcookii.com,https://sweetcookii.com,urls.xlsx,lexical_gate,lexical_prefilter_rejected,,lexical_prefilter_rejected,skipped,skipped,,not_attempted,,,,,,,False,False,,False,False,True,fallback_top_k,eci.gov.in,False,0,False,False,False,0,0,0,0,0,False,,False,False,False,0,0,,,0,False,stage1_low_suspicion,False
233,phoenixwanderlust.in,https://phoenixwanderlust.in,urls.xlsx,lexical_gate,lexical_prefilter_rejected,,lexical_prefilter_rejected,skipped,skipped,,not_attempted,,,,,,,False,False,,False,False,True,fallback_top_k,pnbindia.in,False,0,False,False,False,0,0,0,0,0,False,,False,False,False,0,0,,,0,False,stage1_low_suspicion,False
234,coastalcounselingcenter.org,https://coastalcounselingcenter.org,urls.xlsx,lexical_gate,lexical_prefilter_rejected,,lexical_prefilter_rejected,skipped,skipped,,not_attempted,,,,,,,False,False,,False,False,True,fallback_top_k,coalindiatenders.nic.in,False,0,False,False,False,0,0,0,0,0,False,,False,False,False,0,0,,,0,False,stage1_low_suspicion,False
235,pulsefck.store,https://pulsefck.store,urls.xlsx,lexical_gate,lexical_prefilter_rejected,,lexical_prefilter_rejected,skipped,skipped,,not_attempted,,,,,,,False,False,,False,False,True,fallback_top_k,netbanking.hdfcbank.com,False,0,False,False,False,0,0,0,0,0,False,,False,False,False,0,0,,,0,False,stage1_low_suspicion,False
236,oliveandjunes.store,https://oliveandjunes.store,urls.xlsx,lexical_gate,lexical_prefilter_rejected,,lexical_prefilter_rejected,skipped,skipped,,not_attempted,,,,,,,False,False,,False,False,True,fallback_top_k,coalindiatenders.nic.in,False,0,False,False,False,0,0,0,0,0,False,,False,False,False,0,0,,,0,False,stage1_low_suspicion,False
