run_id,emitted_at,label,stage_name,worker_id,metric_kind,counters_json,gauges_json,latency_json,resource_snapshot_json,details_json
run_20260413T092928Z,2026-04-13T09:29:41+00:00,shortlist,shortlist,,snapshot,{},{},{},"{""available_cpu"": 11.0, ""available_memory_gb"": 0.25, ""available_object_store_gb"": 0.13, ""cluster_cpu"": 12.0, ""cluster_memory_gb"": 0.25, ""cluster_object_store_gb"": 0.13, ""used_cpu"": 1.0}","{""controller"": {""action"": ""init"", ""available_cpu"": 0.0, ""checkpoint_pending_rows"": 0, ""completed"": 0, ""cpu_headroom_cores"": 6, ""cpu_utilization"": 0.0, ""enabled"": true, ""event_loop_lag_ms"": 0.0, ""hash_active_pages_cap"": 1, ""hash_live_active_pages"": 1, ""hash_pressure_ratio"": 0.0, ""healthy_streak"": 0, ""reason"": ""startup"", ""stage0_inflight_cap"": 1, ""stage0_live_inflight"": 1, ""stage1_fetch_limit_cap"": 1, ""stage1_live_fetch_limit"": 1, ""stage1_pressure_ratio"": 0.0, ""target_cpu_utilization"": 0.82, ""timeout_ratio"": 0.0}, ""hash"": {""aux_queue_depth"": 0, ""backlog"": 0, ""browser_actors"": 0, ""finalize_queue_depth"": 0, ""pending"": 0, ""render_queue_depth"": 0, ""render_trace_rows"": 0}, ""matches"": 0, ""stage0"": {""hits"": 0, ""misses"": 0, ""remaining"": 0, ""skipped"": 0}, ""stage1"": {""backlog"": 0, ""enrich_actors"": 0, ""fetch_actors"": 0, ""pending"": 0, ""progress"": {""dns_gate_accepted"": 0, ""dns_gate_filtered"": 0, ""dns_hit_gate_accepted"": 0, ""dns_hit_gate_passthrough"": 0, ""escalated"": 0, ""failed"": 0, ""fallback_dns"": 0, ""fetched"": 0, ""head_only"": 0, ""timeout"": 0}}}"
run_20260413T092928Z,2026-04-13T09:29:46+00:00,shortlist,shortlist,,snapshot,{},{},{},"{""available_cpu"": 11.0, ""available_memory_gb"": 0.25, ""available_object_store_gb"": 0.13, ""cluster_cpu"": 12.0, ""cluster_memory_gb"": 0.25, ""cluster_object_store_gb"": 0.13, ""used_cpu"": 1.0}","{""controller"": {""action"": ""hold"", ""available_cpu"": 11.0, ""checkpoint_pending_rows"": 3, ""completed"": 0, ""cpu_headroom_cores"": 6, ""cpu_utilization"": 0.083, ""enabled"": true, ""event_loop_lag_ms"": 17.875, ""hash_active_pages_cap"": 1, ""hash_live_active_pages"": 1, ""hash_pressure_ratio"": 0.0, ""healthy_streak"": 0, ""reason"": ""healthy_window"", ""stage0_inflight_cap"": 1, ""stage0_live_inflight"": 1, ""stage1_fetch_limit_cap"": 1, ""stage1_live_fetch_limit"": 1, ""stage1_pressure_ratio"": 0.0, ""target_cpu_utilization"": 0.82, ""timeout_ratio"": 0.0}, ""hash"": {""aux_queue_depth"": 0, ""backlog"": 0, ""browser_actors"": 0, ""finalize_queue_depth"": 0, ""pending"": 0, ""render_queue_depth"": 0, ""render_trace_rows"": 0}, ""matches"": 0, ""stage0"": {""hits"": 0, ""misses"": 0, ""remaining"": 0, ""skipped"": 0}, ""stage1"": {""backlog"": 0, ""enrich_actors"": 0, ""fetch_actors"": 0, ""pending"": 0, ""progress"": {""dns_gate_accepted"": 0, ""dns_gate_filtered"": 0, ""dns_hit_gate_accepted"": 0, ""dns_hit_gate_passthrough"": 0, ""escalated"": 0, ""failed"": 0, ""fallback_dns"": 0, ""fetched"": 0, ""head_only"": 0, ""timeout"": 0}}}"
run_20260413T092928Z,2026-04-13T09:29:51+00:00,shortlist,shortlist,,snapshot,{},{},{},"{""available_cpu"": 11.5, ""available_memory_gb"": 0.25, ""available_object_store_gb"": 0.13, ""cluster_cpu"": 12.0, ""cluster_memory_gb"": 0.25, ""cluster_object_store_gb"": 0.13, ""used_cpu"": 0.5}","{""controller"": {""action"": ""hold"", ""available_cpu"": 11.5, ""checkpoint_pending_rows"": 107, ""completed"": 5, ""cpu_headroom_cores"": 6, ""cpu_utilization"": 0.042, ""enabled"": true, ""event_loop_lag_ms"": 15.705, ""hash_active_pages_cap"": 1, ""hash_live_active_pages"": 1, ""hash_pressure_ratio"": 2.0, ""healthy_streak"": 0, ""reason"": ""render_backlog"", ""stage0_inflight_cap"": 1, ""stage0_live_inflight"": 1, ""stage1_fetch_limit_cap"": 1, ""stage1_live_fetch_limit"": 1, ""stage1_pressure_ratio"": 0.0, ""target_cpu_utilization"": 0.82, ""timeout_ratio"": 0.0}, ""hash"": {""aux_queue_depth"": 0, ""backlog"": 6, ""browser_actors"": 1, ""finalize_queue_depth"": 0, ""pending"": 1, ""render_queue_depth"": 7, ""render_trace_rows"": 0}, ""matches"": 0, ""stage0"": {""hits"": 12, ""misses"": 0, ""remaining"": 0, ""skipped"": 0}, ""stage1"": {""backlog"": 0, ""enrich_actors"": 0, ""fetch_actors"": 0, ""pending"": 0, ""progress"": {""dns_gate_accepted"": 0, ""dns_gate_filtered"": 0, ""dns_hit_gate_accepted"": 7, ""dns_hit_gate_passthrough"": 5, ""escalated"": 0, ""failed"": 0, ""fallback_dns"": 0, ""fetched"": 0, ""head_only"": 0, ""timeout"": 0}}}"
run_20260413T092928Z,2026-04-13T09:29:56+00:00,shortlist,shortlist,,snapshot,{},{},{},"{""available_cpu"": 11.5, ""available_memory_gb"": 0.25, ""available_object_store_gb"": 0.13, ""cluster_cpu"": 12.0, ""cluster_memory_gb"": 0.25, ""cluster_object_store_gb"": 0.13, ""used_cpu"": 0.5}","{""controller"": {""action"": ""hold"", ""available_cpu"": 11.5, ""checkpoint_pending_rows"": 0, ""completed"": 5, ""cpu_headroom_cores"": 6, ""cpu_utilization"": 0.042, ""enabled"": true, ""event_loop_lag_ms"": 3.253, ""hash_active_pages_cap"": 1, ""hash_live_active_pages"": 1, ""hash_pressure_ratio"": 2.0, ""healthy_streak"": 0, ""reason"": ""render_backlog"", ""stage0_inflight_cap"": 1, ""stage0_live_inflight"": 1, ""stage1_fetch_limit_cap"": 1, ""stage1_live_fetch_limit"": 1, ""stage1_pressure_ratio"": 0.0, ""target_cpu_utilization"": 0.82, ""timeout_ratio"": 0.0}, ""hash"": {""aux_queue_depth"": 0, ""backlog"": 6, ""browser_actors"": 1, ""finalize_queue_depth"": 0, ""pending"": 1, ""render_queue_depth"": 7, ""render_trace_rows"": 0}, ""matches"": 0, ""stage0"": {""hits"": 12, ""misses"": 0, ""remaining"": 0, ""skipped"": 0}, ""stage1"": {""backlog"": 0, ""enrich_actors"": 0, ""fetch_actors"": 0, ""pending"": 0, ""progress"": {""dns_gate_accepted"": 0, ""dns_gate_filtered"": 0, ""dns_hit_gate_accepted"": 7, ""dns_hit_gate_passthrough"": 5, ""escalated"": 0, ""failed"": 0, ""fallback_dns"": 0, ""fetched"": 0, ""head_only"": 0, ""timeout"": 0}}}"
run_20260413T092928Z,2026-04-13T09:30:06+00:00,shortlist,shortlist,,snapshot,{},{},{},"{""available_cpu"": 11.5, ""available_memory_gb"": 0.25, ""available_object_store_gb"": 0.13, ""cluster_cpu"": 12.0, ""cluster_memory_gb"": 0.25, ""cluster_object_store_gb"": 0.13, ""used_cpu"": 0.5}","{""controller"": {""action"": ""hold"", ""available_cpu"": 11.5, ""checkpoint_pending_rows"": 0, ""completed"": 5, ""cpu_headroom_cores"": 6, ""cpu_utilization"": 0.042, ""enabled"": true, ""event_loop_lag_ms"": 20.108, ""hash_active_pages_cap"": 1, ""hash_live_active_pages"": 1, ""hash_pressure_ratio"": 2.0, ""healthy_streak"": 0, ""reason"": ""render_backlog"", ""stage0_inflight_cap"": 1, ""stage0_live_inflight"": 1, ""stage1_fetch_limit_cap"": 1, ""stage1_live_fetch_limit"": 1, ""stage1_pressure_ratio"": 0.0, ""target_cpu_utilization"": 0.82, ""timeout_ratio"": 0.0}, ""hash"": {""aux_queue_depth"": 0, ""backlog"": 6, ""browser_actors"": 1, ""finalize_queue_depth"": 0, ""pending"": 1, ""render_queue_depth"": 7, ""render_trace_rows"": 0}, ""matches"": 0, ""stage0"": {""hits"": 12, ""misses"": 0, ""remaining"": 0, ""skipped"": 0}, ""stage1"": {""backlog"": 0, ""enrich_actors"": 0, ""fetch_actors"": 0, ""pending"": 0, ""progress"": {""dns_gate_accepted"": 0, ""dns_gate_filtered"": 0, ""dns_hit_gate_accepted"": 7, ""dns_hit_gate_passthrough"": 5, ""escalated"": 0, ""failed"": 0, ""fallback_dns"": 0, ""fetched"": 0, ""head_only"": 0, ""timeout"": 0}}}"
run_20260413T092928Z,2026-04-13T09:30:11+00:00,shortlist,shortlist,,snapshot,{},{},{},"{""available_cpu"": 11.5, ""available_memory_gb"": 0.25, ""available_object_store_gb"": 0.13, ""cluster_cpu"": 12.0, ""cluster_memory_gb"": 0.25, ""cluster_object_store_gb"": 0.13, ""used_cpu"": 0.5}","{""controller"": {""action"": ""hold"", ""available_cpu"": 11.5, ""checkpoint_pending_rows"": 1, ""completed"": 5, ""cpu_headroom_cores"": 6, ""cpu_utilization"": 0.042, ""enabled"": true, ""event_loop_lag_ms"": 14.226, ""hash_active_pages_cap"": 1, ""hash_live_active_pages"": 1, ""hash_pressure_ratio"": 2.0, ""healthy_streak"": 0, ""reason"": ""render_backlog"", ""stage0_inflight_cap"": 1, ""stage0_live_inflight"": 1, ""stage1_fetch_limit_cap"": 1, ""stage1_live_fetch_limit"": 1, ""stage1_pressure_ratio"": 0.0, ""target_cpu_utilization"": 0.82, ""timeout_ratio"": 0.0}, ""hash"": {""aux_queue_depth"": 0, ""backlog"": 6, ""browser_actors"": 1, ""finalize_queue_depth"": 0, ""pending"": 1, ""render_queue_depth"": 7, ""render_trace_rows"": 0}, ""matches"": 0, ""stage0"": {""hits"": 12, ""misses"": 0, ""remaining"": 0, ""skipped"": 0}, ""stage1"": {""backlog"": 0, ""enrich_actors"": 0, ""fetch_actors"": 0, ""pending"": 0, ""progress"": {""dns_gate_accepted"": 0, ""dns_gate_filtered"": 0, ""dns_hit_gate_accepted"": 7, ""dns_hit_gate_passthrough"": 5, ""escalated"": 0, ""failed"": 0, ""fallback_dns"": 0, ""fetched"": 0, ""head_only"": 0, ""timeout"": 0}}}"
run_20260413T092928Z,2026-04-13T09:30:16+00:00,shortlist,shortlist,,snapshot,{},{},{},"{""available_cpu"": 11.5, ""available_memory_gb"": 0.25, ""available_object_store_gb"": 0.13, ""cluster_cpu"": 12.0, ""cluster_memory_gb"": 0.25, ""cluster_object_store_gb"": 0.13, ""used_cpu"": 0.5}","{""controller"": {""action"": ""hold"", ""available_cpu"": 11.5, ""checkpoint_pending_rows"": 0, ""completed"": 5, ""cpu_headroom_cores"": 6, ""cpu_utilization"": 0.042, ""enabled"": true, ""event_loop_lag_ms"": 0.0, ""hash_active_pages_cap"": 1, ""hash_live_active_pages"": 1, ""hash_pressure_ratio"": 2.0, ""healthy_streak"": 0, ""reason"": ""render_backlog"", ""stage0_inflight_cap"": 1, ""stage0_live_inflight"": 1, ""stage1_fetch_limit_cap"": 1, ""stage1_live_fetch_limit"": 1, ""stage1_pressure_ratio"": 0.0, ""target_cpu_utilization"": 0.82, ""timeout_ratio"": 0.0}, ""hash"": {""aux_queue_depth"": 0, ""backlog"": 6, ""browser_actors"": 1, ""finalize_queue_depth"": 0, ""pending"": 1, ""render_queue_depth"": 7, ""render_trace_rows"": 0}, ""matches"": 0, ""stage0"": {""hits"": 12, ""misses"": 0, ""remaining"": 0, ""skipped"": 0}, ""stage1"": {""backlog"": 0, ""enrich_actors"": 0, ""fetch_actors"": 0, ""pending"": 0, ""progress"": {""dns_gate_accepted"": 0, ""dns_gate_filtered"": 0, ""dns_hit_gate_accepted"": 7, ""dns_hit_gate_passthrough"": 5, ""escalated"": 0, ""failed"": 0, ""fallback_dns"": 0, ""fetched"": 0, ""head_only"": 0, ""timeout"": 0}}}"
run_20260413T092928Z,2026-04-13T09:30:21+00:00,shortlist,shortlist,,snapshot,{},{},{},"{""available_cpu"": 11.5, ""available_memory_gb"": 0.25, ""available_object_store_gb"": 0.13, ""cluster_cpu"": 12.0, ""cluster_memory_gb"": 0.25, ""cluster_object_store_gb"": 0.13, ""used_cpu"": 0.5}","{""controller"": {""action"": ""hold"", ""available_cpu"": 11.5, ""checkpoint_pending_rows"": 1, ""completed"": 5, ""cpu_headroom_cores"": 6, ""cpu_utilization"": 0.042, ""enabled"": true, ""event_loop_lag_ms"": 5.853, ""hash_active_pages_cap"": 1, ""hash_live_active_pages"": 1, ""hash_pressure_ratio"": 2.0, ""healthy_streak"": 0, ""reason"": ""render_backlog"", ""stage0_inflight_cap"": 1, ""stage0_live_inflight"": 1, ""stage1_fetch_limit_cap"": 1, ""stage1_live_fetch_limit"": 1, ""stage1_pressure_ratio"": 0.0, ""target_cpu_utilization"": 0.82, ""timeout_ratio"": 0.0}, ""hash"": {""aux_queue_depth"": 0, ""backlog"": 6, ""browser_actors"": 1, ""finalize_queue_depth"": 0, ""pending"": 1, ""render_queue_depth"": 7, ""render_trace_rows"": 0}, ""matches"": 0, ""stage0"": {""hits"": 12, ""misses"": 0, ""remaining"": 0, ""skipped"": 0}, ""stage1"": {""backlog"": 0, ""enrich_actors"": 0, ""fetch_actors"": 0, ""pending"": 0, ""progress"": {""dns_gate_accepted"": 0, ""dns_gate_filtered"": 0, ""dns_hit_gate_accepted"": 7, ""dns_hit_gate_passthrough"": 5, ""escalated"": 0, ""failed"": 0, ""fallback_dns"": 0, ""fetched"": 0, ""head_only"": 0, ""timeout"": 0}}}"
run_20260413T092928Z,2026-04-13T09:30:26+00:00,shortlist,shortlist,,snapshot,{},{},{},"{""available_cpu"": 11.5, ""available_memory_gb"": 0.25, ""available_object_store_gb"": 0.13, ""cluster_cpu"": 12.0, ""cluster_memory_gb"": 0.25, ""cluster_object_store_gb"": 0.13, ""used_cpu"": 0.5}","{""controller"": {""action"": ""hold"", ""available_cpu"": 11.5, ""checkpoint_pending_rows"": 5, ""completed"": 6, ""cpu_headroom_cores"": 6, ""cpu_utilization"": 0.042, ""enabled"": true, ""event_loop_lag_ms"": 31.624, ""hash_active_pages_cap"": 1, ""hash_live_active_pages"": 1, ""hash_pressure_ratio"": 1.667, ""healthy_streak"": 0, ""reason"": ""render_backlog"", ""stage0_inflight_cap"": 1, ""stage0_live_inflight"": 1, ""stage1_fetch_limit_cap"": 1, ""stage1_live_fetch_limit"": 1, ""stage1_pressure_ratio"": 0.0, ""target_cpu_utilization"": 0.82, ""timeout_ratio"": 1.0}, ""hash"": {""aux_queue_depth"": 0, ""backlog"": 5, ""browser_actors"": 1, ""finalize_queue_depth"": 0, ""pending"": 1, ""render_queue_depth"": 6, ""render_trace_rows"": 0}, ""matches"": 1, ""stage0"": {""hits"": 12, ""misses"": 0, ""remaining"": 0, ""skipped"": 0}, ""stage1"": {""backlog"": 0, ""enrich_actors"": 0, ""fetch_actors"": 0, ""pending"": 0, ""progress"": {""dns_gate_accepted"": 0, ""dns_gate_filtered"": 0, ""dns_hit_gate_accepted"": 7, ""dns_hit_gate_passthrough"": 5, ""escalated"": 0, ""failed"": 0, ""fallback_dns"": 0, ""fetched"": 0, ""head_only"": 0, ""timeout"": 0}}}"
run_20260413T092928Z,2026-04-13T09:30:31+00:00,shortlist,shortlist,,snapshot,{},{},{},"{""available_cpu"": 11.5, ""available_memory_gb"": 0.25, ""available_object_store_gb"": 0.13, ""cluster_cpu"": 12.0, ""cluster_memory_gb"": 0.25, ""cluster_object_store_gb"": 0.13, ""used_cpu"": 0.5}","{""controller"": {""action"": ""hold"", ""available_cpu"": 11.5, ""checkpoint_pending_rows"": 6, ""completed"": 6, ""cpu_headroom_cores"": 6, ""cpu_utilization"": 0.042, ""enabled"": true, ""event_loop_lag_ms"": 2.495, ""hash_active_pages_cap"": 1, ""hash_live_active_pages"": 1, ""hash_pressure_ratio"": 1.667, ""healthy_streak"": 0, ""reason"": ""render_backlog"", ""stage0_inflight_cap"": 1, ""stage0_live_inflight"": 1, ""stage1_fetch_limit_cap"": 1, ""stage1_live_fetch_limit"": 1, ""stage1_pressure_ratio"": 0.0, ""target_cpu_utilization"": 0.82, ""timeout_ratio"": 0.0}, ""hash"": {""aux_queue_depth"": 0, ""backlog"": 5, ""browser_actors"": 1, ""finalize_queue_depth"": 0, ""pending"": 1, ""render_queue_depth"": 6, ""render_trace_rows"": 0}, ""matches"": 1, ""stage0"": {""hits"": 12, ""misses"": 0, ""remaining"": 0, ""skipped"": 0}, ""stage1"": {""backlog"": 0, ""enrich_actors"": 0, ""fetch_actors"": 0, ""pending"": 0, ""progress"": {""dns_gate_accepted"": 0, ""dns_gate_filtered"": 0, ""dns_hit_gate_accepted"": 7, ""dns_hit_gate_passthrough"": 5, ""escalated"": 0, ""failed"": 0, ""fallback_dns"": 0, ""fetched"": 0, ""head_only"": 0, ""timeout"": 0}}}"
run_20260413T092928Z,2026-04-13T09:30:36+00:00,shortlist,shortlist,,snapshot,{},{},{},"{""available_cpu"": 11.5, ""available_memory_gb"": 0.25, ""available_object_store_gb"": 0.13, ""cluster_cpu"": 12.0, ""cluster_memory_gb"": 0.25, ""cluster_object_store_gb"": 0.13, ""used_cpu"": 0.5}","{""controller"": {""action"": ""hold"", ""available_cpu"": 11.5, ""checkpoint_pending_rows"": 0, ""completed"": 6, ""cpu_headroom_cores"": 6, ""cpu_utilization"": 0.042, ""enabled"": true, ""event_loop_lag_ms"": 12.57, ""hash_active_pages_cap"": 1, ""hash_live_active_pages"": 1, ""hash_pressure_ratio"": 1.667, ""healthy_streak"": 0, ""reason"": ""render_backlog"", ""stage0_inflight_cap"": 1, ""stage0_live_inflight"": 1, ""stage1_fetch_limit_cap"": 1, ""stage1_live_fetch_limit"": 1, ""stage1_pressure_ratio"": 0.0, ""target_cpu_utilization"": 0.82, ""timeout_ratio"": 0.0}, ""hash"": {""aux_queue_depth"": 0, ""backlog"": 5, ""browser_actors"": 1, ""finalize_queue_depth"": 0, ""pending"": 1, ""render_queue_depth"": 6, ""render_trace_rows"": 0}, ""matches"": 1, ""stage0"": {""hits"": 12, ""misses"": 0, ""remaining"": 0, ""skipped"": 0}, ""stage1"": {""backlog"": 0, ""enrich_actors"": 0, ""fetch_actors"": 0, ""pending"": 0, ""progress"": {""dns_gate_accepted"": 0, ""dns_gate_filtered"": 0, ""dns_hit_gate_accepted"": 7, ""dns_hit_gate_passthrough"": 5, ""escalated"": 0, ""failed"": 0, ""fallback_dns"": 0, ""fetched"": 0, ""head_only"": 0, ""timeout"": 0}}}"
run_20260413T092928Z,2026-04-13T09:30:41+00:00,shortlist,shortlist,,snapshot,{},{},{},"{""available_cpu"": 11.5, ""available_memory_gb"": 0.25, ""available_object_store_gb"": 0.13, ""cluster_cpu"": 12.0, ""cluster_memory_gb"": 0.25, ""cluster_object_store_gb"": 0.13, ""used_cpu"": 0.5}","{""controller"": {""action"": ""hold"", ""available_cpu"": 11.5, ""checkpoint_pending_rows"": 1, ""completed"": 6, ""cpu_headroom_cores"": 6, ""cpu_utilization"": 0.042, ""enabled"": true, ""event_loop_lag_ms"": 13.796, ""hash_active_pages_cap"": 1, ""hash_live_active_pages"": 1, ""hash_pressure_ratio"": 1.667, ""healthy_streak"": 0, ""reason"": ""render_backlog"", ""stage0_inflight_cap"": 1, ""stage0_live_inflight"": 1, ""stage1_fetch_limit_cap"": 1, ""stage1_live_fetch_limit"": 1, ""stage1_pressure_ratio"": 0.0, ""target_cpu_utilization"": 0.82, ""timeout_ratio"": 0.0}, ""hash"": {""aux_queue_depth"": 0, ""backlog"": 5, ""browser_actors"": 1, ""finalize_queue_depth"": 0, ""pending"": 1, ""render_queue_depth"": 6, ""render_trace_rows"": 0}, ""matches"": 1, ""stage0"": {""hits"": 12, ""misses"": 0, ""remaining"": 0, ""skipped"": 0}, ""stage1"": {""backlog"": 0, ""enrich_actors"": 0, ""fetch_actors"": 0, ""pending"": 0, ""progress"": {""dns_gate_accepted"": 0, ""dns_gate_filtered"": 0, ""dns_hit_gate_accepted"": 7, ""dns_hit_gate_passthrough"": 5, ""escalated"": 0, ""failed"": 0, ""fallback_dns"": 0, ""fetched"": 0, ""head_only"": 0, ""timeout"": 0}}}"
run_20260413T092928Z,2026-04-13T09:30:46+00:00,shortlist,shortlist,,snapshot,{},{},{},"{""available_cpu"": 11.5, ""available_memory_gb"": 0.25, ""available_object_store_gb"": 0.13, ""cluster_cpu"": 12.0, ""cluster_memory_gb"": 0.25, ""cluster_object_store_gb"": 0.13, ""used_cpu"": 0.5}","{""controller"": {""action"": ""hold"", ""available_cpu"": 11.5, ""checkpoint_pending_rows"": 0, ""completed"": 7, ""cpu_headroom_cores"": 6, ""cpu_utilization"": 0.042, ""enabled"": true, ""event_loop_lag_ms"": 0.0, ""hash_active_pages_cap"": 1, ""hash_live_active_pages"": 1, ""hash_pressure_ratio"": 1.667, ""healthy_streak"": 0, ""reason"": ""render_backlog"", ""stage0_inflight_cap"": 1, ""stage0_live_inflight"": 1, ""stage1_fetch_limit_cap"": 1, ""stage1_live_fetch_limit"": 1, ""stage1_pressure_ratio"": 0.0, ""target_cpu_utilization"": 0.82, ""timeout_ratio"": 0.0}, ""hash"": {""aux_queue_depth"": 0, ""backlog"": 4, ""browser_actors"": 1, ""finalize_queue_depth"": 0, ""pending"": 1, ""render_queue_depth"": 5, ""render_trace_rows"": 0}, ""matches"": 2, ""stage0"": {""hits"": 12, ""misses"": 0, ""remaining"": 0, ""skipped"": 0}, ""stage1"": {""backlog"": 0, ""enrich_actors"": 0, ""fetch_actors"": 0, ""pending"": 0, ""progress"": {""dns_gate_accepted"": 0, ""dns_gate_filtered"": 0, ""dns_hit_gate_accepted"": 7, ""dns_hit_gate_passthrough"": 5, ""escalated"": 0, ""failed"": 0, ""fallback_dns"": 0, ""fetched"": 0, ""head_only"": 0, ""timeout"": 0}}}"
run_20260413T092928Z,2026-04-13T09:30:51+00:00,shortlist,shortlist,,snapshot,{},{},{},"{""available_cpu"": 11.25, ""available_memory_gb"": 0.25, ""available_object_store_gb"": 0.13, ""cluster_cpu"": 12.0, ""cluster_memory_gb"": 0.25, ""cluster_object_store_gb"": 0.13, ""used_cpu"": 0.75}","{""controller"": {""action"": ""hold"", ""available_cpu"": 11.25, ""checkpoint_pending_rows"": 13, ""completed"": 7, ""cpu_headroom_cores"": 6, ""cpu_utilization"": 0.062, ""enabled"": true, ""event_loop_lag_ms"": 18.886, ""hash_active_pages_cap"": 1, ""hash_live_active_pages"": 1, ""hash_pressure_ratio"": 1.0, ""healthy_streak"": 0, ""reason"": ""render_backlog"", ""stage0_inflight_cap"": 1, ""stage0_live_inflight"": 1, ""stage1_fetch_limit_cap"": 1, ""stage1_live_fetch_limit"": 1, ""stage1_pressure_ratio"": 0.0, ""target_cpu_utilization"": 0.82, ""timeout_ratio"": 0.0}, ""hash"": {""aux_queue_depth"": 0, ""backlog"": 3, ""browser_actors"": 1, ""finalize_queue_depth"": 0, ""pending"": 1, ""render_queue_depth"": 4, ""render_trace_rows"": 0}, ""matches"": 2, ""stage0"": {""hits"": 12, ""misses"": 0, ""remaining"": 0, ""skipped"": 0}, ""stage1"": {""backlog"": 0, ""enrich_actors"": 0, ""fetch_actors"": 1, ""pending"": 0, ""progress"": {""dns_gate_accepted"": 0, ""dns_gate_filtered"": 0, ""dns_hit_gate_accepted"": 7, ""dns_hit_gate_passthrough"": 5, ""escalated"": 0, ""failed"": 0, ""fallback_dns"": 0, ""fetched"": 0, ""head_only"": 0, ""timeout"": 0}}}"
run_20260413T092928Z,2026-04-13T09:30:56+00:00,shortlist,shortlist,,snapshot,{},{},{},"{""available_cpu"": 11.25, ""available_memory_gb"": 0.25, ""available_object_store_gb"": 0.13, ""cluster_cpu"": 12.0, ""cluster_memory_gb"": 0.25, ""cluster_object_store_gb"": 0.13, ""used_cpu"": 0.75}","{""controller"": {""action"": ""hold"", ""available_cpu"": 11.25, ""checkpoint_pending_rows"": 0, ""completed"": 7, ""cpu_headroom_cores"": 6, ""cpu_utilization"": 0.062, ""enabled"": true, ""event_loop_lag_ms"": 13.164, ""hash_active_pages_cap"": 1, ""hash_live_active_pages"": 1, ""hash_pressure_ratio"": 1.0, ""healthy_streak"": 0, ""reason"": ""render_backlog"", ""stage0_inflight_cap"": 1, ""stage0_live_inflight"": 1, ""stage1_fetch_limit_cap"": 1, ""stage1_live_fetch_limit"": 1, ""stage1_pressure_ratio"": 0.0, ""target_cpu_utilization"": 0.82, ""timeout_ratio"": 0.0}, ""hash"": {""aux_queue_depth"": 0, ""backlog"": 3, ""browser_actors"": 1, ""finalize_queue_depth"": 0, ""pending"": 1, ""render_queue_depth"": 4, ""render_trace_rows"": 0}, ""matches"": 2, ""stage0"": {""hits"": 12, ""misses"": 0, ""remaining"": 0, ""skipped"": 0}, ""stage1"": {""backlog"": 0, ""enrich_actors"": 0, ""fetch_actors"": 1, ""pending"": 0, ""progress"": {""dns_gate_accepted"": 0, ""dns_gate_filtered"": 0, ""dns_hit_gate_accepted"": 7, ""dns_hit_gate_passthrough"": 5, ""escalated"": 0, ""failed"": 0, ""fallback_dns"": 0, ""fetched"": 0, ""head_only"": 0, ""timeout"": 0}}}"
run_20260413T092928Z,2026-04-13T09:31:01+00:00,shortlist,shortlist,,snapshot,{},{},{},"{""available_cpu"": 11.25, ""available_memory_gb"": 0.25, ""available_object_store_gb"": 0.13, ""cluster_cpu"": 12.0, ""cluster_memory_gb"": 0.25, ""cluster_object_store_gb"": 0.13, ""used_cpu"": 0.75}","{""controller"": {""action"": ""hold"", ""available_cpu"": 10.75, ""checkpoint_pending_rows"": 1, ""completed"": 8, ""cpu_headroom_cores"": 6, ""cpu_utilization"": 0.104, ""enabled"": true, ""event_loop_lag_ms"": 22.391, ""hash_active_pages_cap"": 1, ""hash_live_active_pages"": 1, ""hash_pressure_ratio"": 1.0, ""healthy_streak"": 0, ""reason"": ""render_backlog"", ""stage0_inflight_cap"": 1, ""stage0_live_inflight"": 1, ""stage1_fetch_limit_cap"": 1, ""stage1_live_fetch_limit"": 1, ""stage1_pressure_ratio"": 0.0, ""target_cpu_utilization"": 0.82, ""timeout_ratio"": 0.0}, ""hash"": {""aux_queue_depth"": 1, ""backlog"": 2, ""browser_actors"": 1, ""finalize_queue_depth"": 0, ""pending"": 2, ""render_queue_depth"": 3, ""render_trace_rows"": 0}, ""matches"": 3, ""stage0"": {""hits"": 12, ""misses"": 0, ""remaining"": 0, ""skipped"": 0}, ""stage1"": {""backlog"": 0, ""enrich_actors"": 0, ""fetch_actors"": 1, ""pending"": 0, ""progress"": {""dns_gate_accepted"": 0, ""dns_gate_filtered"": 0, ""dns_hit_gate_accepted"": 7, ""dns_hit_gate_passthrough"": 5, ""escalated"": 0, ""failed"": 0, ""fallback_dns"": 0, ""fetched"": 0, ""head_only"": 0, ""timeout"": 0}}}"
run_20260413T092928Z,2026-04-13T09:31:06+00:00,shortlist,shortlist,,snapshot,{},{},{},"{""available_cpu"": 11.25, ""available_memory_gb"": 0.25, ""available_object_store_gb"": 0.13, ""cluster_cpu"": 12.0, ""cluster_memory_gb"": 0.25, ""cluster_object_store_gb"": 0.13, ""used_cpu"": 0.75}","{""controller"": {""action"": ""hold"", ""available_cpu"": 11.25, ""checkpoint_pending_rows"": 6, ""completed"": 10, ""cpu_headroom_cores"": 6, ""cpu_utilization"": 0.062, ""enabled"": true, ""event_loop_lag_ms"": 26.293, ""hash_active_pages_cap"": 1, ""hash_live_active_pages"": 1, ""hash_pressure_ratio"": 0.333, ""healthy_streak"": 0, ""reason"": ""render_backlog"", ""stage0_inflight_cap"": 1, ""stage0_live_inflight"": 1, ""stage1_fetch_limit_cap"": 1, ""stage1_live_fetch_limit"": 1, ""stage1_pressure_ratio"": 0.0, ""target_cpu_utilization"": 0.82, ""timeout_ratio"": 0.0}, ""hash"": {""aux_queue_depth"": 0, ""backlog"": 1, ""browser_actors"": 1, ""finalize_queue_depth"": 0, ""pending"": 1, ""render_queue_depth"": 2, ""render_trace_rows"": 0}, ""matches"": 5, ""stage0"": {""hits"": 12, ""misses"": 0, ""remaining"": 0, ""skipped"": 0}, ""stage1"": {""backlog"": 0, ""enrich_actors"": 0, ""fetch_actors"": 1, ""pending"": 0, ""progress"": {""dns_gate_accepted"": 0, ""dns_gate_filtered"": 0, ""dns_hit_gate_accepted"": 7, ""dns_hit_gate_passthrough"": 5, ""escalated"": 0, ""failed"": 0, ""fallback_dns"": 0, ""fetched"": 0, ""head_only"": 0, ""timeout"": 0}}}"
run_20260413T092928Z,2026-04-13T09:31:13+00:00,classify,classify,,snapshot,{},{},{},"{""available_cpu"": 10.0, ""available_memory_gb"": 0.25, ""available_object_store_gb"": 0.13, ""cluster_cpu"": 12.0, ""cluster_memory_gb"": 0.25, ""cluster_object_store_gb"": 0.13, ""used_cpu"": 2.0}","{""classify_actors"": 1, ""controller"": {""action"": ""init"", ""available_cpu"": 0.0, ""checkpoint_pending_rows"": 0, ""classify_inflight_cap"": 1, ""classify_inflight_floor"": 1, ""classify_live_inflight"": 1, ""cpu_headroom_cores"": 6, ""cpu_utilization"": 0.0, ""enabled"": true, ""event_loop_lag_ms"": 0.0, ""healthy_streak"": 0, ""progress_completed"": 0, ""reason"": ""startup"", ""target_cpu_utilization"": 0.82}, ""failed"": 0, ""flagged"": 0, ""inflight"": 0, ""ocr"": {}, ""review"": 0}"
run_20260413T092928Z,2026-04-13T09:31:18+00:00,classify,classify,,snapshot,{},{},{},"{""available_cpu"": 10.0, ""available_memory_gb"": 0.25, ""available_object_store_gb"": 0.13, ""cluster_cpu"": 12.0, ""cluster_memory_gb"": 0.25, ""cluster_object_store_gb"": 0.13, ""used_cpu"": 2.0}","{""classify_actors"": 1, ""controller"": {""action"": ""hold"", ""available_cpu"": 10.0, ""checkpoint_pending_rows"": 3, ""classify_inflight_cap"": 1, ""classify_inflight_floor"": 1, ""classify_live_inflight"": 1, ""cpu_headroom_cores"": 6, ""cpu_utilization"": 0.167, ""enabled"": true, ""event_loop_lag_ms"": 17.38, ""healthy_streak"": 0, ""progress_completed"": 0, ""reason"": ""steady"", ""target_cpu_utilization"": 0.82}, ""failed"": 0, ""flagged"": 0, ""inflight"": 1, ""ocr"": {""batches_processed"": 0, ""items_processed"": 0, ""last_batch_size"": 0, ""queue_depth"": 0, ""ready"": false}, ""review"": 0}"
run_20260413T092928Z,2026-04-13T09:31:23+00:00,classify,classify,,snapshot,{},{},{},"{""available_cpu"": 10.0, ""available_memory_gb"": 0.25, ""available_object_store_gb"": 0.13, ""cluster_cpu"": 12.0, ""cluster_memory_gb"": 0.25, ""cluster_object_store_gb"": 0.13, ""used_cpu"": 2.0}","{""classify_actors"": 1, ""controller"": {""action"": ""hold"", ""available_cpu"": 10.0, ""checkpoint_pending_rows"": 4, ""classify_inflight_cap"": 1, ""classify_inflight_floor"": 1, ""classify_live_inflight"": 1, ""cpu_headroom_cores"": 6, ""cpu_utilization"": 0.167, ""enabled"": true, ""event_loop_lag_ms"": 16.637, ""healthy_streak"": 0, ""progress_completed"": 0, ""reason"": ""steady"", ""target_cpu_utilization"": 0.82}, ""failed"": 0, ""flagged"": 0, ""inflight"": 1, ""ocr"": {""batches_processed"": 0, ""items_processed"": 0, ""last_batch_size"": 0, ""queue_depth"": 0, ""ready"": false}, ""review"": 0}"
run_20260413T092928Z,2026-04-13T09:31:28+00:00,classify,classify,,snapshot,{},{},{},"{""available_cpu"": 10.0, ""available_memory_gb"": 0.25, ""available_object_store_gb"": 0.13, ""cluster_cpu"": 12.0, ""cluster_memory_gb"": 0.25, ""cluster_object_store_gb"": 0.13, ""used_cpu"": 2.0}","{""classify_actors"": 1, ""controller"": {""action"": ""hold"", ""available_cpu"": 10.0, ""checkpoint_pending_rows"": 0, ""classify_inflight_cap"": 1, ""classify_inflight_floor"": 1, ""classify_live_inflight"": 1, ""cpu_headroom_cores"": 6, ""cpu_utilization"": 0.167, ""enabled"": true, ""event_loop_lag_ms"": 9.631, ""healthy_streak"": 0, ""progress_completed"": 0, ""reason"": ""steady"", ""target_cpu_utilization"": 0.82}, ""failed"": 0, ""flagged"": 0, ""inflight"": 1, ""ocr"": {""batches_processed"": 0, ""items_processed"": 0, ""last_batch_size"": 0, ""queue_depth"": 0, ""ready"": false}, ""review"": 0}"
run_20260413T092928Z,2026-04-13T09:31:33+00:00,classify,classify,,snapshot,{},{},{},"{""available_cpu"": 10.0, ""available_memory_gb"": 0.25, ""available_object_store_gb"": 0.13, ""cluster_cpu"": 12.0, ""cluster_memory_gb"": 0.25, ""cluster_object_store_gb"": 0.13, ""used_cpu"": 2.0}","{""classify_actors"": 1, ""controller"": {""action"": ""hold"", ""available_cpu"": 10.0, ""checkpoint_pending_rows"": 1, ""classify_inflight_cap"": 1, ""classify_inflight_floor"": 1, ""classify_live_inflight"": 1, ""cpu_headroom_cores"": 6, ""cpu_utilization"": 0.167, ""enabled"": true, ""event_loop_lag_ms"": 8.516, ""healthy_streak"": 0, ""progress_completed"": 0, ""reason"": ""steady"", ""target_cpu_utilization"": 0.82}, ""failed"": 0, ""flagged"": 0, ""inflight"": 1, ""ocr"": {""batches_processed"": 0, ""items_processed"": 0, ""last_batch_size"": 0, ""queue_depth"": 0, ""ready"": false}, ""review"": 0}"
run_20260413T092928Z,2026-04-13T09:31:38+00:00,classify,classify,,snapshot,"{""classify.completed"": 1.0}",{},{},"{""available_cpu"": 10.0, ""available_memory_gb"": 0.25, ""available_object_store_gb"": 0.13, ""cluster_cpu"": 12.0, ""cluster_memory_gb"": 0.25, ""cluster_object_store_gb"": 0.13, ""used_cpu"": 2.0}","{""classify_actors"": 1, ""controller"": {""action"": ""hold"", ""available_cpu"": 10.0, ""checkpoint_pending_rows"": 0, ""classify_inflight_cap"": 1, ""classify_inflight_floor"": 1, ""classify_live_inflight"": 1, ""cpu_headroom_cores"": 6, ""cpu_utilization"": 0.167, ""enabled"": true, ""event_loop_lag_ms"": 8.682, ""healthy_streak"": 0, ""progress_completed"": 0, ""reason"": ""steady"", ""target_cpu_utilization"": 0.82}, ""failed"": 0, ""flagged"": 1, ""inflight"": 1, ""ocr"": {""batches_processed"": 1, ""items_processed"": 1, ""last_batch_size"": 1, ""queue_depth"": 0, ""ready"": true}, ""review"": 0}"
run_20260413T092928Z,2026-04-13T09:31:43+00:00,classify,classify,,snapshot,"{""classify.completed"": 2.0}",{},{},"{""available_cpu"": 10.0, ""available_memory_gb"": 0.25, ""available_object_store_gb"": 0.13, ""cluster_cpu"": 12.0, ""cluster_memory_gb"": 0.25, ""cluster_object_store_gb"": 0.13, ""used_cpu"": 2.0}","{""classify_actors"": 1, ""controller"": {""action"": ""hold"", ""available_cpu"": 10.0, ""checkpoint_pending_rows"": 11, ""classify_inflight_cap"": 1, ""classify_inflight_floor"": 1, ""classify_live_inflight"": 1, ""cpu_headroom_cores"": 6, ""cpu_utilization"": 0.167, ""enabled"": true, ""event_loop_lag_ms"": 0.151, ""healthy_streak"": 0, ""progress_completed"": 2, ""reason"": ""at_cap"", ""target_cpu_utilization"": 0.82}, ""failed"": 0, ""flagged"": 2, ""inflight"": 1, ""ocr"": {""batches_processed"": 3, ""items_processed"": 3, ""last_batch_size"": 1, ""queue_depth"": 0, ""ready"": true}, ""review"": 0}"
run_20260413T092928Z,2026-04-13T09:31:48+00:00,classify,classify,,snapshot,"{""classify.completed"": 8.0}",{},{},"{""available_cpu"": 10.0, ""available_memory_gb"": 0.25, ""available_object_store_gb"": 0.13, ""cluster_cpu"": 12.0, ""cluster_memory_gb"": 0.25, ""cluster_object_store_gb"": 0.13, ""used_cpu"": 2.0}","{""classify_actors"": 1, ""controller"": {""action"": ""hold"", ""available_cpu"": 10.0, ""checkpoint_pending_rows"": 25, ""classify_inflight_cap"": 1, ""classify_inflight_floor"": 1, ""classify_live_inflight"": 1, ""cpu_headroom_cores"": 6, ""cpu_utilization"": 0.167, ""enabled"": true, ""event_loop_lag_ms"": 16.366, ""healthy_streak"": 0, ""progress_completed"": 7, ""reason"": ""at_cap"", ""target_cpu_utilization"": 0.82}, ""failed"": 0, ""flagged"": 8, ""inflight"": 1, ""ocr"": {""batches_processed"": 6, ""items_processed"": 6, ""last_batch_size"": 1, ""queue_depth"": 0, ""ready"": true}, ""review"": 0}"
