url,source_workbook,shortlisted_cse,shortlisted_domain,fetch_status,final_landing_url,parking_provider,parking_reason,placeholder_or_parking_reason,classification,confidence_band,evidence_tier,lexical_score,hash_score,old_fuzzy_hit,hybrid_lexical_hit,strict_lexical_hit,lexical_score_pass,fallback_rank_only,typo_anchor,hash_anchor,generic_token_only_match,direct_brand_evidence_count,stage1_passthrough,tvc_brand_detected,tvc_detected_brand,tvc_brand_spoofed,tvc_match_surface,tvc_matched_alias,tvc_spoof_strong,ocr_text_len,registrar,hosting_isp,hosting_country,dns_records,brand_model_top1,brand_model_confidence,domain_model_top1,domain_model_confidence,model_brand_agrees_with_shortlist,model_domain_agrees_with_shortlist,model_feature_status,model_input_error,model_usable,decision_code,reason_code,classification_gate_reason,review_only_reason,survival_path,drop_path,non_lexical_corroboration_count,lexical_hit,brand_score,credential_score,infra_score,evasion_score,total_stage1_score,hard_trigger_hit,stage1_reasons,page_has_password_field,page_has_login_form,form_action_mismatch,csc_mention_count,redirect_count,final_domain,favicon_domain,html_bytes_read,escalate_to_hashing,escalate_reason,deceptive_host_embedding,content_spoof_strong
https://airtelfoundation.org,02-04-2026.csv,Airtel,airtel.in,failed,,nan,nan,nan,Suspected,Low,weak_evidence,0.875,0.0,True,True,True,True,False,False,False,False,0,True,False,none,False,none,,False,0,"GoDaddy.com, LLC",NA,NA,NA,NA,0.0,Unknown,0.0,False,False,model_unavailable,,False,strict_lexical_fetch_evidence_unavailable_suspected,strict_lexical_fetch_evidence_unavailable_suspected,strict_lexical_fetch_evidence_unavailable_suspected,,strict_lexical_fetch_evidence_unavailable_suspected,,1,True,0,0,0,0,0,False,lexical_hit,False,False,False,0,0,airtelfoundation.org,nan,0,True,lexical_hit,False,False
https://kluftech.com,02-04-2026.csv,Kfintech,kfintech.com,failed,,nan,nan,nan,Suspected,Low,weak_evidence,0.85,0.0,True,True,True,True,False,True,False,False,0,True,False,none,False,none,,False,0,Porkbun LLC,NA,NA,NA,NA,0.0,Unknown,0.0,False,False,model_unavailable,,False,strict_lexical_fetch_evidence_unavailable_suspected,strict_lexical_fetch_evidence_unavailable_suspected,strict_lexical_fetch_evidence_unavailable_suspected,,strict_lexical_fetch_evidence_unavailable_suspected,,1,True,0,0,0,0,0,False,lexical_hit,False,False,False,0,0,kluftech.com,nan,0,True,lexical_hit,False,False
https://skinifytech.com,02-04-2026.csv,Kfintech,kfintech.com,failed,,nan,nan,nan,Suspected,Low,weak_evidence,0.8674,0.0,True,True,True,True,False,True,False,False,0,True,False,none,False,none,,False,0,TuringSign Inc. d/b/a Cosmotown,NA,NA,NA,NA,0.0,Unknown,0.0,False,False,model_unavailable,,False,strict_lexical_fetch_evidence_unavailable_suspected,strict_lexical_fetch_evidence_unavailable_suspected,strict_lexical_fetch_evidence_unavailable_suspected,,strict_lexical_fetch_evidence_unavailable_suspected,,1,True,0,0,0,0,0,False,lexical_hit,False,False,False,0,0,skinifytech.com,nan,0,True,lexical_hit,False,False
https://ai-sbi.us.com,02-04-2026.csv,State Bank of India (SBI),sbimf.com,failed,,nan,nan,nan,Suspected,Low,weak_evidence,0.5667,0.0,False,True,True,False,False,False,False,False,0,True,False,none,False,none,,False,0,NA,NA,NA,NA,NA,0.0,Unknown,0.0,False,False,skipped_not_registered_domain,rdap_not_found,False,not_registered_domain_suspected,not_registered_domain_suspected,not_registered_domain_suspected,,not_registered_domain,,1,True,0,0,0,0,0,False,lexical_hit,False,False,False,0,0,ai-sbi.us.com,nan,0,True,lexical_hit,False,False
https://bisenia.com,02-04-2026.csv,BSE Ltd.,bseindia.com,failed,,nan,nan,nan,Suspected,Low,weak_evidence,0.9196,0.0,True,True,True,True,False,True,False,False,0,True,False,none,False,none,,False,0,PDR Ltd. d/b/a PublicDomainRegistry.com,NA,NA,NA,NA,0.0,Unknown,0.0,False,False,model_unavailable,,False,strict_lexical_fetch_evidence_unavailable_suspected,strict_lexical_fetch_evidence_unavailable_suspected,strict_lexical_fetch_evidence_unavailable_suspected,,strict_lexical_fetch_evidence_unavailable_suspected,,1,True,0,0,0,0,0,False,lexical_hit,False,False,False,0,0,bisenia.com,nan,0,True,lexical_hit,False,False
https://jvixoh.com,02-04-2026.csv,Jio,jio.com,failed,,nan,nan,nan,Suspected,Low,weak_evidence,0.85,0.0,True,True,True,True,False,False,False,False,0,True,False,none,False,none,,False,0,"NameCheap, Inc.",NA,NA,NA,NA,0.0,Unknown,0.0,False,False,model_unavailable,,False,strict_lexical_fetch_evidence_unavailable_suspected,strict_lexical_fetch_evidence_unavailable_suspected,strict_lexical_fetch_evidence_unavailable_suspected,,strict_lexical_fetch_evidence_unavailable_suspected,,1,True,0,0,0,0,0,False,lexical_hit,False,False,False,0,0,jvixoh.com,nan,0,True,lexical_hit,False,False
https://airtelblack.shop,02-04-2026.csv,Airtel,airtel.in,failed,,nan,nan,nan,Suspected,Low,weak_evidence,0.9091,0.0,True,True,True,True,False,False,False,False,0,True,False,none,False,none,,False,0,NA,NA,NA,NA,NA,0.0,Unknown,0.0,False,False,skipped_not_registered_domain,rdap_not_found,False,not_registered_domain_suspected,not_registered_domain_suspected,not_registered_domain_suspected,,not_registered_domain,,1,True,0,0,0,0,0,False,lexical_hit,False,False,False,0,0,airtelblack.shop,nan,0,True,lexical_hit,False,False
https://jivxow.com,02-04-2026.csv,Jio,jio.com,failed,,nan,nan,nan,Suspected,Low,weak_evidence,0.8667,0.0,True,True,True,True,False,False,False,False,0,True,False,none,False,none,,False,0,DOMAIN ORIENTAL LIMITED,NA,NA,NA,NA,0.0,Unknown,0.0,False,False,model_unavailable,,False,strict_lexical_fetch_evidence_unavailable_suspected,strict_lexical_fetch_evidence_unavailable_suspected,strict_lexical_fetch_evidence_unavailable_suspected,,strict_lexical_fetch_evidence_unavailable_suspected,,1,True,0,0,0,0,0,False,lexical_hit,False,False,False,0,0,jivxow.com,nan,0,True,lexical_hit,False,False
https://sbanim.com,02-04-2026.csv,State Bank of India (SBI),sbi.co.in,failed,,nan,nan,nan,Suspected,Low,weak_evidence,0.8667,0.0,True,True,True,True,False,False,False,False,0,True,False,none,False,none,,False,0,Global Domain Group LLC,NA,NA,NA,NA,0.0,Unknown,0.0,False,False,model_unavailable,,False,strict_lexical_fetch_evidence_unavailable_suspected,strict_lexical_fetch_evidence_unavailable_suspected,strict_lexical_fetch_evidence_unavailable_suspected,,strict_lexical_fetch_evidence_unavailable_suspected,,1,True,0,0,0,0,0,False,lexical_hit,False,False,False,0,0,sbanim.com,nan,0,True,lexical_hit,False,False
https://jrixos.com,02-04-2026.csv,Jio,jio.com,failed,,nan,nan,nan,Suspected,Low,weak_evidence,0.85,0.0,True,True,True,True,False,False,False,False,0,True,False,none,False,none,,False,0,"NameCheap, Inc.",NA,NA,NA,NA,0.0,Unknown,0.0,False,False,model_unavailable,,False,strict_lexical_fetch_evidence_unavailable_suspected,strict_lexical_fetch_evidence_unavailable_suspected,strict_lexical_fetch_evidence_unavailable_suspected,,strict_lexical_fetch_evidence_unavailable_suspected,,1,True,0,0,0,0,0,False,lexical_hit,False,False,False,0,0,jrixos.com,nan,0,True,lexical_hit,False,False
https://camionline.com,02-04-2026.csv,Computer Age Management Services Ltd. (CAMS),camsonline.com,failed,,nan,nan,nan,Suspected,Low,weak_evidence,0.93,0.0,True,True,True,True,False,True,False,False,0,True,False,none,False,none,,False,0,"Sav.com, LLC",NA,NA,NA,NA,0.0,Unknown,0.0,False,False,model_unavailable,,False,strict_lexical_fetch_evidence_unavailable_suspected,strict_lexical_fetch_evidence_unavailable_suspected,strict_lexical_fetch_evidence_unavailable_suspected,,strict_lexical_fetch_evidence_unavailable_suspected,,1,True,0,0,0,0,0,False,lexical_hit,False,False,False,0,0,camionline.com,nan,0,True,lexical_hit,False,False
https://airtelblackbox.com,02-04-2026.csv,Airtel,airtel.in,failed,,nan,nan,nan,Suspected,Low,weak_evidence,0.8857,0.0,True,True,True,True,False,False,False,False,0,True,False,none,False,none,,False,0,"GoDaddy.com, LLC",NA,NA,NA,NA,0.0,Unknown,0.0,False,False,model_unavailable,,False,strict_lexical_fetch_evidence_unavailable_suspected,strict_lexical_fetch_evidence_unavailable_suspected,strict_lexical_fetch_evidence_unavailable_suspected,,strict_lexical_fetch_evidence_unavailable_suspected,,1,True,0,0,0,0,0,False,lexical_hit,False,False,False,0,0,airtelblackbox.com,nan,0,True,lexical_hit,False,False
https://myvink.io,02-04-2026.csv,Vodafone Idea (VI),myvi.in,failed,,nan,nan,nan,Suspected,Low,weak_evidence,0.9333,0.0,True,True,True,True,False,True,False,False,0,True,False,none,False,none,,False,0,Squarespace Domains LLC,NA,NA,NA,NA,0.0,Unknown,0.0,False,False,model_unavailable,,False,strict_lexical_fetch_evidence_unavailable_suspected,strict_lexical_fetch_evidence_unavailable_suspected,strict_lexical_fetch_evidence_unavailable_suspected,,strict_lexical_fetch_evidence_unavailable_suspected,,1,True,0,0,0,0,0,False,lexical_hit,False,False,False,0,0,myvink.io,nan,0,True,lexical_hit,False,False
https://uidai-login.com,02-04-2026.csv,"Unique Identification Authority of India (UIDAI)
",uidai.gov.in,failed,,nan,nan,nan,Suspected,Low,weak_evidence,0.8909,0.0,True,True,True,True,False,False,False,False,0,True,False,none,False,none,,False,0,Hosting Concepts B.V. d/b/a Registrar.eu,NA,NA,NA,NA,0.0,Unknown,0.0,False,False,model_unavailable,,False,strict_lexical_fetch_evidence_unavailable_suspected,strict_lexical_fetch_evidence_unavailable_suspected,strict_lexical_fetch_evidence_unavailable_suspected,,strict_lexical_fetch_evidence_unavailable_suspected,,1,True,0,0,0,0,0,False,lexical_hit,False,False,False,0,0,uidai-login.com,nan,0,True,lexical_hit,False,False
https://bestidiva.com,02-04-2026.csv,BSE Ltd.,bseindia.com,failed,,nan,nan,nan,Suspected,Low,weak_evidence,0.853,0.0,True,True,True,True,False,False,False,False,0,True,False,none,False,none,,False,0,Porkbun LLC,NA,NA,NA,NA,0.0,Unknown,0.0,False,False,model_unavailable,,False,strict_lexical_fetch_evidence_unavailable_suspected,strict_lexical_fetch_evidence_unavailable_suspected,strict_lexical_fetch_evidence_unavailable_suspected,,strict_lexical_fetch_evidence_unavailable_suspected,,1,True,0,0,0,0,0,False,lexical_hit,False,False,False,0,0,bestidiva.com,nan,0,True,lexical_hit,False,False
https://airtel-black.in,02-04-2026.csv,Airtel,airtel.in,failed,,nan,nan,nan,Suspected,Low,weak_evidence,0.9,0.0,True,True,True,True,False,False,False,False,0,True,False,none,False,none,,False,0,NA,NA,NA,NA,NA,0.0,Unknown,0.0,False,False,model_unavailable,,False,strict_lexical_fetch_evidence_unavailable_suspected,strict_lexical_fetch_evidence_unavailable_suspected,strict_lexical_fetch_evidence_unavailable_suspected,,strict_lexical_fetch_evidence_unavailable_suspected,,1,True,0,0,0,0,0,False,lexical_hit,False,False,False,0,0,airtel-black.in,nan,0,True,lexical_hit,False,False
https://airtelinternet.com,02-04-2026.csv,Airtel,airtel.in,failed,,nan,nan,nan,Suspected,Low,weak_evidence,0.8857,0.0,True,True,True,True,False,False,False,False,0,True,False,none,False,none,,False,0,"GoDaddy.com, LLC",NA,NA,NA,NA,0.0,Unknown,0.0,False,False,model_unavailable,,False,strict_lexical_fetch_evidence_unavailable_suspected,strict_lexical_fetch_evidence_unavailable_suspected,strict_lexical_fetch_evidence_unavailable_suspected,,strict_lexical_fetch_evidence_unavailable_suspected,,1,True,0,0,0,0,0,False,lexical_hit,False,False,False,0,0,airtelinternet.com,nan,0,True,lexical_hit,False,False
https://icircce.com,02-04-2026.csv,ICICI Bank,icicidirect.com,failed,,nan,nan,nan,Suspected,Low,weak_evidence,0.8485,0.0,True,False,True,False,False,False,False,False,0,True,False,none,False,none,,False,0,Wix.com Ltd.,NA,NA,NA,NA,0.0,Unknown,0.0,False,False,model_unavailable,,False,strict_lexical_fetch_evidence_unavailable_suspected,strict_lexical_fetch_evidence_unavailable_suspected,strict_lexical_fetch_evidence_unavailable_suspected,,strict_lexical_fetch_evidence_unavailable_suspected,,1,True,0,0,0,0,0,False,lexical_hit,False,False,False,0,0,icircce.com,nan,0,True,lexical_hit,False,False
https://kore-axis.org,02-04-2026.csv,Axis Bank,axismaxlife.com,failed,,nan,nan,nan,Suspected,Low,weak_evidence,0.5354,0.0,False,True,True,False,False,False,False,False,0,True,False,none,False,none,,False,0,"Name.com, Inc.",NA,NA,NA,NA,0.0,Unknown,0.0,False,False,model_unavailable,,False,strict_lexical_fetch_evidence_unavailable_suspected,strict_lexical_fetch_evidence_unavailable_suspected,strict_lexical_fetch_evidence_unavailable_suspected,,strict_lexical_fetch_evidence_unavailable_suspected,,1,True,0,0,0,0,0,False,lexical_hit,False,False,False,0,0,kore-axis.org,nan,0,True,lexical_hit,False,False
https://axis-panel.dev,02-04-2026.csv,Axis Bank,axismaxlife.com,failed,,nan,nan,nan,Suspected,Low,weak_evidence,0.8387,0.0,True,True,True,False,False,False,False,False,0,True,False,none,False,none,,False,0,NA,NA,NA,NA,NA,0.0,Unknown,0.0,False,False,model_unavailable,,False,strict_lexical_fetch_evidence_unavailable_suspected,strict_lexical_fetch_evidence_unavailable_suspected,strict_lexical_fetch_evidence_unavailable_suspected,,strict_lexical_fetch_evidence_unavailable_suspected,,1,True,0,0,0,0,0,False,lexical_hit,False,False,False,0,0,axis-panel.dev,nan,0,True,lexical_hit,False,False
https://xn--appeldelalibert-pnb.com,02-04-2026.csv,Punjab National Bank (PNB),netpnb.com,failed,,nan,nan,nan,Suspected,Low,weak_evidence,0.5302,0.0,False,True,True,False,False,False,False,False,0,True,False,none,False,none,,False,0,OVH sas,NA,NA,NA,NA,0.0,Unknown,0.0,False,False,model_unavailable,,False,strict_lexical_fetch_evidence_unavailable_suspected,strict_lexical_fetch_evidence_unavailable_suspected,strict_lexical_fetch_evidence_unavailable_suspected,,strict_lexical_fetch_evidence_unavailable_suspected,,1,True,0,0,0,0,0,False,lexical_hit,False,False,False,0,0,xn--appeldelalibert-pnb.com,nan,0,True,lexical_hit,False,False
https://aiimspathway.com,02-04-2026.csv,All India Institute of Medical Sciences (AIIMS),aiims.edu,failed,,nan,nan,nan,Suspected,Low,weak_evidence,0.8833,0.0,True,True,True,True,False,False,False,False,0,True,False,none,False,none,,False,0,Hosting Concepts B.V. d/b/a Registrar.eu,NA,NA,NA,NA,0.0,Unknown,0.0,False,False,model_unavailable,,False,strict_lexical_fetch_evidence_unavailable_suspected,strict_lexical_fetch_evidence_unavailable_suspected,strict_lexical_fetch_evidence_unavailable_suspected,,strict_lexical_fetch_evidence_unavailable_suspected,,1,True,0,0,0,0,0,False,lexical_hit,False,False,False,0,0,aiimspathway.com,nan,0,True,lexical_hit,False,False
https://casinoalien.com,02-04-2026.csv,Computer Age Management Services Ltd. (CAMS),camsonline.com,failed,,nan,nan,nan,Suspected,Low,weak_evidence,0.8656,0.0,True,True,True,True,False,False,False,False,0,True,False,none,False,none,,False,0,Gname 209 Inc,NA,NA,NA,NA,0.0,Unknown,0.0,False,False,model_unavailable,,False,strict_lexical_fetch_evidence_unavailable_suspected,strict_lexical_fetch_evidence_unavailable_suspected,strict_lexical_fetch_evidence_unavailable_suspected,,strict_lexical_fetch_evidence_unavailable_suspected,,1,True,0,0,0,0,0,False,lexical_hit,False,False,False,0,0,casinoalien.com,nan,0,True,lexical_hit,False,False
https://airtelsteals.in,02-04-2026.csv,Airtel,airtel.in,failed,,nan,nan,nan,Suspected,Low,weak_evidence,0.9,0.0,True,True,True,True,False,False,False,False,0,True,False,none,False,none,,False,0,NA,NA,NA,NA,NA,0.0,Unknown,0.0,False,False,model_unavailable,,False,strict_lexical_fetch_evidence_unavailable_suspected,strict_lexical_fetch_evidence_unavailable_suspected,strict_lexical_fetch_evidence_unavailable_suspected,,strict_lexical_fetch_evidence_unavailable_suspected,,1,True,0,0,0,0,0,False,lexical_hit,False,False,False,0,0,airtelsteals.in,nan,0,True,lexical_hit,False,False
https://haksonline.com,02-04-2026.csv,Computer Age Management Services Ltd. (CAMS),camsonline.com,failed,,nan,nan,nan,Suspected,Low,weak_evidence,0.8667,0.0,True,True,True,True,False,True,False,False,0,True,False,none,False,none,,False,0,"NameCheap, Inc.",NA,NA,NA,NA,0.0,Unknown,0.0,False,False,model_unavailable,,False,strict_lexical_fetch_evidence_unavailable_suspected,strict_lexical_fetch_evidence_unavailable_suspected,strict_lexical_fetch_evidence_unavailable_suspected,,strict_lexical_fetch_evidence_unavailable_suspected,,1,True,0,0,0,0,0,False,lexical_hit,False,False,False,0,0,haksonline.com,nan,0,True,lexical_hit,False,False
https://caminofl.com,02-04-2026.csv,Computer Age Management Services Ltd. (CAMS),camsonline.com,failed,,nan,nan,nan,Suspected,Low,weak_evidence,0.8675,0.0,True,True,True,True,False,False,False,False,0,True,False,none,False,none,,False,0,Porkbun LLC,NA,NA,NA,NA,0.0,Unknown,0.0,False,False,model_unavailable,,False,strict_lexical_fetch_evidence_unavailable_suspected,strict_lexical_fetch_evidence_unavailable_suspected,strict_lexical_fetch_evidence_unavailable_suspected,,strict_lexical_fetch_evidence_unavailable_suspected,,1,True,0,0,0,0,0,False,lexical_hit,False,False,False,0,0,caminofl.com,nan,0,True,lexical_hit,False,False
https://rebitadventure.com,02-04-2026.csv,Reserve Bank of India (RBI),rebit.org.in,failed,,nan,nan,nan,Suspected,Low,weak_evidence,0.8714,0.0,True,True,True,True,False,False,False,False,0,True,False,none,False,none,,False,0,Squarespace Domains II LLC,NA,NA,NA,NA,0.0,Unknown,0.0,False,False,model_unavailable,,False,strict_lexical_fetch_evidence_unavailable_suspected,strict_lexical_fetch_evidence_unavailable_suspected,strict_lexical_fetch_evidence_unavailable_suspected,,strict_lexical_fetch_evidence_unavailable_suspected,,1,True,0,0,0,0,0,False,lexical_hit,False,False,False,0,0,rebitadventure.com,nan,0,True,lexical_hit,False,False
https://xn--theunicorncraft-pnb.shop,02-04-2026.csv,Punjab National Bank (PNB),netpnb.com,failed,,nan,nan,nan,Suspected,Low,weak_evidence,0.5302,0.0,False,True,True,False,False,False,False,False,0,True,False,none,False,none,,False,0,NA,NA,NA,NA,NA,0.0,Unknown,0.0,False,False,skipped_not_registered_domain,rdap_not_found,False,not_registered_domain_suspected,not_registered_domain_suspected,not_registered_domain_suspected,,not_registered_domain,,1,True,0,0,0,0,0,False,lexical_hit,False,False,False,0,0,xn--theunicorncraft-pnb.shop,nan,0,True,lexical_hit,False,False
https://airtel-black.com,02-04-2026.csv,Airtel,airtel.in,failed,,nan,nan,nan,Suspected,Low,weak_evidence,0.9,0.0,True,True,True,True,False,False,False,False,0,True,False,none,False,none,,False,0,"NameCheap, Inc.",NA,NA,NA,NA,0.0,Unknown,0.0,False,False,model_unavailable,,False,strict_lexical_fetch_evidence_unavailable_suspected,strict_lexical_fetch_evidence_unavailable_suspected,strict_lexical_fetch_evidence_unavailable_suspected,,strict_lexical_fetch_evidence_unavailable_suspected,,1,True,0,0,0,0,0,False,lexical_hit,False,False,False,0,0,airtel-black.com,nan,0,True,lexical_hit,False,False
https://axismail.co,02-04-2026.csv,Axis Bank,axismaxlife.com,failed,,nan,nan,nan,Suspected,Low,weak_evidence,0.9205,0.0,True,True,True,True,False,False,False,False,0,True,False,none,False,none,,False,0,NA,NA,NA,NA,NA,0.0,Unknown,0.0,False,False,skipped_not_registered_domain,rdap_not_found,False,not_registered_domain_suspected,not_registered_domain_suspected,not_registered_domain_suspected,,not_registered_domain,,1,True,0,0,0,0,0,False,lexical_hit,False,False,False,0,0,axismail.co,nan,0,True,lexical_hit,False,False
https://xn--theunicorncraft-pnb.com,02-04-2026.csv,Punjab National Bank (PNB),netpnb.com,failed,,nan,nan,nan,Suspected,Low,weak_evidence,0.5302,0.0,False,True,True,False,False,False,False,False,0,True,False,none,False,none,,False,0,"GoDaddy.com, LLC",NA,NA,NA,NA,0.0,Unknown,0.0,False,False,model_unavailable,,False,strict_lexical_fetch_evidence_unavailable_suspected,strict_lexical_fetch_evidence_unavailable_suspected,strict_lexical_fetch_evidence_unavailable_suspected,,strict_lexical_fetch_evidence_unavailable_suspected,,1,True,0,0,0,0,0,False,lexical_hit,False,False,False,0,0,xn--theunicorncraft-pnb.com,nan,0,True,lexical_hit,False,False
https://reliance-jio.in,02-04-2026.csv,Jio,jio.com,failed,,nan,nan,nan,Suspected,Low,weak_evidence,0.4722,0.0,False,True,True,False,False,False,False,False,0,True,False,none,False,none,,False,0,NA,NA,NA,NA,NA,0.0,Unknown,0.0,False,False,model_unavailable,,False,strict_lexical_fetch_evidence_unavailable_suspected,strict_lexical_fetch_evidence_unavailable_suspected,strict_lexical_fetch_evidence_unavailable_suspected,,strict_lexical_fetch_evidence_unavailable_suspected,,1,True,0,0,0,0,0,False,lexical_hit,False,False,False,0,0,reliance-jio.in,nan,0,True,lexical_hit,False,False
https://mimocli.com,02-04-2026.csv,Indian Oil Corporation Limited (IOCL),iocl.com,failed,,nan,nan,nan,Suspected,Low,weak_evidence,0.8571,0.0,True,True,True,True,False,True,False,False,0,True,False,none,False,none,,False,0,Hosting Concepts B.V. d/b/a Registrar.eu,NA,NA,NA,NA,0.0,Unknown,0.0,False,False,model_unavailable,,False,strict_lexical_fetch_evidence_unavailable_suspected,strict_lexical_fetch_evidence_unavailable_suspected,strict_lexical_fetch_evidence_unavailable_suspected,,strict_lexical_fetch_evidence_unavailable_suspected,,1,True,0,0,0,0,0,False,lexical_hit,False,False,False,0,0,mimocli.com,nan,0,True,lexical_hit,False,False
https://kore-axis.info,02-04-2026.csv,Axis Bank,axismaxlife.com,failed,,nan,nan,nan,Suspected,Low,weak_evidence,0.5354,0.0,False,True,True,False,False,False,False,False,0,True,False,none,False,none,,False,0,"Name.com, Inc.",NA,NA,NA,NA,0.0,Unknown,0.0,False,False,model_unavailable,,False,strict_lexical_fetch_evidence_unavailable_suspected,strict_lexical_fetch_evidence_unavailable_suspected,strict_lexical_fetch_evidence_unavailable_suspected,,strict_lexical_fetch_evidence_unavailable_suspected,,1,True,0,0,0,0,0,False,lexical_hit,False,False,False,0,0,kore-axis.info,nan,0,True,lexical_hit,False,False
https://sac-online.website,02-04-2026.csv,Computer Age Management Services Ltd. (CAMS),camsonline.com,failed,,nan,nan,nan,Suspected,Low,weak_evidence,0.8963,0.0,True,True,True,True,False,False,False,False,0,True,False,none,False,none,,False,0,NA,NA,NA,NA,NA,0.0,Unknown,0.0,False,False,model_unavailable,,False,strict_lexical_fetch_evidence_unavailable_suspected,strict_lexical_fetch_evidence_unavailable_suspected,strict_lexical_fetch_evidence_unavailable_suspected,,strict_lexical_fetch_evidence_unavailable_suspected,,1,True,0,0,0,0,0,False,lexical_hit,False,False,False,0,0,sac-online.website,nan,0,True,lexical_hit,False,False
https://netpuw.com,02-04-2026.csv,Punjab National Bank (PNB),netpnb.com,failed,,nan,nan,nan,Suspected,Low,weak_evidence,0.8667,0.0,True,True,True,True,False,False,False,False,0,True,False,none,False,none,,False,0,"Hefei Juming Network Technology Co., Ltd",NA,NA,NA,NA,0.0,Unknown,0.0,False,False,model_unavailable,,False,strict_lexical_fetch_evidence_unavailable_suspected,strict_lexical_fetch_evidence_unavailable_suspected,strict_lexical_fetch_evidence_unavailable_suspected,,strict_lexical_fetch_evidence_unavailable_suspected,,1,True,0,0,0,0,0,False,lexical_hit,False,False,False,0,0,netpuw.com,nan,0,True,lexical_hit,False,False
https://airtelblackout.one,02-04-2026.csv,Airtel,airtel.in,failed,,nan,nan,nan,Suspected,Low,weak_evidence,0.8857,0.0,True,True,True,True,False,False,False,False,0,True,False,none,False,none,,False,0,One.com A/S,NA,NA,NA,NA,0.0,Unknown,0.0,False,False,model_unavailable,,False,strict_lexical_fetch_evidence_unavailable_suspected,strict_lexical_fetch_evidence_unavailable_suspected,strict_lexical_fetch_evidence_unavailable_suspected,,strict_lexical_fetch_evidence_unavailable_suspected,,1,True,0,0,0,0,0,False,lexical_hit,False,False,False,0,0,airtelblackout.one,nan,0,True,lexical_hit,False,False
https://a10fintech.com,02-04-2026.csv,Kfintech,kfintech.com,failed,,nan,nan,nan,Suspected,Low,weak_evidence,0.8583,0.0,True,True,True,True,False,True,False,False,0,True,False,none,False,none,,False,0,Porkbun LLC,NA,NA,NA,NA,0.0,Unknown,0.0,False,False,model_unavailable,,False,strict_lexical_fetch_evidence_unavailable_suspected,strict_lexical_fetch_evidence_unavailable_suspected,strict_lexical_fetch_evidence_unavailable_suspected,,strict_lexical_fetch_evidence_unavailable_suspected,,1,True,0,0,0,0,0,False,lexical_hit,False,False,False,0,0,a10fintech.com,nan,0,True,lexical_hit,False,False
https://cambonelli.com,02-04-2026.csv,Computer Age Management Services Ltd. (CAMS),camsonline.com,failed,,nan,nan,nan,Suspected,Low,weak_evidence,0.8775,0.0,True,True,True,True,False,False,False,False,0,True,False,none,False,none,,False,0,Tucows Domains Inc.,NA,NA,NA,NA,0.0,Unknown,0.0,False,False,model_unavailable,,False,strict_lexical_fetch_evidence_unavailable_suspected,strict_lexical_fetch_evidence_unavailable_suspected,strict_lexical_fetch_evidence_unavailable_suspected,,strict_lexical_fetch_evidence_unavailable_suspected,,1,True,0,0,0,0,0,False,lexical_hit,False,False,False,0,0,cambonelli.com,nan,0,True,lexical_hit,False,False
https://canabarro.me,02-04-2026.csv,Canara Bank,canararobeco.com,failed,,nan,nan,nan,Suspected,Low,weak_evidence,0.9278,0.0,True,True,True,True,False,False,False,False,0,True,False,none,False,none,,False,0,NA,NA,NA,NA,NA,0.0,Unknown,0.0,False,False,skipped_not_registered_domain,rdap_not_found,False,not_registered_domain_suspected,not_registered_domain_suspected,not_registered_domain_suspected,,not_registered_domain,,1,True,0,0,0,0,0,False,lexical_hit,False,False,False,0,0,canabarro.me,nan,0,True,lexical_hit,False,False
https://masilife.com,02-04-2026.csv,State Bank of India (SBI),sbilife.co.in,failed,,nan,nan,nan,Suspected,Low,weak_evidence,0.869,0.0,True,True,True,True,False,True,False,False,0,True,False,none,False,none,,False,0,"GoDaddy.com, LLC",NA,NA,NA,NA,0.0,Unknown,0.0,False,False,model_unavailable,,False,strict_lexical_fetch_evidence_unavailable_suspected,strict_lexical_fetch_evidence_unavailable_suspected,strict_lexical_fetch_evidence_unavailable_suspected,,strict_lexical_fetch_evidence_unavailable_suspected,,1,True,0,0,0,0,0,False,lexical_hit,False,False,False,0,0,masilife.com,nan,0,True,lexical_hit,False,False
https://work-axis.com,02-04-2026.csv,Axis Bank,axismf.com,failed,,nan,nan,nan,Suspected,Low,weak_evidence,0.5633,0.0,False,True,True,False,False,False,False,False,0,True,False,none,False,none,,False,0,"GoDaddy.com, LLC",NA,NA,NA,NA,0.0,Unknown,0.0,False,False,model_unavailable,,False,strict_lexical_fetch_evidence_unavailable_suspected,strict_lexical_fetch_evidence_unavailable_suspected,strict_lexical_fetch_evidence_unavailable_suspected,,strict_lexical_fetch_evidence_unavailable_suspected,,1,True,0,0,0,0,0,False,lexical_hit,False,False,False,0,0,work-axis.com,nan,0,True,lexical_hit,False,False
https://agraniexpress.com,02-04-2026.csv,Air India,airindiaexpress.com,failed,,nan,nan,nan,Suspected,Low,weak_evidence,0.8919,0.0,True,True,True,True,False,True,False,False,0,True,False,none,False,none,,False,0,"Spaceship, Inc.",NA,NA,NA,NA,0.0,Unknown,0.0,False,False,model_unavailable,,False,strict_lexical_fetch_evidence_unavailable_suspected,strict_lexical_fetch_evidence_unavailable_suspected,strict_lexical_fetch_evidence_unavailable_suspected,,strict_lexical_fetch_evidence_unavailable_suspected,,1,True,0,0,0,0,0,False,lexical_hit,False,False,False,0,0,agraniexpress.com,nan,0,True,lexical_hit,False,False
https://axislead.com,02-04-2026.csv,Axis Bank,axismf.com,failed,,nan,nan,nan,Suspected,Low,weak_evidence,0.8333,0.0,True,False,True,False,False,False,False,False,0,True,False,none,False,none,,False,0,"Name.com, Inc.",NA,NA,NA,NA,0.0,Unknown,0.0,False,False,model_unavailable,,False,strict_lexical_fetch_evidence_unavailable_suspected,strict_lexical_fetch_evidence_unavailable_suspected,strict_lexical_fetch_evidence_unavailable_suspected,,strict_lexical_fetch_evidence_unavailable_suspected,,1,True,0,0,0,0,0,False,lexical_hit,False,False,False,0,0,axislead.com,nan,0,True,lexical_hit,False,False
https://rbi-houston.org,02-04-2026.csv,Reserve Bank of India (RBI),rbi.org.in,failed,,nan,nan,nan,Suspected,Low,weak_evidence,0.8303,0.0,False,True,True,False,False,False,False,False,0,True,False,none,False,none,,False,0,Tucows Domains Inc.,NA,NA,NA,NA,0.0,Unknown,0.0,False,False,model_unavailable,,False,strict_lexical_fetch_evidence_unavailable_suspected,strict_lexical_fetch_evidence_unavailable_suspected,strict_lexical_fetch_evidence_unavailable_suspected,,strict_lexical_fetch_evidence_unavailable_suspected,,1,True,0,0,0,0,0,False,lexical_hit,False,False,False,0,0,rbi-houston.org,nan,0,True,lexical_hit,False,False
https://campions.com,02-04-2026.csv,Computer Age Management Services Ltd. (CAMS),camsonline.com,failed,,nan,nan,nan,Suspected,Low,weak_evidence,0.8675,0.0,True,True,True,True,False,False,False,False,0,True,False,none,False,none,,False,0,GoDaddy Online Services Cayman Islands Ltd.,NA,NA,NA,NA,0.0,Unknown,0.0,False,False,model_unavailable,,False,strict_lexical_fetch_evidence_unavailable_suspected,strict_lexical_fetch_evidence_unavailable_suspected,strict_lexical_fetch_evidence_unavailable_suspected,,strict_lexical_fetch_evidence_unavailable_suspected,,1,True,0,0,0,0,0,False,lexical_hit,False,False,False,0,0,campions.com,nan,0,True,lexical_hit,False,False
https://hruidai.com,02-04-2026.csv,"Unique Identification Authority of India (UIDAI)
",uidai.gov.in,failed,,nan,nan,nan,Suspected,Low,weak_evidence,0.9048,0.0,True,True,True,True,False,True,False,False,0,True,False,none,False,none,,False,0,Alibaba Cloud Computing Ltd. d/b/a HiChina (www.net.cn),NA,NA,NA,NA,0.0,Unknown,0.0,False,False,model_unavailable,,False,strict_lexical_fetch_evidence_unavailable_suspected,strict_lexical_fetch_evidence_unavailable_suspected,strict_lexical_fetch_evidence_unavailable_suspected,,strict_lexical_fetch_evidence_unavailable_suspected,,1,True,0,0,0,0,0,False,lexical_hit,False,False,False,0,0,hruidai.com,nan,0,True,lexical_hit,False,False
https://sacbronline.com,02-04-2026.csv,Computer Age Management Services Ltd. (CAMS),camsonline.com,failed,,nan,nan,nan,Suspected,Low,weak_evidence,0.869,0.0,True,True,True,True,False,False,False,False,0,True,False,none,False,none,,False,0,PDR Ltd. d/b/a PublicDomainRegistry.com,NA,NA,NA,NA,0.0,Unknown,0.0,False,False,model_unavailable,,False,strict_lexical_fetch_evidence_unavailable_suspected,strict_lexical_fetch_evidence_unavailable_suspected,strict_lexical_fetch_evidence_unavailable_suspected,,strict_lexical_fetch_evidence_unavailable_suspected,,1,True,0,0,0,0,0,False,lexical_hit,False,False,False,0,0,sacbronline.com,nan,0,True,lexical_hit,False,False
https://blessindia.com,02-04-2026.csv,BSE Ltd.,bseindia.com,failed,,nan,nan,nan,Suspected,Low,weak_evidence,0.9025,0.0,True,True,True,True,False,True,False,False,0,True,False,none,False,none,,False,0,"GoDaddy.com, LLC",NA,NA,NA,NA,0.0,Unknown,0.0,False,False,model_unavailable,,False,strict_lexical_fetch_evidence_unavailable_suspected,strict_lexical_fetch_evidence_unavailable_suspected,strict_lexical_fetch_evidence_unavailable_suspected,,strict_lexical_fetch_evidence_unavailable_suspected,,1,True,0,0,0,0,0,False,lexical_hit,False,False,False,0,0,blessindia.com,nan,0,True,lexical_hit,False,False
https://seidrain.com,02-04-2026.csv,BSE Ltd.,bseindia.com,failed,,nan,nan,nan,Suspected,Low,weak_evidence,0.869,0.0,True,True,True,True,False,False,False,False,0,True,False,none,False,none,,False,0,"GoDaddy.com, LLC",NA,NA,NA,NA,0.0,Unknown,0.0,False,False,model_unavailable,,False,strict_lexical_fetch_evidence_unavailable_suspected,strict_lexical_fetch_evidence_unavailable_suspected,strict_lexical_fetch_evidence_unavailable_suspected,,strict_lexical_fetch_evidence_unavailable_suspected,,1,True,0,0,0,0,0,False,lexical_hit,False,False,False,0,0,seidrain.com,nan,0,True,lexical_hit,False,False
https://campole.com,02-04-2026.csv,Computer Age Management Services Ltd. (CAMS),camsonline.com,failed,,nan,nan,nan,Suspected,Low,weak_evidence,0.8733,0.0,True,True,True,True,False,False,False,False,0,True,False,none,False,none,,False,0,"TurnCommerce, Inc. DBA NameBright.com",NA,NA,NA,NA,0.0,Unknown,0.0,False,False,model_unavailable,,False,strict_lexical_fetch_evidence_unavailable_suspected,strict_lexical_fetch_evidence_unavailable_suspected,strict_lexical_fetch_evidence_unavailable_suspected,,strict_lexical_fetch_evidence_unavailable_suspected,,1,True,0,0,0,0,0,False,lexical_hit,False,False,False,0,0,campole.com,nan,0,True,lexical_hit,False,False
https://bycindia.com,02-04-2026.csv,BSE Ltd.,bseindia.com,failed,,nan,nan,nan,Suspected,Low,weak_evidence,0.85,0.0,True,True,True,True,False,True,False,False,0,True,False,none,False,none,,False,0,"HOSTINGER operations, UAB",NA,NA,NA,NA,0.0,Unknown,0.0,False,False,model_unavailable,,False,strict_lexical_fetch_evidence_unavailable_suspected,strict_lexical_fetch_evidence_unavailable_suspected,strict_lexical_fetch_evidence_unavailable_suspected,,strict_lexical_fetch_evidence_unavailable_suspected,,1,True,0,0,0,0,0,False,lexical_hit,False,False,False,0,0,bycindia.com,nan,0,True,lexical_hit,False,False
https://sbiwca.com,02-04-2026.csv,State Bank of India (SBI),sbicard.com,failed,,nan,nan,nan,Suspected,Low,weak_evidence,0.8944,0.0,True,True,True,True,False,True,False,False,0,True,False,none,False,none,,False,0,Gname.com Pte. Ltd.,NA,NA,NA,NA,0.0,Unknown,0.0,False,False,model_unavailable,,False,strict_lexical_fetch_evidence_unavailable_suspected,strict_lexical_fetch_evidence_unavailable_suspected,strict_lexical_fetch_evidence_unavailable_suspected,,strict_lexical_fetch_evidence_unavailable_suspected,,1,True,0,0,0,0,0,False,lexical_hit,False,False,False,0,0,sbiwca.com,nan,0,True,lexical_hit,False,False
https://axis-financial.com,02-04-2026.csv,Axis Bank,axismf.com,failed,,nan,nan,nan,Suspected,Low,weak_evidence,0.8381,0.0,True,True,True,False,False,False,False,False,0,True,False,none,False,none,,False,0,"GoDaddy.com, LLC",NA,NA,NA,NA,0.0,Unknown,0.0,False,False,model_unavailable,,False,strict_lexical_fetch_evidence_unavailable_suspected,strict_lexical_fetch_evidence_unavailable_suspected,strict_lexical_fetch_evidence_unavailable_suspected,,strict_lexical_fetch_evidence_unavailable_suspected,,1,True,0,0,0,0,0,False,lexical_hit,False,False,False,0,0,axis-financial.com,nan,0,True,lexical_hit,False,False
https://hdfcgkyy.com,02-04-2026.csv,HDFC Bank,hdfc.com,failed,,nan,nan,nan,Suspected,Low,weak_evidence,0.9,0.0,True,True,True,True,False,False,False,False,0,True,False,none,False,none,,False,0,Gname.com Pte. Ltd.,NA,NA,NA,NA,0.0,Unknown,0.0,False,False,model_unavailable,,False,strict_lexical_fetch_evidence_unavailable_suspected,strict_lexical_fetch_evidence_unavailable_suspected,strict_lexical_fetch_evidence_unavailable_suspected,,strict_lexical_fetch_evidence_unavailable_suspected,,1,True,0,0,0,0,0,False,lexical_hit,False,False,False,0,0,hdfcgkyy.com,nan,0,True,lexical_hit,False,False
https://axis-network.com,02-04-2026.csv,Axis Bank,axismf.com,failed,,nan,nan,nan,Suspected,Low,weak_evidence,0.6667,0.0,True,True,True,False,False,False,False,False,0,True,False,none,False,none,,False,0,"XServer, Inc.",NA,NA,NA,NA,0.0,Unknown,0.0,False,False,model_unavailable,,False,strict_lexical_fetch_evidence_unavailable_suspected,strict_lexical_fetch_evidence_unavailable_suspected,strict_lexical_fetch_evidence_unavailable_suspected,,strict_lexical_fetch_evidence_unavailable_suspected,,1,True,0,0,0,0,0,False,lexical_hit,False,False,False,0,0,axis-network.com,nan,0,True,lexical_hit,False,False
https://peg-eci.org,02-04-2026.csv,Election Commision of India (ECI),eci.gov.in,failed,,nan,nan,nan,Suspected,Low,weak_evidence,0.6,0.0,False,True,True,False,False,False,False,False,0,True,False,none,False,none,,False,0,"GoDaddy.com, LLC",NA,NA,NA,NA,0.0,Unknown,0.0,False,False,model_unavailable,,False,strict_lexical_fetch_evidence_unavailable_suspected,strict_lexical_fetch_evidence_unavailable_suspected,strict_lexical_fetch_evidence_unavailable_suspected,,strict_lexical_fetch_evidence_unavailable_suspected,,1,True,0,0,0,0,0,False,lexical_hit,False,False,False,0,0,peg-eci.org,nan,0,True,lexical_hit,False,False
https://herbsindia.com,02-04-2026.csv,BSE Ltd.,bseindia.com,failed,,nan,nan,nan,Suspected,Low,weak_evidence,0.8917,0.0,True,True,True,True,False,True,False,False,0,True,False,none,False,none,,False,0,"GoDaddy.com, LLC",NA,NA,NA,NA,0.0,Unknown,0.0,False,False,model_unavailable,,False,strict_lexical_fetch_evidence_unavailable_suspected,strict_lexical_fetch_evidence_unavailable_suspected,strict_lexical_fetch_evidence_unavailable_suspected,,strict_lexical_fetch_evidence_unavailable_suspected,,1,True,0,0,0,0,0,False,lexical_hit,False,False,False,0,0,herbsindia.com,nan,0,True,lexical_hit,False,False
https://airtelisp.com,02-04-2026.csv,Airtel,airtel.in,failed,,nan,nan,nan,Suspected,Low,weak_evidence,0.9333,0.0,True,True,True,True,False,True,False,False,0,True,False,none,False,none,,False,0,PDR Ltd. d/b/a PublicDomainRegistry.com,NA,NA,NA,NA,0.0,Unknown,0.0,False,False,model_unavailable,,False,strict_lexical_fetch_evidence_unavailable_suspected,strict_lexical_fetch_evidence_unavailable_suspected,strict_lexical_fetch_evidence_unavailable_suspected,,strict_lexical_fetch_evidence_unavailable_suspected,,1,True,0,0,0,0,0,False,lexical_hit,False,False,False,0,0,airtelisp.com,nan,0,True,lexical_hit,False,False
https://niftechs.com,02-04-2026.csv,Kfintech,kfintech.com,failed,,nan,nan,nan,Suspected,Low,weak_evidence,0.869,0.0,True,True,True,True,False,False,False,False,0,True,False,none,False,none,,False,0,"GoDaddy.com, LLC",NA,NA,NA,NA,0.0,Unknown,0.0,False,False,model_unavailable,,False,strict_lexical_fetch_evidence_unavailable_suspected,strict_lexical_fetch_evidence_unavailable_suspected,strict_lexical_fetch_evidence_unavailable_suspected,,strict_lexical_fetch_evidence_unavailable_suspected,,1,True,0,0,0,0,0,False,lexical_hit,False,False,False,0,0,niftechs.com,nan,0,True,lexical_hit,False,False
https://nepln.com,02-04-2026.csv,Punjab National Bank (PNB),netpnb.com,failed,,nan,nan,nan,Suspected,Low,weak_evidence,0.8578,0.0,True,True,True,True,False,True,False,False,0,True,False,none,False,none,,False,0,"V12 Domains, LLC",NA,NA,NA,NA,0.0,Unknown,0.0,False,False,model_unavailable,,False,strict_lexical_fetch_evidence_unavailable_suspected,strict_lexical_fetch_evidence_unavailable_suspected,strict_lexical_fetch_evidence_unavailable_suspected,,strict_lexical_fetch_evidence_unavailable_suspected,,1,True,0,0,0,0,0,False,lexical_hit,False,False,False,0,0,nepln.com,nan,0,True,lexical_hit,False,False
https://kuberindia.com,02-04-2026.csv,BSE Ltd.,bseindia.com,failed,,nan,nan,nan,Suspected,Low,weak_evidence,0.8583,0.0,True,True,True,True,False,True,False,False,0,True,False,none,False,none,,False,0,"TurnCommerce, Inc. DBA NameBright.com",NA,NA,NA,NA,0.0,Unknown,0.0,False,False,model_unavailable,,False,strict_lexical_fetch_evidence_unavailable_suspected,strict_lexical_fetch_evidence_unavailable_suspected,strict_lexical_fetch_evidence_unavailable_suspected,,strict_lexical_fetch_evidence_unavailable_suspected,,1,True,0,0,0,0,0,False,lexical_hit,False,False,False,0,0,kuberindia.com,nan,0,True,lexical_hit,False,False
https://bcs-online.com,02-04-2026.csv,Computer Age Management Services Ltd. (CAMS),camsonline.com,failed,,nan,nan,nan,Suspected,Low,weak_evidence,0.8667,0.0,True,True,True,True,False,True,False,False,0,True,False,none,False,none,,False,0,"GoDaddy.com, LLC",NA,NA,NA,NA,0.0,Unknown,0.0,False,False,model_unavailable,,False,strict_lexical_fetch_evidence_unavailable_suspected,strict_lexical_fetch_evidence_unavailable_suspected,strict_lexical_fetch_evidence_unavailable_suspected,,strict_lexical_fetch_evidence_unavailable_suspected,,1,True,0,0,0,0,0,False,lexical_hit,False,False,False,0,0,bcs-online.com,nan,0,True,lexical_hit,False,False
https://jaison.com,02-04-2026.csv,Jio,jio.com,failed,,nan,nan,nan,Suspected,Low,weak_evidence,0.85,0.0,True,True,True,True,False,False,False,False,0,True,False,none,False,none,,False,0,"GoDaddy.com, LLC",NA,NA,NA,NA,0.0,Unknown,0.0,False,False,model_unavailable,,False,strict_lexical_fetch_evidence_unavailable_suspected,strict_lexical_fetch_evidence_unavailable_suspected,strict_lexical_fetch_evidence_unavailable_suspected,,strict_lexical_fetch_evidence_unavailable_suspected,,1,True,0,0,0,0,0,False,lexical_hit,False,False,False,0,0,jaison.com,nan,0,True,lexical_hit,False,False
https://c3sonline.com,02-04-2026.csv,Computer Age Management Services Ltd. (CAMS),camsonline.com,failed,,nan,nan,nan,Suspected,Low,weak_evidence,0.9067,0.0,True,True,True,True,False,True,False,False,0,True,False,none,False,none,,False,0,"GoDaddy.com, LLC",NA,NA,NA,NA,0.0,Unknown,0.0,False,False,model_unavailable,,False,strict_lexical_fetch_evidence_unavailable_suspected,strict_lexical_fetch_evidence_unavailable_suspected,strict_lexical_fetch_evidence_unavailable_suspected,,strict_lexical_fetch_evidence_unavailable_suspected,,1,True,0,0,0,0,0,False,lexical_hit,False,False,False,0,0,c3sonline.com,nan,0,True,lexical_hit,False,False
https://tamsonline.com,02-04-2026.csv,Computer Age Management Services Ltd. (CAMS),camsonline.com,failed,,nan,nan,nan,Suspected,Low,weak_evidence,0.9333,0.0,True,True,True,True,False,True,False,False,0,True,False,none,False,none,,False,0,"NameSilo, LLC",NA,NA,NA,NA,0.0,Unknown,0.0,False,False,model_unavailable,,False,strict_lexical_fetch_evidence_unavailable_suspected,strict_lexical_fetch_evidence_unavailable_suspected,strict_lexical_fetch_evidence_unavailable_suspected,,strict_lexical_fetch_evidence_unavailable_suspected,,1,True,0,0,0,0,0,False,lexical_hit,False,False,False,0,0,tamsonline.com,nan,0,True,lexical_hit,False,False
https://jiboyi.com,02-04-2026.csv,Jio,jio.com,failed,,nan,nan,nan,Suspected,Low,weak_evidence,0.8667,0.0,True,True,True,True,False,False,False,False,0,True,False,none,False,none,,False,0,Gname.com Pte. Ltd.,NA,NA,NA,NA,0.0,Unknown,0.0,False,False,model_unavailable,,False,strict_lexical_fetch_evidence_unavailable_suspected,strict_lexical_fetch_evidence_unavailable_suspected,strict_lexical_fetch_evidence_unavailable_suspected,,strict_lexical_fetch_evidence_unavailable_suspected,,1,True,0,0,0,0,0,False,lexical_hit,False,False,False,0,0,jiboyi.com,nan,0,True,lexical_hit,False,False
https://aiimssociety.com,02-04-2026.csv,All India Institute of Medical Sciences (AIIMS),aiims.edu,failed,,nan,nan,nan,Suspected,Low,weak_evidence,0.8833,0.0,True,True,True,True,False,False,False,False,0,True,False,none,False,none,,False,0,"GoDaddy.com, LLC",NA,NA,NA,NA,0.0,Unknown,0.0,False,False,model_unavailable,,False,strict_lexical_fetch_evidence_unavailable_suspected,strict_lexical_fetch_evidence_unavailable_suspected,strict_lexical_fetch_evidence_unavailable_suspected,,strict_lexical_fetch_evidence_unavailable_suspected,,1,True,0,0,0,0,0,False,lexical_hit,False,False,False,0,0,aiimssociety.com,nan,0,True,lexical_hit,False,False
https://jimot.com,02-04-2026.csv,Jio,jio.com,failed,,nan,nan,nan,Suspected,Low,weak_evidence,0.8933,0.0,True,True,True,True,False,True,False,False,0,True,False,none,False,none,,False,0,"GMO Internet Group, Inc. d/b/a Onamae.com",NA,NA,NA,NA,0.0,Unknown,0.0,False,False,model_unavailable,,False,strict_lexical_fetch_evidence_unavailable_suspected,strict_lexical_fetch_evidence_unavailable_suspected,strict_lexical_fetch_evidence_unavailable_suspected,,strict_lexical_fetch_evidence_unavailable_suspected,,1,True,0,0,0,0,0,False,lexical_hit,False,False,False,0,0,jimot.com,nan,0,True,lexical_hit,False,False
https://camsonrealty.com,02-04-2026.csv,Computer Age Management Services Ltd. (CAMS),camsonline.com,failed,,nan,nan,nan,Suspected,Low,weak_evidence,0.8683,0.0,True,True,True,True,False,False,False,False,0,True,False,none,False,none,,False,0,IONOS SE,NA,NA,NA,NA,0.0,Unknown,0.0,False,False,model_unavailable,,False,strict_lexical_fetch_evidence_unavailable_suspected,strict_lexical_fetch_evidence_unavailable_suspected,strict_lexical_fetch_evidence_unavailable_suspected,,strict_lexical_fetch_evidence_unavailable_suspected,,1,True,0,0,0,0,0,False,lexical_hit,False,False,False,0,0,camsonrealty.com,nan,0,True,lexical_hit,False,False
https://dcm-online.com,02-04-2026.csv,Computer Age Management Services Ltd. (CAMS),camsonline.com,failed,,nan,nan,nan,Suspected,Low,weak_evidence,0.8667,0.0,True,True,True,True,False,True,False,False,0,True,False,none,False,none,,False,0,"GoDaddy.com, LLC",NA,NA,NA,NA,0.0,Unknown,0.0,False,False,model_unavailable,,False,strict_lexical_fetch_evidence_unavailable_suspected,strict_lexical_fetch_evidence_unavailable_suspected,strict_lexical_fetch_evidence_unavailable_suspected,,strict_lexical_fetch_evidence_unavailable_suspected,,1,True,0,0,0,0,0,False,lexical_hit,False,False,False,0,0,dcm-online.com,nan,0,True,lexical_hit,False,False
https://fsfintech.com,02-04-2026.csv,Kfintech,kfintech.com,failed,,nan,nan,nan,Suspected,Low,weak_evidence,0.8843,0.0,True,True,True,True,False,True,False,False,0,True,False,none,False,none,,False,0,"NameCheap, Inc.",NA,NA,NA,NA,0.0,Unknown,0.0,False,False,model_unavailable,,False,strict_lexical_fetch_evidence_unavailable_suspected,strict_lexical_fetch_evidence_unavailable_suspected,strict_lexical_fetch_evidence_unavailable_suspected,,strict_lexical_fetch_evidence_unavailable_suspected,,1,True,0,0,0,0,0,False,lexical_hit,False,False,False,0,0,fsfintech.com,nan,0,True,lexical_hit,False,False
https://fnstech.com,02-04-2026.csv,Kfintech,kfintech.com,failed,,nan,nan,nan,Suspected,Low,weak_evidence,0.869,0.0,True,True,True,True,False,True,False,False,0,True,False,none,False,none,,False,0,"Gabia, Inc.",NA,NA,NA,NA,0.0,Unknown,0.0,False,False,model_unavailable,,False,strict_lexical_fetch_evidence_unavailable_suspected,strict_lexical_fetch_evidence_unavailable_suspected,strict_lexical_fetch_evidence_unavailable_suspected,,strict_lexical_fetch_evidence_unavailable_suspected,,1,True,0,0,0,0,0,False,lexical_hit,False,False,False,0,0,fnstech.com,nan,0,True,lexical_hit,False,False
https://hdcnlife.com,02-04-2026.csv,HDFC Bank,hdfclife.com,failed,,nan,nan,nan,Suspected,Low,weak_evidence,0.9333,0.0,True,True,True,True,False,True,False,False,0,True,False,none,False,none,,False,0,Gname.com Pte. Ltd.,NA,NA,NA,NA,0.0,Unknown,0.0,False,False,model_unavailable,,False,strict_lexical_fetch_evidence_unavailable_suspected,strict_lexical_fetch_evidence_unavailable_suspected,strict_lexical_fetch_evidence_unavailable_suspected,,strict_lexical_fetch_evidence_unavailable_suspected,,1,True,0,0,0,0,0,False,lexical_hit,False,False,False,0,0,hdcnlife.com,nan,0,True,lexical_hit,False,False
https://nikotech.com,02-04-2026.csv,Kfintech,kfintech.com,failed,,nan,nan,nan,Suspected,Low,weak_evidence,0.869,0.0,True,True,True,True,False,False,False,False,0,True,False,none,False,none,,False,0,"GoDaddy.com, LLC",NA,NA,NA,NA,0.0,Unknown,0.0,False,False,model_unavailable,,False,strict_lexical_fetch_evidence_unavailable_suspected,strict_lexical_fetch_evidence_unavailable_suspected,strict_lexical_fetch_evidence_unavailable_suspected,,strict_lexical_fetch_evidence_unavailable_suspected,,1,True,0,0,0,0,0,False,lexical_hit,False,False,False,0,0,nikotech.com,nan,0,True,lexical_hit,False,False
https://aesyonline.com,02-04-2026.csv,Computer Age Management Services Ltd. (CAMS),camsonline.com,failed,,nan,nan,nan,Suspected,Low,weak_evidence,0.8667,0.0,True,True,True,True,False,True,False,False,0,True,False,none,False,none,,False,0,"Wild West Domains, LLC",NA,NA,NA,NA,0.0,Unknown,0.0,False,False,model_unavailable,,False,strict_lexical_fetch_evidence_unavailable_suspected,strict_lexical_fetch_evidence_unavailable_suspected,strict_lexical_fetch_evidence_unavailable_suspected,,strict_lexical_fetch_evidence_unavailable_suspected,,1,True,0,0,0,0,0,False,lexical_hit,False,False,False,0,0,aesyonline.com,nan,0,True,lexical_hit,False,False
https://rbih.org,02-04-2026.csv,Reserve Bank of India (RBI),rbi.org.in,failed,,nan,nan,nan,Suspected,Low,weak_evidence,0.9417,0.0,True,True,True,True,False,True,False,False,0,True,False,none,False,none,,False,0,Dynadot Inc,NA,NA,NA,NA,0.0,Unknown,0.0,False,False,model_unavailable,,False,strict_lexical_fetch_evidence_unavailable_suspected,strict_lexical_fetch_evidence_unavailable_suspected,strict_lexical_fetch_evidence_unavailable_suspected,,strict_lexical_fetch_evidence_unavailable_suspected,,1,True,0,0,0,0,0,False,lexical_hit,False,False,False,0,0,rbih.org,nan,0,True,lexical_hit,False,False
https://jioujia.com,02-04-2026.csv,Jio,jio.com,failed,,nan,nan,nan,Suspected,Low,weak_evidence,0.8667,0.0,True,True,True,True,False,False,False,False,0,True,False,none,False,none,,False,0,Gname.com Pte. Ltd.,NA,NA,NA,NA,0.0,Unknown,0.0,False,False,model_unavailable,,False,strict_lexical_fetch_evidence_unavailable_suspected,strict_lexical_fetch_evidence_unavailable_suspected,strict_lexical_fetch_evidence_unavailable_suspected,,strict_lexical_fetch_evidence_unavailable_suspected,,1,True,0,0,0,0,0,False,lexical_hit,False,False,False,0,0,jioujia.com,nan,0,True,lexical_hit,False,False
https://bseid.com,02-04-2026.csv,BSE Ltd.,bseindia.com,failed,,nan,nan,nan,Suspected,Low,weak_evidence,0.925,0.0,True,True,True,True,False,True,False,False,0,True,False,none,False,none,,False,0,"Wild West Domains, LLC",NA,NA,NA,NA,0.0,Unknown,0.0,False,False,model_unavailable,,False,strict_lexical_fetch_evidence_unavailable_suspected,strict_lexical_fetch_evidence_unavailable_suspected,strict_lexical_fetch_evidence_unavailable_suspected,,strict_lexical_fetch_evidence_unavailable_suspected,,1,True,0,0,0,0,0,False,lexical_hit,False,False,False,0,0,bseid.com,nan,0,True,lexical_hit,False,False
https://mai-nha.org,02-04-2026.csv,National Health Authority (NHA),nha.gov.in,failed,,nan,nan,nan,Suspected,Low,weak_evidence,0.6,0.0,False,True,True,False,False,False,False,False,0,True,False,none,False,none,,False,0,OVH sas,NA,NA,NA,NA,0.0,Unknown,0.0,False,False,model_unavailable,,False,strict_lexical_fetch_evidence_unavailable_suspected,strict_lexical_fetch_evidence_unavailable_suspected,strict_lexical_fetch_evidence_unavailable_suspected,,strict_lexical_fetch_evidence_unavailable_suspected,,1,True,0,0,0,0,0,False,lexical_hit,False,False,False,0,0,mai-nha.org,nan,0,True,lexical_hit,False,False
https://netpran.com,02-04-2026.csv,Punjab National Bank (PNB),netpnb.com,failed,,nan,nan,nan,Suspected,Low,weak_evidence,0.9095,0.0,True,True,True,True,False,True,False,False,0,True,False,none,False,none,,False,0,Good Domain Registry Pvt Ltd.,NA,NA,NA,NA,0.0,Unknown,0.0,False,False,model_unavailable,,False,strict_lexical_fetch_evidence_unavailable_suspected,strict_lexical_fetch_evidence_unavailable_suspected,strict_lexical_fetch_evidence_unavailable_suspected,,strict_lexical_fetch_evidence_unavailable_suspected,,1,True,0,0,0,0,0,False,lexical_hit,False,False,False,0,0,netpran.com,nan,0,True,lexical_hit,False,False
https://sbimali.com,02-04-2026.csv,State Bank of India (SBI),sbimf.com,failed,,nan,nan,nan,Suspected,Low,weak_evidence,0.8743,0.0,True,True,True,True,False,False,False,False,0,True,False,none,False,none,,False,0,Ligne Web Services SAS dba LWS,NA,NA,NA,NA,0.0,Unknown,0.0,False,False,model_unavailable,,False,strict_lexical_fetch_evidence_unavailable_suspected,strict_lexical_fetch_evidence_unavailable_suspected,strict_lexical_fetch_evidence_unavailable_suspected,,strict_lexical_fetch_evidence_unavailable_suspected,,1,True,0,0,0,0,0,False,lexical_hit,False,False,False,0,0,sbimali.com,nan,0,True,lexical_hit,False,False
https://switzcard.com,02-04-2026.csv,State Bank of India (SBI),sbicard.com,failed,,nan,nan,nan,Suspected,Low,weak_evidence,0.8571,0.0,True,True,True,True,False,True,False,False,0,True,False,none,False,none,,False,0,"GoDaddy.com, LLC",NA,NA,NA,NA,0.0,Unknown,0.0,False,False,model_unavailable,,False,strict_lexical_fetch_evidence_unavailable_suspected,strict_lexical_fetch_evidence_unavailable_suspected,strict_lexical_fetch_evidence_unavailable_suspected,,strict_lexical_fetch_evidence_unavailable_suspected,,1,True,0,0,0,0,0,False,lexical_hit,False,False,False,0,0,switzcard.com,nan,0,True,lexical_hit,False,False
https://canalcorporate.com,02-04-2026.csv,Canara Bank,canararobeco.com,failed,,nan,nan,nan,Suspected,Low,weak_evidence,0.9041,0.0,True,True,True,True,False,False,False,False,0,True,False,none,False,none,,False,0,"Domain.com - Network Solutions, LLC",NA,NA,NA,NA,0.0,Unknown,0.0,False,False,model_unavailable,,False,strict_lexical_fetch_evidence_unavailable_suspected,strict_lexical_fetch_evidence_unavailable_suspected,strict_lexical_fetch_evidence_unavailable_suspected,,strict_lexical_fetch_evidence_unavailable_suspected,,1,True,0,0,0,0,0,False,lexical_hit,False,False,False,0,0,canalcorporate.com,nan,0,True,lexical_hit,False,False
https://amialife.com,02-04-2026.csv,Axis Bank,axismaxlife.com,failed,,nan,nan,nan,Suspected,Low,weak_evidence,0.8807,0.0,True,True,True,True,False,True,False,False,0,True,False,none,False,none,,False,0,CSL Computer Service Langenbach GmbH d/b/a joker.com,NA,NA,NA,NA,0.0,Unknown,0.0,False,False,model_unavailable,,False,strict_lexical_fetch_evidence_unavailable_suspected,strict_lexical_fetch_evidence_unavailable_suspected,strict_lexical_fetch_evidence_unavailable_suspected,,strict_lexical_fetch_evidence_unavailable_suspected,,1,True,0,0,0,0,0,False,lexical_hit,False,False,False,0,0,amialife.com,nan,0,True,lexical_hit,False,False
https://crebit.org,02-04-2026.csv,Reserve Bank of India (RBI),rebit.org.in,failed,,nan,nan,nan,Suspected,Low,weak_evidence,0.9444,0.0,True,True,True,True,False,True,False,False,0,True,False,none,False,none,,False,0,"GoDaddy.com, LLC",NA,NA,NA,NA,0.0,Unknown,0.0,False,False,model_unavailable,,False,strict_lexical_fetch_evidence_unavailable_suspected,strict_lexical_fetch_evidence_unavailable_suspected,strict_lexical_fetch_evidence_unavailable_suspected,,strict_lexical_fetch_evidence_unavailable_suspected,,1,True,0,0,0,0,0,False,lexical_hit,False,False,False,0,0,crebit.org,nan,0,True,lexical_hit,False,False
https://canadamain.com,02-04-2026.csv,National Health Authority (NHA),abdm.gov.in,failed,,nan,nan,nan,Suspected,Low,weak_evidence,0.6833,0.0,True,False,True,False,False,False,False,False,0,True,False,none,False,none,,False,0,Bluehost Inc.,NA,NA,NA,NA,0.0,Unknown,0.0,False,False,model_unavailable,,False,strict_lexical_fetch_evidence_unavailable_suspected,strict_lexical_fetch_evidence_unavailable_suspected,strict_lexical_fetch_evidence_unavailable_suspected,,strict_lexical_fetch_evidence_unavailable_suspected,,1,True,0,0,0,0,0,False,lexical_hit,False,False,False,0,0,canadamain.com,nan,0,True,lexical_hit,False,False
https://subjio.com,02-04-2026.csv,State Bank of India (SBI),sbi.co.in,failed,,nan,nan,nan,Suspected,Low,weak_evidence,0.85,0.0,True,True,True,True,False,False,False,False,0,True,False,none,False,none,,False,0,"GoDaddy.com, LLC",NA,NA,NA,NA,0.0,Unknown,0.0,False,False,model_unavailable,,False,strict_lexical_fetch_evidence_unavailable_suspected,strict_lexical_fetch_evidence_unavailable_suspected,strict_lexical_fetch_evidence_unavailable_suspected,,strict_lexical_fetch_evidence_unavailable_suspected,,1,True,0,0,0,0,0,False,lexical_hit,False,False,False,0,0,subjio.com,nan,0,True,lexical_hit,False,False
https://ljiod.com,02-04-2026.csv,Jio,jio.com,failed,,nan,nan,nan,Suspected,Low,weak_evidence,0.8667,0.0,True,True,True,True,False,True,False,False,0,True,False,none,False,none,,False,0,Gname.com Pte. Ltd.,NA,NA,NA,NA,0.0,Unknown,0.0,False,False,model_unavailable,,False,strict_lexical_fetch_evidence_unavailable_suspected,strict_lexical_fetch_evidence_unavailable_suspected,strict_lexical_fetch_evidence_unavailable_suspected,,strict_lexical_fetch_evidence_unavailable_suspected,,1,True,0,0,0,0,0,False,lexical_hit,False,False,False,0,0,ljiod.com,nan,0,True,lexical_hit,False,False
https://drebit.net,02-04-2026.csv,Reserve Bank of India (RBI),rebit.org.in,failed,,nan,nan,nan,Suspected,Low,weak_evidence,0.9444,0.0,True,True,True,True,False,True,False,False,0,True,False,none,False,none,,False,0,"GMO Internet Group, Inc. d/b/a Onamae.com",NA,NA,NA,NA,0.0,Unknown,0.0,False,False,model_unavailable,,False,strict_lexical_fetch_evidence_unavailable_suspected,strict_lexical_fetch_evidence_unavailable_suspected,strict_lexical_fetch_evidence_unavailable_suspected,,strict_lexical_fetch_evidence_unavailable_suspected,,1,True,0,0,0,0,0,False,lexical_hit,False,False,False,0,0,drebit.net,nan,0,True,lexical_hit,False,False
https://fintechfi.com,02-04-2026.csv,Kfintech,kfintech.com,failed,,nan,nan,nan,Suspected,Low,weak_evidence,0.8843,0.0,True,True,True,True,False,True,False,False,0,True,False,none,False,none,,False,0,"GoDaddy.com, LLC",NA,NA,NA,NA,0.0,Unknown,0.0,False,False,model_unavailable,,False,strict_lexical_fetch_evidence_unavailable_suspected,strict_lexical_fetch_evidence_unavailable_suspected,strict_lexical_fetch_evidence_unavailable_suspected,,strict_lexical_fetch_evidence_unavailable_suspected,,1,True,0,0,0,0,0,False,lexical_hit,False,False,False,0,0,fintechfi.com,nan,0,True,lexical_hit,False,False
https://airgoexpress.com,02-04-2026.csv,Air India,airindiaexpress.com,failed,,nan,nan,nan,Suspected,Low,weak_evidence,0.8833,0.0,True,True,True,True,False,True,False,False,0,True,False,none,False,none,,False,0,"Arsys Internet, S.L. dba NICLINE.COM",NA,NA,NA,NA,0.0,Unknown,0.0,False,False,model_unavailable,,False,strict_lexical_fetch_evidence_unavailable_suspected,strict_lexical_fetch_evidence_unavailable_suspected,strict_lexical_fetch_evidence_unavailable_suspected,,strict_lexical_fetch_evidence_unavailable_suspected,,1,True,0,0,0,0,0,False,lexical_hit,False,False,False,0,0,airgoexpress.com,nan,0,True,lexical_hit,False,False
https://acsronline.com,02-04-2026.csv,Computer Age Management Services Ltd. (CAMS),camsonline.com,failed,,nan,nan,nan,Suspected,Low,weak_evidence,0.8963,0.0,True,True,True,True,False,True,False,False,0,True,False,none,False,none,,False,0,"OnlineNIC, Inc.",NA,NA,NA,NA,0.0,Unknown,0.0,False,False,model_unavailable,,False,strict_lexical_fetch_evidence_unavailable_suspected,strict_lexical_fetch_evidence_unavailable_suspected,strict_lexical_fetch_evidence_unavailable_suspected,,strict_lexical_fetch_evidence_unavailable_suspected,,1,True,0,0,0,0,0,False,lexical_hit,False,False,False,0,0,acsronline.com,nan,0,True,lexical_hit,False,False
https://design-axis.com,02-04-2026.csv,Axis Bank,axismaxlife.com,failed,,nan,nan,nan,Suspected,Low,weak_evidence,0.5697,0.0,False,True,True,False,False,False,False,False,0,True,False,none,False,none,,False,0,"OwnRegistrar, Inc.",NA,NA,NA,NA,0.0,Unknown,0.0,False,False,model_unavailable,,False,strict_lexical_fetch_evidence_unavailable_suspected,strict_lexical_fetch_evidence_unavailable_suspected,strict_lexical_fetch_evidence_unavailable_suspected,,strict_lexical_fetch_evidence_unavailable_suspected,,1,True,0,0,0,0,0,False,lexical_hit,False,False,False,0,0,design-axis.com,nan,0,True,lexical_hit,False,False
https://jzijob.com,02-04-2026.csv,Jio,jio.com,failed,,nan,nan,nan,Suspected,Low,weak_evidence,0.85,0.0,True,True,True,True,False,False,False,False,0,True,False,none,False,none,,False,0,Gname.com Pte. Ltd.,NA,NA,NA,NA,0.0,Unknown,0.0,False,False,model_unavailable,,False,strict_lexical_fetch_evidence_unavailable_suspected,strict_lexical_fetch_evidence_unavailable_suspected,strict_lexical_fetch_evidence_unavailable_suspected,,strict_lexical_fetch_evidence_unavailable_suspected,,1,True,0,0,0,0,0,False,lexical_hit,False,False,False,0,0,jzijob.com,nan,0,True,lexical_hit,False,False
https://nha-aue.com,02-04-2026.csv,National Health Authority (NHA),nha.gov.in,failed,,nan,nan,nan,Suspected,Low,weak_evidence,0.8667,0.0,True,True,True,True,False,False,False,False,0,True,False,none,False,none,,False,0,INWX GmbH,NA,NA,NA,NA,0.0,Unknown,0.0,False,False,model_unavailable,,False,strict_lexical_fetch_evidence_unavailable_suspected,strict_lexical_fetch_evidence_unavailable_suspected,strict_lexical_fetch_evidence_unavailable_suspected,,strict_lexical_fetch_evidence_unavailable_suspected,,1,True,0,0,0,0,0,False,lexical_hit,False,False,False,0,0,nha-aue.com,nan,0,True,lexical_hit,False,False
https://axisat.com,02-04-2026.csv,Axis Bank,axismf.com,failed,,nan,nan,nan,Suspected,Low,weak_evidence,0.8667,0.0,True,True,True,True,False,False,False,False,0,True,False,none,False,none,,False,0,"GoDaddy.com, LLC",NA,NA,NA,NA,0.0,Unknown,0.0,False,False,model_unavailable,,False,strict_lexical_fetch_evidence_unavailable_suspected,strict_lexical_fetch_evidence_unavailable_suspected,strict_lexical_fetch_evidence_unavailable_suspected,,strict_lexical_fetch_evidence_unavailable_suspected,,1,True,0,0,0,0,0,False,lexical_hit,False,False,False,0,0,axisat.com,nan,0,True,lexical_hit,False,False
https://jzdiou.com,02-04-2026.csv,Jio,jio.com,failed,,nan,nan,nan,Suspected,Low,weak_evidence,0.85,0.0,True,True,True,True,False,False,False,False,0,True,False,none,False,none,,False,0,Metaregistrar BV,NA,NA,NA,NA,0.0,Unknown,0.0,False,False,model_unavailable,,False,strict_lexical_fetch_evidence_unavailable_suspected,strict_lexical_fetch_evidence_unavailable_suspected,strict_lexical_fetch_evidence_unavailable_suspected,,strict_lexical_fetch_evidence_unavailable_suspected,,1,True,0,0,0,0,0,False,lexical_hit,False,False,False,0,0,jzdiou.com,nan,0,True,lexical_hit,False,False
https://eaonline.com,02-04-2026.csv,Computer Age Management Services Ltd. (CAMS),camsonline.com,failed,,nan,nan,nan,Suspected,Low,weak_evidence,0.8583,0.0,True,True,True,True,False,True,False,False,0,True,False,none,False,none,,False,0,GoDaddy Online Services Cayman Islands Ltd.,NA,NA,NA,NA,0.0,Unknown,0.0,False,False,model_unavailable,,False,strict_lexical_fetch_evidence_unavailable_suspected,strict_lexical_fetch_evidence_unavailable_suspected,strict_lexical_fetch_evidence_unavailable_suspected,,strict_lexical_fetch_evidence_unavailable_suspected,,1,True,0,0,0,0,0,False,lexical_hit,False,False,False,0,0,eaonline.com,nan,0,True,lexical_hit,False,False
https://jigo1.com,02-04-2026.csv,Jio,jio.com,failed,,nan,nan,nan,Suspected,Low,weak_evidence,0.8933,0.0,True,True,True,True,False,True,False,False,0,True,False,none,False,none,,False,0,"XServer, Inc.",NA,NA,NA,NA,0.0,Unknown,0.0,False,False,model_unavailable,,False,strict_lexical_fetch_evidence_unavailable_suspected,strict_lexical_fetch_evidence_unavailable_suspected,strict_lexical_fetch_evidence_unavailable_suspected,,strict_lexical_fetch_evidence_unavailable_suspected,,1,True,0,0,0,0,0,False,lexical_hit,False,False,False,0,0,jigo1.com,nan,0,True,lexical_hit,False,False
https://canarabanktrade.com,02-04-2026.csv,Canara Bank,canararobeco.com,failed,,nan,nan,nan,Suspected,Low,weak_evidence,0.8478,0.0,True,False,True,False,False,False,False,False,0,True,False,none,False,none,,False,0,"GoDaddy.com, LLC",NA,NA,NA,NA,0.0,Unknown,0.0,False,False,model_unavailable,,False,strict_lexical_fetch_evidence_unavailable_suspected,strict_lexical_fetch_evidence_unavailable_suspected,strict_lexical_fetch_evidence_unavailable_suspected,,strict_lexical_fetch_evidence_unavailable_suspected,,1,True,0,0,0,0,0,False,lexical_hit,False,False,False,0,0,canarabanktrade.com,nan,0,True,lexical_hit,False,False
https://bri-axis.com,02-04-2026.csv,Axis Bank,axismf.com,failed,,nan,nan,nan,Suspected,Low,weak_evidence,0.6014,0.0,False,True,True,False,False,False,False,False,0,True,False,none,False,none,,False,0,Shinjiru Technology Sdn Bhd,NA,NA,NA,NA,0.0,Unknown,0.0,False,False,model_unavailable,,False,strict_lexical_fetch_evidence_unavailable_suspected,strict_lexical_fetch_evidence_unavailable_suspected,strict_lexical_fetch_evidence_unavailable_suspected,,strict_lexical_fetch_evidence_unavailable_suspected,,1,True,0,0,0,0,0,False,lexical_hit,False,False,False,0,0,bri-axis.com,nan,0,True,lexical_hit,False,False
https://camsmile.com,02-04-2026.csv,Computer Age Management Services Ltd. (CAMS),camsonline.com,failed,,nan,nan,nan,Suspected,Low,weak_evidence,0.8864,0.0,True,True,True,True,False,False,False,False,0,True,False,none,False,none,,False,0,"GoDaddy.com, LLC",NA,NA,NA,NA,0.0,Unknown,0.0,False,False,model_unavailable,,False,strict_lexical_fetch_evidence_unavailable_suspected,strict_lexical_fetch_evidence_unavailable_suspected,strict_lexical_fetch_evidence_unavailable_suspected,,strict_lexical_fetch_evidence_unavailable_suspected,,1,True,0,0,0,0,0,False,lexical_hit,False,False,False,0,0,camsmile.com,nan,0,True,lexical_hit,False,False
https://jinopt.com,02-04-2026.csv,Jio,jio.com,failed,,nan,nan,nan,Suspected,Low,weak_evidence,0.8667,0.0,True,True,True,True,False,False,False,False,0,True,False,none,False,none,,False,0,Gname.com Pte. Ltd.,NA,NA,NA,NA,0.0,Unknown,0.0,False,False,model_unavailable,,False,strict_lexical_fetch_evidence_unavailable_suspected,strict_lexical_fetch_evidence_unavailable_suspected,strict_lexical_fetch_evidence_unavailable_suspected,,strict_lexical_fetch_evidence_unavailable_suspected,,1,True,0,0,0,0,0,False,lexical_hit,False,False,False,0,0,jinopt.com,nan,0,True,lexical_hit,False,False
https://canaok.com,02-04-2026.csv,Canara Bank,canararobeco.com,failed,,nan,nan,nan,Suspected,Low,weak_evidence,0.85,0.0,True,True,True,True,False,False,False,False,0,True,False,none,False,none,,False,0,"NameCheap, Inc.",NA,NA,NA,NA,0.0,Unknown,0.0,False,False,model_unavailable,,False,strict_lexical_fetch_evidence_unavailable_suspected,strict_lexical_fetch_evidence_unavailable_suspected,strict_lexical_fetch_evidence_unavailable_suspected,,strict_lexical_fetch_evidence_unavailable_suspected,,1,True,0,0,0,0,0,False,lexical_hit,False,False,False,0,0,canaok.com,nan,0,True,lexical_hit,False,False
https://incometaxcentre.com,02-04-2026.csv,Income Tax Department,incometaxindia.gov.in,failed,,nan,nan,nan,Suspected,Low,weak_evidence,0.8762,0.0,True,True,True,True,False,False,False,False,0,True,False,none,False,none,,False,0,"NameCheap, Inc.",NA,NA,NA,NA,0.0,Unknown,0.0,False,False,model_unavailable,,False,strict_lexical_fetch_evidence_unavailable_suspected,strict_lexical_fetch_evidence_unavailable_suspected,strict_lexical_fetch_evidence_unavailable_suspected,,strict_lexical_fetch_evidence_unavailable_suspected,,1,True,0,0,0,0,0,False,lexical_hit,False,False,False,0,0,incometaxcentre.com,nan,0,True,lexical_hit,False,False
https://axissat.com,02-04-2026.csv,Axis Bank,axismf.com,failed,,nan,nan,nan,Suspected,Low,weak_evidence,0.8476,0.0,True,False,True,False,False,False,False,False,0,True,False,none,False,none,,False,0,"GoDaddy.com, LLC",NA,NA,NA,NA,0.0,Unknown,0.0,False,False,model_unavailable,,False,strict_lexical_fetch_evidence_unavailable_suspected,strict_lexical_fetch_evidence_unavailable_suspected,strict_lexical_fetch_evidence_unavailable_suspected,,strict_lexical_fetch_evidence_unavailable_suspected,,1,True,0,0,0,0,0,False,lexical_hit,False,False,False,0,0,axissat.com,nan,0,True,lexical_hit,False,False
https://carmanfairbanks.com,02-04-2026.csv,Canara Bank,canararobeco.com,failed,,nan,nan,nan,Suspected,Low,weak_evidence,0.6917,0.0,True,False,True,False,False,False,False,False,0,True,False,none,False,none,,False,0,"NameCheap, Inc.",NA,NA,NA,NA,0.0,Unknown,0.0,False,False,model_unavailable,,False,strict_lexical_fetch_evidence_unavailable_suspected,strict_lexical_fetch_evidence_unavailable_suspected,strict_lexical_fetch_evidence_unavailable_suspected,,strict_lexical_fetch_evidence_unavailable_suspected,,1,True,0,0,0,0,0,False,lexical_hit,False,False,False,0,0,carmanfairbanks.com,nan,0,True,lexical_hit,False,False
https://hdafrica.com,02-04-2026.csv,HDFC Bank,hdfc.com,failed,,nan,nan,nan,Suspected,Low,weak_evidence,0.8667,0.0,True,True,True,True,False,False,False,False,0,True,False,none,False,none,,False,0,Dynadot Inc,NA,NA,NA,NA,0.0,Unknown,0.0,False,False,model_unavailable,,False,strict_lexical_fetch_evidence_unavailable_suspected,strict_lexical_fetch_evidence_unavailable_suspected,strict_lexical_fetch_evidence_unavailable_suspected,,strict_lexical_fetch_evidence_unavailable_suspected,,1,True,0,0,0,0,0,False,lexical_hit,False,False,False,0,0,hdafrica.com,nan,0,True,lexical_hit,False,False
https://iciciydr.icu,02-04-2026.csv,ICICI Bank,icicidirect.com,failed,,nan,nan,nan,Suspected,Low,weak_evidence,0.9023,0.0,True,True,True,True,False,False,False,False,0,True,False,none,False,none,,False,0,Gname.com Pte. Ltd.,NA,NA,NA,NA,0.0,Unknown,0.0,False,False,model_unavailable,,False,strict_lexical_fetch_evidence_unavailable_suspected,strict_lexical_fetch_evidence_unavailable_suspected,strict_lexical_fetch_evidence_unavailable_suspected,,strict_lexical_fetch_evidence_unavailable_suspected,,1,True,0,0,0,0,0,False,dns_not_mapped_to_ip,False,False,False,0,0,iciciydr.icu,nan,0,False,dns_not_mapped_lexical_hit,False,False
https://axiosy.com,02-04-2026.csv,Axis Bank,axismf.com,failed,,nan,nan,nan,Suspected,Low,weak_evidence,0.8444,0.0,True,False,True,False,False,False,False,False,0,True,False,none,False,none,,False,0,"Wild West Domains, LLC",NA,NA,NA,NA,0.0,Unknown,0.0,False,False,model_unavailable,,False,strict_lexical_fetch_evidence_unavailable_suspected,strict_lexical_fetch_evidence_unavailable_suspected,strict_lexical_fetch_evidence_unavailable_suspected,,strict_lexical_fetch_evidence_unavailable_suspected,,1,True,0,0,0,0,0,False,dns_not_mapped_to_ip,False,False,False,0,0,axiosy.com,nan,0,False,dns_not_mapped_lexical_hit,False,False
https://icicivpe.icu,02-04-2026.csv,ICICI Bank,iciciprulife.com,failed,,nan,nan,nan,Suspected,Low,weak_evidence,0.8917,0.0,True,True,True,True,False,False,False,False,0,True,False,none,False,none,,False,0,Gname.com Pte. Ltd.,NA,NA,NA,NA,0.0,Unknown,0.0,False,False,model_unavailable,,False,strict_lexical_fetch_evidence_unavailable_suspected,strict_lexical_fetch_evidence_unavailable_suspected,strict_lexical_fetch_evidence_unavailable_suspected,,strict_lexical_fetch_evidence_unavailable_suspected,,1,True,0,0,0,0,0,False,dns_not_mapped_to_ip,False,False,False,0,0,icicivpe.icu,nan,0,False,dns_not_mapped_lexical_hit,False,False
https://eci-2.com,02-04-2026.csv,Election Commision of India (ECI),eci.gov.in,failed,,nan,nan,nan,Suspected,Low,weak_evidence,0.9067,0.0,True,True,True,True,False,True,False,False,0,True,False,none,False,none,,False,0,"Cloudflare, Inc.",NA,NA,NA,NA,0.0,Unknown,0.0,False,False,model_unavailable,,False,strict_lexical_fetch_evidence_unavailable_suspected,strict_lexical_fetch_evidence_unavailable_suspected,strict_lexical_fetch_evidence_unavailable_suspected,,strict_lexical_fetch_evidence_unavailable_suspected,,1,True,0,0,0,0,0,False,dns_not_mapped_to_ip,False,False,False,0,0,eci-2.com,nan,0,False,dns_not_mapped_lexical_hit,False,False
https://kore-axis.com,02-04-2026.csv,Axis Bank,axismf.com,failed,,nan,nan,nan,Suspected,Low,weak_evidence,0.5633,0.0,False,True,True,False,False,False,False,False,0,True,False,none,False,none,,False,0,"Name.com, Inc.",NA,NA,NA,NA,0.0,Unknown,0.0,False,False,model_unavailable,,False,strict_lexical_fetch_evidence_unavailable_suspected,strict_lexical_fetch_evidence_unavailable_suspected,strict_lexical_fetch_evidence_unavailable_suspected,,strict_lexical_fetch_evidence_unavailable_suspected,,1,True,0,0,0,0,0,False,dns_not_mapped_to_ip,False,False,False,0,0,kore-axis.com,nan,0,False,dns_not_mapped_lexical_hit,False,False
https://mammoth-axis.com,02-04-2026.csv,Axis Bank,axismaxlife.com,failed,,nan,nan,nan,Suspected,Low,weak_evidence,0.5571,0.0,False,True,True,False,False,False,False,False,0,True,False,none,False,none,,False,0,"Cloudflare, Inc.",NA,NA,NA,NA,0.0,Unknown,0.0,False,False,model_unavailable,,False,strict_lexical_fetch_evidence_unavailable_suspected,strict_lexical_fetch_evidence_unavailable_suspected,strict_lexical_fetch_evidence_unavailable_suspected,,strict_lexical_fetch_evidence_unavailable_suspected,,1,True,0,0,0,0,0,False,dns_not_mapped_to_ip,False,False,False,0,0,mammoth-axis.com,nan,0,False,dns_not_mapped_lexical_hit,False,False
https://dasm-online.com,02-04-2026.csv,Computer Age Management Services Ltd. (CAMS),camsonline.com,failed,,nan,nan,nan,Suspected,Low,weak_evidence,0.869,0.0,True,True,True,True,False,True,False,False,0,True,False,none,False,none,,False,0,Hosting Concepts B.V. d/b/a Registrar.eu,NA,NA,NA,NA,0.0,Unknown,0.0,False,False,model_unavailable,,False,strict_lexical_fetch_evidence_unavailable_suspected,strict_lexical_fetch_evidence_unavailable_suspected,strict_lexical_fetch_evidence_unavailable_suspected,,strict_lexical_fetch_evidence_unavailable_suspected,,1,True,0,0,0,0,0,False,dns_not_mapped_to_ip,False,False,False,0,0,dasm-online.com,nan,0,False,dns_not_mapped_lexical_hit,False,False
https://gubkintech.com,02-04-2026.csv,Kfintech,kfintech.com,failed,,nan,nan,nan,Suspected,Low,weak_evidence,0.8583,0.0,True,True,True,True,False,True,False,False,0,True,False,none,False,none,,False,0,Registrar of Domain Names REG.RU LLC,NA,NA,NA,NA,0.0,Unknown,0.0,False,False,model_unavailable,,False,strict_lexical_fetch_evidence_unavailable_suspected,strict_lexical_fetch_evidence_unavailable_suspected,strict_lexical_fetch_evidence_unavailable_suspected,,strict_lexical_fetch_evidence_unavailable_suspected,,1,True,0,0,0,0,0,False,dns_not_mapped_to_ip,False,False,False,0,0,gubkintech.com,nan,0,False,dns_not_mapped_lexical_hit,False,False
https://hkfintech.org,02-04-2026.csv,Kfintech,kfintech.com,failed,,nan,nan,nan,Suspected,Low,weak_evidence,0.963,0.0,True,True,True,True,False,True,False,False,0,True,False,none,False,none,,False,0,"GoDaddy.com, LLC",NA,NA,NA,NA,0.0,Unknown,0.0,False,False,model_unavailable,,False,strict_lexical_fetch_evidence_unavailable_suspected,strict_lexical_fetch_evidence_unavailable_suspected,strict_lexical_fetch_evidence_unavailable_suspected,,strict_lexical_fetch_evidence_unavailable_suspected,,1,True,0,0,0,0,0,False,dns_not_mapped_to_ip,False,False,False,0,0,hkfintech.org,nan,0,False,dns_not_mapped_lexical_hit,False,False
https://uidaiuclsgov.com,02-04-2026.csv,"Unique Identification Authority of India (UIDAI)
",uidai.gov.in,failed,,nan,nan,nan,Suspected,Low,weak_evidence,0.8833,0.0,True,True,True,True,False,False,False,False,0,True,False,none,False,none,,False,0,Hosting Concepts B.V. d/b/a Registrar.eu,NA,NA,NA,NA,0.0,Unknown,0.0,False,False,model_unavailable,,False,strict_lexical_fetch_evidence_unavailable_suspected,strict_lexical_fetch_evidence_unavailable_suspected,strict_lexical_fetch_evidence_unavailable_suspected,,strict_lexical_fetch_evidence_unavailable_suspected,,1,True,0,0,0,0,0,False,dns_not_mapped_to_ip,False,False,False,0,0,uidaiuclsgov.com,nan,0,False,dns_not_mapped_lexical_hit,False,False
https://uidai-gov.com,02-04-2026.csv,"Unique Identification Authority of India (UIDAI)
",uidai.gov.in,failed,,nan,nan,nan,Suspected,Low,weak_evidence,0.9111,0.0,True,True,True,True,False,False,False,False,0,True,False,none,False,none,,False,0,Hosting Concepts B.V. d/b/a Registrar.eu,NA,NA,NA,NA,0.0,Unknown,0.0,False,False,model_unavailable,,False,strict_lexical_fetch_evidence_unavailable_suspected,strict_lexical_fetch_evidence_unavailable_suspected,strict_lexical_fetch_evidence_unavailable_suspected,,strict_lexical_fetch_evidence_unavailable_suspected,,1,True,0,0,0,0,0,False,dns_not_mapped_to_ip,False,False,False,0,0,uidai-gov.com,nan,0,False,dns_not_mapped_lexical_hit,False,False
https://kfmtech.com,02-04-2026.csv,Kfintech,kfintech.com,failed,,nan,nan,nan,Suspected,Low,weak_evidence,0.8952,0.0,True,True,True,True,False,True,False,False,0,True,False,none,False,none,,False,0,"DNC Holdings, Inc.",NA,NA,NA,NA,0.0,Unknown,0.0,False,False,model_unavailable,,False,strict_lexical_fetch_evidence_unavailable_suspected,strict_lexical_fetch_evidence_unavailable_suspected,strict_lexical_fetch_evidence_unavailable_suspected,,strict_lexical_fetch_evidence_unavailable_suspected,,1,True,0,0,0,0,0,False,dns_not_mapped_to_ip,False,False,False,0,0,kfmtech.com,nan,0,False,dns_not_mapped_lexical_hit,False,False
https://cambalkonline.com,02-04-2026.csv,Computer Age Management Services Ltd. (CAMS),camsonline.com,failed,,nan,nan,nan,Suspected,Low,weak_evidence,0.8789,0.0,True,True,True,True,False,True,False,False,0,True,False,none,False,none,,False,0,Eranet International Limited,NA,NA,NA,NA,0.0,Unknown,0.0,False,False,model_unavailable,,False,strict_lexical_fetch_evidence_unavailable_suspected,strict_lexical_fetch_evidence_unavailable_suspected,strict_lexical_fetch_evidence_unavailable_suspected,,strict_lexical_fetch_evidence_unavailable_suspected,,1,True,0,0,0,0,0,False,dns_not_mapped_to_ip,False,False,False,0,0,cambalkonline.com,nan,0,False,dns_not_mapped_lexical_hit,False,False
https://icicibxsk.xyz,02-04-2026.csv,ICICI Bank,icicilombard.com,failed,,nan,nan,nan,Suspected,Low,weak_evidence,0.8333,0.0,True,False,True,False,False,False,False,False,0,True,False,none,False,none,,False,0,"NameSilo, LLC",NA,NA,NA,NA,0.0,Unknown,0.0,False,False,model_unavailable,,False,strict_lexical_fetch_evidence_unavailable_suspected,strict_lexical_fetch_evidence_unavailable_suspected,strict_lexical_fetch_evidence_unavailable_suspected,,strict_lexical_fetch_evidence_unavailable_suspected,,1,True,0,0,0,0,0,False,dns_not_mapped_to_ip,False,False,False,0,0,icicibxsk.xyz,nan,0,False,dns_not_mapped_lexical_hit,False,False
https://axis.red,02-04-2026.csv,Axis Bank,axismf.com,failed,,nan,nan,nan,Suspected,Low,weak_evidence,0.9333,0.0,True,True,True,True,False,True,False,False,0,True,False,none,False,none,,False,0,NA,NA,NA,NA,NA,0.0,Unknown,0.0,False,False,model_unavailable,,False,strict_lexical_fetch_evidence_unavailable_suspected,strict_lexical_fetch_evidence_unavailable_suspected,strict_lexical_fetch_evidence_unavailable_suspected,,strict_lexical_fetch_evidence_unavailable_suspected,,1,True,0,0,0,0,0,False,dns_not_mapped_to_ip,False,False,False,0,0,axis.red,nan,0,False,dns_not_mapped_lexical_hit,False,False
https://icicibxsk.icu,02-04-2026.csv,ICICI Bank,icicilombard.com,failed,,nan,nan,nan,Suspected,Low,weak_evidence,0.8333,0.0,True,False,True,False,False,False,False,False,0,True,False,none,False,none,,False,0,"NameSilo, LLC",NA,NA,NA,NA,0.0,Unknown,0.0,False,False,model_unavailable,,False,strict_lexical_fetch_evidence_unavailable_suspected,strict_lexical_fetch_evidence_unavailable_suspected,strict_lexical_fetch_evidence_unavailable_suspected,,strict_lexical_fetch_evidence_unavailable_suspected,,1,True,0,0,0,0,0,False,dns_not_mapped_to_ip,False,False,False,0,0,icicibxsk.icu,nan,0,False,dns_not_mapped_lexical_hit,False,False
https://fintecheye.com,02-04-2026.csv,Kfintech,kfintech.com,failed,,nan,nan,nan,Suspected,Low,weak_evidence,0.8583,0.0,True,True,True,True,False,True,False,False,0,True,False,none,False,none,,False,0,Xin Net Technology Corporation,NA,NA,NA,NA,0.0,Unknown,0.0,False,False,model_unavailable,,False,strict_lexical_fetch_evidence_unavailable_suspected,strict_lexical_fetch_evidence_unavailable_suspected,strict_lexical_fetch_evidence_unavailable_suspected,,strict_lexical_fetch_evidence_unavailable_suspected,,1,True,0,0,0,0,0,False,dns_not_mapped_to_ip,False,False,False,0,0,fintecheye.com,nan,0,False,dns_not_mapped_lexical_hit,False,False
https://kftchj.com,02-04-2026.csv,Kfintech,kfintech.com,failed,,nan,nan,nan,Suspected,Low,weak_evidence,0.8556,0.0,True,True,True,True,False,False,False,False,0,True,False,none,False,none,,False,0,"Alibaba Cloud Computing (Beijing) Co., Ltd.",NA,NA,NA,NA,0.0,Unknown,0.0,False,False,model_unavailable,,False,strict_lexical_fetch_evidence_unavailable_suspected,strict_lexical_fetch_evidence_unavailable_suspected,strict_lexical_fetch_evidence_unavailable_suspected,,strict_lexical_fetch_evidence_unavailable_suspected,,1,True,0,0,0,0,0,False,dns_not_mapped_to_ip,False,False,False,0,0,kftchj.com,nan,0,False,dns_not_mapped_lexical_hit,False,False
https://canarabankinfo.net,02-04-2026.csv,Canara Bank,canarahsbclife.com,failed,,nan,nan,nan,Suspected,Low,weak_evidence,0.8571,0.0,True,True,True,True,False,False,False,False,0,True,False,none,False,none,,False,0,Squarespace Domains II LLC,NA,NA,NA,NA,0.0,Unknown,0.0,False,False,model_unavailable,,False,strict_lexical_fetch_evidence_unavailable_suspected,strict_lexical_fetch_evidence_unavailable_suspected,strict_lexical_fetch_evidence_unavailable_suspected,,strict_lexical_fetch_evidence_unavailable_suspected,,1,True,0,0,0,0,0,False,dns_not_mapped_to_ip,False,False,False,0,0,canarabankinfo.net,nan,0,False,dns_not_mapped_lexical_hit,False,False
https://z-axis-tech.com,02-04-2026.csv,Axis Bank,axismf.com,failed,,nan,nan,nan,Suspected,Low,weak_evidence,0.6768,0.0,False,True,True,False,False,False,False,False,0,True,False,none,False,none,,False,0,"DNSPod, Inc.",NA,NA,NA,NA,0.0,Unknown,0.0,False,False,model_unavailable,,False,strict_lexical_fetch_evidence_unavailable_suspected,strict_lexical_fetch_evidence_unavailable_suspected,strict_lexical_fetch_evidence_unavailable_suspected,,strict_lexical_fetch_evidence_unavailable_suspected,,1,True,0,0,0,0,0,False,dns_not_mapped_to_ip,False,False,False,0,0,z-axis-tech.com,nan,0,False,dns_not_mapped_lexical_hit,False,False
https://uidaiuclservicegov.com,02-04-2026.csv,"Unique Identification Authority of India (UIDAI)
",uidai.gov.in,failed,,nan,nan,nan,Suspected,Low,weak_evidence,0.8556,0.0,True,True,True,True,False,False,False,False,0,True,False,none,False,none,,False,0,Hosting Concepts B.V. d/b/a Registrar.eu,NA,NA,NA,NA,0.0,Unknown,0.0,False,False,model_unavailable,,False,strict_lexical_fetch_evidence_unavailable_suspected,strict_lexical_fetch_evidence_unavailable_suspected,strict_lexical_fetch_evidence_unavailable_suspected,,strict_lexical_fetch_evidence_unavailable_suspected,,1,True,0,0,0,0,0,False,dns_not_mapped_to_ip,False,False,False,0,0,uidaiuclservicegov.com,nan,0,False,dns_not_mapped_lexical_hit,False,False
