input_position,input_url,normalized_url,source_workbook,dns_status,dns_decision,fetch_status,visual_status,fetch_error_type,fetch_error_detail,final_landing_url,parking_provider,parking_reason,placeholder_or_parking_reason,admitted,admitted_to_holdout,kept_for_review_only,review_only_reason,survival_path,drop_path,exclusion_stage,reason,old_fuzzy_hit,old_fuzzy_cse,hybrid_lexical_hit,strict_lexical_hit,lexical_score_pass,fallback_rank_only,admission_reason,admission_path,candidate_generation_reason,best_entity,best_matching_domain,best_score,confidence_band,lexical_score,lexical_hit,brand_score,credential_score,infra_score,evasion_score,total_stage1_score,hard_trigger_hit,stage1_reasons,page_has_password_field,page_has_login_form,form_action_mismatch,csc_mention_count,redirect_count,final_domain,favicon_domain,html_bytes_read,escalate_to_hashing,escalate_reason,clip_similarity,favicon_hash_similarity,favicon_hash_distance,page_hash_similarity,page_hash_distance,domain_hash_similarity,domain_hash_distance,ssl_hash_similarity,ssl_hash_distance,typo_similarity,generic_token_only_match,direct_brand_evidence_count,clip_corroborated,stage1_passthrough,domain_component,clip_component,hash_component
56,https://hoploans.com,https://hoploans.com,PS-02_AIGR-S66270_NCIIPC_24_02_2026.xlsx,resolved,accepted,parked,not_attempted,,,https://forsale.ddot.in/hoploans.com?drefid=2071,GenericParking,generic_parking_text_signals,generic_parking_text_signals,False,False,False,,,parking_or_placeholder_excluded,hashing_shortlist,parking_or_placeholder_excluded,True,State Bank of India (SBI),True,True,True,False,,,jw_primary,State Bank of India (SBI),homeloans.sbi,0.0,Low,0.9074,True,0,0,0,0,0,False,lexical_hit,False,False,False,0,0,hoploans.com,,0,True,lexical_hit,0.0,0.0,-1,0.0,-1,0.0,-1,0.0,-1,0.8235,False,0,False,False,27.2222,0.0,0.0
88,homeworkagents.com,https://homeworkagents.com,PS-02_AIGR-S66270_NCIIPC_24_02_2026.xlsx,resolved,accepted,parked,not_attempted,,,https://homeworkagents.com/,GenericParking,generic_parking_text_signals,generic_parking_text_signals,False,False,False,,,parking_or_placeholder_excluded,hashing_shortlist,parking_or_placeholder_excluded,True,State Bank of India (SBI),True,True,True,False,,,jw_primary,State Bank of India (SBI),homeloans.sbi,0.0,Low,0.8921,True,0,0,0,0,0,False,lexical_hit,False,False,False,0,0,homeworkagents.com,,0,True,lexical_hit,0.0,0.0,-1,0.0,-1,0.0,-1,0.0,-1,0.6957,False,0,False,False,26.7619,0.0,0.0
262,http://fintechpal.com,http://fintechpal.com,PS-02_AIGR-S66270_NCIIPC_24_02_2026.xlsx,resolved,accepted,parked,not_attempted,,,https://www.hugedomains.com/domain_profile.cfm?d=fintechpal.com,HugeDomains,provider_host_redirect,provider_host_redirect,False,False,False,,,parking_or_placeholder_excluded,hashing_shortlist,parking_or_placeholder_excluded,True,Kfintech,True,True,True,False,,,jw_primary,Kfintech,kfintech.com,0.0,Low,0.8583,True,0,0,0,0,0,False,lexical_hit,False,False,False,0,0,fintechpal.com,,0,True,lexical_hit,0.0,0.0,-1,0.0,-1,0.0,-1,0.0,-1,0.8078,False,0,False,False,25.75,0.0,0.0
287,https://onlinecrusader.com,https://onlinecrusader.com,PS-02_AIGR-S66270_NCIIPC_24_02_2026.xlsx,resolved,accepted,parked,not_attempted,,,https://domains.atom.com/lpd/name/onlinecrusader,Squadhelp/Atom,provider_branded_parking_template,provider_branded_parking_template,False,False,False,,,parking_or_placeholder_excluded,hashing_shortlist,parking_or_placeholder_excluded,True,State Bank of India (SBI),True,True,True,False,,,jw_primary,State Bank of India (SBI),corp.onlinesbi.sbi,0.0,Low,0.8556,True,0,0,0,0,0,False,lexical_hit,False,False,False,0,0,onlinecrusader.com,,0,True,lexical_hit,0.0,0.0,-1,0.0,-1,0.0,-1,0.0,-1,0.6087,False,0,False,False,25.6667,0.0,0.0
345,robi.bot,https://robi.bot,PS-02_AIGR-S66270_NCIIPC_24_02_2026.xlsx,resolved,accepted,parked,not_attempted,,,https://forsale.ddot.in/robi.bot?drefid=2071,GenericParking,generic_parking_text_signals,generic_parking_text_signals,False,False,False,,,parking_or_placeholder_excluded,hashing_shortlist,parking_or_placeholder_excluded,True,Reserve Bank of India (RBI),True,True,True,False,,,jw_primary,Reserve Bank of India (RBI),rbi.org.in,0.0,Low,0.925,True,0,0,0,0,0,False,lexical_hit,False,False,False,0,0,robi.bot,,0,True,lexical_hit,0.0,0.0,-1,0.0,-1,0.0,-1,0.0,-1,0.8571,False,0,False,False,27.75,0.0,0.0
481,http://airplanequest.com,http://airplanequest.com,PS-02_AIGR-S66270_NCIIPC_24_02_2026.xlsx,resolved,accepted,parked,not_attempted,,,https://www.hugedomains.com/domain_profile.cfm?d=airplanequest.com,HugeDomains,provider_host_redirect,provider_host_redirect,False,False,False,,,parking_or_placeholder_excluded,hashing_shortlist,parking_or_placeholder_excluded,True,Airtel,True,True,True,False,,,jw_primary,Airtel,airtelpayments.bank.in,0.0,Low,0.8505,True,0,0,0,0,0,False,lexical_hit,False,False,False,0,0,airplanequest.com,,0,True,lexical_hit,0.0,0.0,-1,0.0,-1,0.0,-1,0.0,-1,0.5185,False,0,False,False,25.514,0.0,0.0
543,netpad.app,https://netpad.app,PS-02_AIGR-S66270_NCIIPC_24_02_2026.xlsx,resolved,accepted,parked,not_attempted,,,https://domains.atom.com/lpd/name/NetPad.app,Squadhelp/Atom,provider_branded_parking_template,provider_branded_parking_template,False,False,False,,,parking_or_placeholder_excluded,hashing_shortlist,parking_or_placeholder_excluded,True,Punjab National Bank (PNB),True,True,True,False,,,jw_primary,Punjab National Bank (PNB),netpnb.com,0.0,Low,0.8667,True,0,0,0,0,0,False,lexical_hit,False,False,False,0,0,netpad.app,,0,True,lexical_hit,0.0,0.0,-1,0.0,-1,0.0,-1,0.0,-1,0.6667,False,0,False,False,26.0,0.0,0.0
660,https://mycashonline.com,https://mycashonline.com,PS-02_AIGR-S66270_NCIIPC_24_02_2026.xlsx,resolved,accepted,parked,not_attempted,,,https://mycashonline.com/,Dan,provider_branded_parking_template,provider_branded_parking_template,False,False,False,,,parking_or_placeholder_excluded,hashing_shortlist,parking_or_placeholder_excluded,True,Computer Age Management Services Ltd. (CAMS),True,True,True,False,,,jw_primary,Computer Age Management Services Ltd. (CAMS),camsonline.com,0.0,Low,0.9111,True,0,0,0,0,0,False,lexical_hit,False,False,False,0,0,mycashonline.com,,0,True,lexical_hit,0.0,0.0,-1,0.0,-1,0.0,-1,0.0,-1,0.8482,False,0,False,False,27.3333,0.0,0.0
665,http://hlfbank.com,http://hlfbank.com,PS-02_AIGR-S66270_NCIIPC_24_02_2026.xlsx,resolved,accepted,parked,not_attempted,,,https://www.hugedomains.com/domain_profile.cfm?d=hlfbank.com,HugeDomains,provider_host_redirect,provider_host_redirect,False,False,False,,,parking_or_placeholder_excluded,hashing_shortlist,parking_or_placeholder_excluded,True,HDFC Bank,True,True,True,False,,,jw_primary,HDFC Bank,netbanking.hdfcbank.com,0.0,Low,0.8821,True,0,0,0,0,0,False,lexical_hit,False,False,False,0,0,hlfbank.com,,0,True,lexical_hit,0.0,0.0,-1,0.0,-1,0.0,-1,0.0,-1,0.83,False,0,False,False,26.4643,0.0,0.0
