Application_ID,Source of detection,Identified Phishing/Suspected Domain Name,Corresponding CSE Domain Name,Critical Sector Entity Name,Phishing/Suspected Domains (i.e. Class Label),Domain Registration Date,Registrar Name,Registrant Name or Registrant Organisation,Registrant Country,Name Servers,Hosting IP,Hosting ISP,Hosting Country,DNS Records (if any),Evidence file name,Date of detection (DD-MM-YYYY),Time of detection (HH-MM-SS),Date of Post (If detection is from Source: social media),Remarks
ISS_NLP,Unknown,https://a10fintech.com,kfintech.com,Kfintech,Suspected,2026-03-31T22:36:24Z,Porkbun LLC,NA,NA,CURITIBA.NS.PORKBUN.COM;FORTALEZA.NS.PORKBUN.COM;MACEIO.NS.PORKBUN.COM;SALVADOR.NS.PORKBUN.COM,NA,NA,NA,NA,NA,23-04-2026,17:36:24,NA,weak_or_single_signal_match; NA values are due to privacy issues.
ISS_NLP,Unknown,https://acsronline.com,camsonline.com,Computer Age Management Services Ltd. (CAMS),Suspected,2020-05-30T10:50:32Z,"OnlineNIC, Inc.",NA,NA,NS0107.HOSTINGCARE.NET;NS0108.HOSTINGCARE.NET,NA,NA,NA,NA,NA,23-04-2026,17:36:46,NA,weak_or_single_signal_match; NA values are due to privacy issues.
ISS_NLP,Unknown,https://aesyonline.com,camsonline.com,Computer Age Management Services Ltd. (CAMS),Suspected,2024-03-29T12:03:10Z,"Wild West Domains, LLC",NA,NA,NS29.DOMAINCONTROL.COM;NS30.DOMAINCONTROL.COM,NA,NA,NA,NA,NA,23-04-2026,17:36:31,NA,weak_or_single_signal_match; NA values are due to privacy issues.
ISS_NLP,Social Media,https://agraniexpress.com,airindiaexpress.com,Air India,Suspected,2024-03-28T04:49:06Z,"Spaceship, Inc.",NA,NA,LAUNCH1.SPACESHIP.NET;LAUNCH2.SPACESHIP.NET,NA,NA,NA,NA,NA,23-04-2026,17:36:26,NA,weak_or_single_signal_match; NA values are due to privacy issues.
ISS_NLP,Banking/Financial,https://ai-sbi.us.com,sbimf.com,State Bank of India (SBI),Suspected,NA,NA,NA,NA,NA,NA,NA,NA,NA,NA,23-04-2026,17:35:23,NA,weak_or_single_signal_match; NA values are due to privacy issues.
ISS_NLP,Unknown,https://aiimspathway.com,aiims.edu,All India Institute of Medical Sciences (AIIMS),Suspected,2026-03-31T06:52:23Z,Hosting Concepts B.V. d/b/a Registrar.eu,NA,NA,HORIZON.DNS-PARKING.COM;ORBIT.DNS-PARKING.COM,NA,NA,NA,NA,NA,23-04-2026,17:35:47,NA,weak_or_single_signal_match; NA values are due to privacy issues.
ISS_NLP,Unknown,https://aiimssociety.com,aiims.edu,All India Institute of Medical Sciences (AIIMS),Suspected,2020-03-29T03:12:41Z,"GoDaddy.com, LLC",NA,NA,NS1.BLUEHOST.COM;NS2.BLUEHOST.COM,NA,NA,NA,NA,NA,23-04-2026,17:36:30,NA,weak_or_single_signal_match; NA values are due to privacy issues.
ISS_NLP,Social Media,https://airgoexpress.com,airindiaexpress.com,Air India,Suspected,2005-03-28T12:23:05Z,"Arsys Internet, S.L. dba NICLINE.COM",NA,NA,DNS5.SERVIDORESDNS.NET;DNS6.SERVIDORESDNS.NET,NA,NA,NA,NA,NA,23-04-2026,17:36:46,NA,weak_or_single_signal_match; NA values are due to privacy issues.
ISS_NLP,Telecom,https://airtel-black.com,airtel.in,Airtel,Suspected,2026-03-31T19:53:15Z,"NameCheap, Inc.",NA,NA,PDNS1.REGISTRAR-SERVERS.COM;PDNS2.REGISTRAR-SERVERS.COM,NA,NA,NA,NA,NA,23-04-2026,17:35:56,NA,weak_or_single_signal_match; NA values are due to privacy issues.
ISS_NLP,Telecom,https://airtel-black.in,airtel.in,Airtel,Suspected,NA,NA,NA,NA,NA,NA,NA,NA,NA,NA,23-04-2026,17:35:30,NA,weak_or_single_signal_match; NA values are due to privacy issues.
ISS_NLP,Telecom,https://airtelblack.shop,airtel.in,Airtel,Suspected,NA,NA,NA,NA,NA,NA,NA,NA,NA,NA,23-04-2026,17:35:24,NA,weak_or_single_signal_match; NA values are due to privacy issues.
ISS_NLP,Telecom,https://airtelblackbox.com,airtel.in,Airtel,Suspected,2026-03-31T07:51:21Z,"GoDaddy.com, LLC",NA,NA,NS77.DOMAINCONTROL.COM;NS78.DOMAINCONTROL.COM,NA,NA,NA,NA,NA,23-04-2026,17:35:25,NA,weak_or_single_signal_match; NA values are due to privacy issues.
ISS_NLP,Telecom,https://airtelblackout.one,airtel.in,Airtel,Suspected,2026-03-31T14:55:53Z,One.com A/S,,NA,ns01.one.com;ns02.one.com,NA,NA,NA,NA,NA,23-04-2026,17:36:24,NA,weak_or_single_signal_match; NA values are due to privacy issues.
ISS_NLP,Telecom,https://airtelfoundation.org,airtel.in,Airtel,Suspected,2026-03-31T05:31:25.776Z,"GoDaddy.com, LLC",NA,NA,ns65.domaincontrol.com;ns66.domaincontrol.com,NA,NA,NA,NA,NA,23-04-2026,17:35:19,NA,weak_or_single_signal_match; NA values are due to privacy issues.
ISS_NLP,Telecom,https://airtelinternet.com,airtel.in,Airtel,Suspected,2026-03-31T14:36:12Z,"GoDaddy.com, LLC",NA,NA,NS3.AFTERNIC.COM;NS4.AFTERNIC.COM,NA,NA,NA,NA,NA,23-04-2026,17:35:31,NA,weak_or_single_signal_match; NA values are due to privacy issues.
ISS_NLP,Telecom,https://airtelisp.com,airtel.in,Airtel,Suspected,2025-03-29T12:20:53Z,PDR Ltd. d/b/a PublicDomainRegistry.com,NA,NA,DNS10.PARKPAGE.FOUNDATIONAPI.COM;DNS11.PARKPAGE.FOUNDATIONAPI.COM,NA,NA,NA,NA,NA,23-04-2026,17:36:29,NA,weak_or_single_signal_match; NA values are due to privacy issues.
ISS_NLP,Telecom,https://airtelsteals.in,airtel.in,Airtel,Suspected,NA,NA,NA,NA,NA,NA,NA,NA,NA,NA,23-04-2026,17:35:54,NA,weak_or_single_signal_match; NA values are due to privacy issues.
ISS_NLP,Banking/Financial,https://amialife.com,axismaxlife.com,Axis Bank,Suspected,2009-09-14T08:07:14Z,CSL Computer Service Langenbach GmbH d/b/a joker.com,NA,NA,NS1.FRENDY-HOSTING.FI;NS2.FRENDY-HOSTING.FI;NS3.FRENDY-HOSTING.FI,NA,NA,NA,NA,NA,23-04-2026,17:36:45,NA,weak_or_single_signal_match; NA values are due to privacy issues.
ISS_NLP,Banking/Financial,https://axiosy.com,axismf.com,Axis Bank,Suspected,2026-03-31T20:54:46Z,"Wild West Domains, LLC",NA,NA,NS1.BDM.MICROSOFTONLINE.COM;NS2.BDM.MICROSOFTONLINE.COM,NA,NA,NA,NA,NA,23-04-2026,17:36:50,NA,not_mapped_to_ip; webpage rendering skipped because the domain did not resolve to an active IP.
ISS_NLP,Banking/Financial,https://axis-financial.com,axismf.com,Axis Bank,Suspected,2006-03-29T18:30:07Z,"GoDaddy.com, LLC",NA,NA,NS25.DOMAINCONTROL.COM;NS26.DOMAINCONTROL.COM,NA,NA,NA,NA,NA,23-04-2026,17:36:28,NA,weak_or_single_signal_match; NA values are due to privacy issues.
ISS_NLP,Banking/Financial,https://axis-network.com,axismf.com,Axis Bank,Suspected,2025-03-28T04:45:09Z,"XServer, Inc.",NA,NA,NS1.XE329.PARKLOGIC.COM;NS2.XE329.PARKLOGIC.COM,NA,NA,NA,NA,NA,23-04-2026,17:36:28,NA,weak_or_single_signal_match; NA values are due to privacy issues.
ISS_NLP,Banking/Financial,https://axis-panel.dev,axismaxlife.com,Axis Bank,Suspected,NA,NA,NA,NA,NA,NA,NA,NA,NA,NA,23-04-2026,17:35:46,NA,weak_or_single_signal_match; NA values are due to privacy issues.
ISS_NLP,Banking/Financial,https://axis.red,axismf.com,Axis Bank,Suspected,NA,NA,NA,NA,NA,NA,NA,NA,NA,NA,23-04-2026,17:37:14,NA,not_mapped_to_ip; webpage rendering skipped because the domain did not resolve to an active IP.
ISS_NLP,Banking/Financial,https://axisat.com,axismf.com,Axis Bank,Suspected,2021-03-17T14:32:33Z,"GoDaddy.com, LLC",NA,NA,NS1.BRANDBUCKET.COM;NS2.BRANDBUCKET.COM,NA,NA,NA,NA,NA,23-04-2026,17:36:47,NA,weak_or_single_signal_match; NA values are due to privacy issues.
ISS_NLP,Banking/Financial,https://axislead.com,axismf.com,Axis Bank,Suspected,2019-03-31T15:44:23Z,"Name.com, Inc.",NA,NA,NS1.ATOM.COM;NS2.ATOM.COM,NA,NA,NA,NA,NA,23-04-2026,17:36:26,NA,weak_or_single_signal_match; NA values are due to privacy issues.
ISS_NLP,Banking/Financial,https://axismail.co,axismaxlife.com,Axis Bank,Suspected,NA,NA,NA,NA,NA,NA,NA,NA,NA,NA,23-04-2026,17:36:01,NA,weak_or_single_signal_match; NA values are due to privacy issues.
ISS_NLP,Banking/Financial,https://axissat.com,axismf.com,Axis Bank,Suspected,2021-03-17T14:32:33Z,"GoDaddy.com, LLC",NA,NA,NS5.AFTERNIC.COM;NS6.AFTERNIC.COM,NA,NA,NA,NA,NA,23-04-2026,17:36:48,NA,weak_or_single_signal_match; NA values are due to privacy issues.
ISS_NLP,Unknown,https://bcs-online.com,camsonline.com,Computer Age Management Services Ltd. (CAMS),Suspected,2023-02-28T19:43:23Z,"GoDaddy.com, LLC",NA,NA,NS1.DAN.COM;NS2.DAN.COM,NA,NA,NA,NA,NA,23-04-2026,17:36:29,NA,weak_or_single_signal_match; NA values are due to privacy issues.
ISS_NLP,Unknown,https://bestidiva.com,bseindia.com,BSE Ltd.,Suspected,2026-03-31T23:56:36Z,Porkbun LLC,NA,NA,CURITIBA.NS.PORKBUN.COM;FORTALEZA.NS.PORKBUN.COM;MACEIO.NS.PORKBUN.COM;SALVADOR.NS.PORKBUN.COM,NA,NA,NA,NA,NA,23-04-2026,17:35:25,NA,weak_or_single_signal_match; NA values are due to privacy issues.
ISS_NLP,Unknown,https://bisenia.com,bseindia.com,BSE Ltd.,Suspected,2026-03-31T19:52:44Z,PDR Ltd. d/b/a PublicDomainRegistry.com,NA,NA,NS1.WHOIS.COM;NS2.WHOIS.COM,NA,NA,NA,NA,NA,23-04-2026,17:35:23,NA,weak_or_single_signal_match; NA values are due to privacy issues.
ISS_NLP,Unknown,https://blessindia.com,bseindia.com,BSE Ltd.,Suspected,2002-03-29T13:40:33Z,"GoDaddy.com, LLC",NA,NA,NS21.DOMAINCONTROL.COM;NS22.DOMAINCONTROL.COM,NA,NA,NA,NA,NA,23-04-2026,17:36:27,NA,weak_or_single_signal_match; NA values are due to privacy issues.
ISS_NLP,Banking/Financial,https://bri-axis.com,axismf.com,Axis Bank,Suspected,2013-03-29T08:16:07Z,Shinjiru Technology Sdn Bhd,NA,NA,DNS3.IP-ASIA.COM;DNS4.IP-ASIA.COM,NA,NA,NA,NA,NA,23-04-2026,17:36:48,NA,weak_or_single_signal_match; NA values are due to privacy issues.
ISS_NLP,Unknown,https://bseid.com,bseindia.com,BSE Ltd.,Suspected,2007-03-29T17:25:15Z,"Wild West Domains, LLC",NA,NA,NS75.DOMAINCONTROL.COM;NS76.DOMAINCONTROL.COM,NA,NA,NA,NA,NA,23-04-2026,17:36:36,NA,weak_or_single_signal_match; NA values are due to privacy issues.
ISS_NLP,Unknown,https://bycindia.com,bseindia.com,BSE Ltd.,Suspected,2015-03-31T10:23:38Z,"HOSTINGER operations, UAB",NA,NA,NS1.DNS-PARKING.COM;NS2.DNS-PARKING.COM,NA,NA,NA,NA,NA,23-04-2026,17:36:27,NA,weak_or_single_signal_match; NA values are due to privacy issues.
ISS_NLP,Unknown,https://c3sonline.com,camsonline.com,Computer Age Management Services Ltd. (CAMS),Suspected,2020-03-29T08:02:03Z,"GoDaddy.com, LLC",NA,NA,NS01.DOMAINCONTROL.COM;NS02.DOMAINCONTROL.COM,NA,NA,NA,NA,NA,23-04-2026,17:36:30,NA,weak_or_single_signal_match; NA values are due to privacy issues.
ISS_NLP,Unknown,https://cambalkonline.com,camsonline.com,Computer Age Management Services Ltd. (CAMS),Suspected,2024-12-25T12:36:11Z,Eranet International Limited,NA,NA,NS1.TAOA.COM;NS2.TAOA.COM,NA,NA,NA,NA,NA,23-04-2026,17:37:03,NA,not_mapped_to_ip; webpage rendering skipped because the domain did not resolve to an active IP.
ISS_NLP,Unknown,https://cambonelli.com,camsonline.com,Computer Age Management Services Ltd. (CAMS),Suspected,2026-03-31T23:09:05Z,Tucows Domains Inc.,NA,NA,NS1.SYSTEMDNS.COM;NS2.SYSTEMDNS.COM;NS3.SYSTEMDNS.COM,NA,NA,NA,NA,NA,23-04-2026,17:36:24,NA,weak_or_single_signal_match; NA values are due to privacy issues.
ISS_NLP,Unknown,https://caminofl.com,camsonline.com,Computer Age Management Services Ltd. (CAMS),Suspected,2026-03-31T03:11:38Z,Porkbun LLC,NA,NA,CURITIBA.NS.PORKBUN.COM;FORTALEZA.NS.PORKBUN.COM;MACEIO.NS.PORKBUN.COM;SALVADOR.NS.PORKBUN.COM,NA,NA,NA,NA,NA,23-04-2026,17:35:55,NA,weak_or_single_signal_match; NA values are due to privacy issues.
ISS_NLP,Unknown,https://camionline.com,camsonline.com,Computer Age Management Services Ltd. (CAMS),Suspected,2026-03-31T18:07:10Z,"Sav.com, LLC",NA,NA,NS1.AFTERNIC.COM;NS2.AFTERNIC.COM,NA,NA,NA,NA,NA,23-04-2026,17:35:25,NA,weak_or_single_signal_match; NA values are due to privacy issues.
ISS_NLP,Unknown,https://campions.com,camsonline.com,Computer Age Management Services Ltd. (CAMS),Suspected,1997-05-01T04:00:00Z,GoDaddy Online Services Cayman Islands Ltd.,NA,NA,LAUNCH1.SPACESHIP.NET;LAUNCH2.SPACESHIP.NET,NA,NA,NA,NA,NA,23-04-2026,17:36:26,NA,weak_or_single_signal_match; NA values are due to privacy issues.
ISS_NLP,Unknown,https://campole.com,camsonline.com,Computer Age Management Services Ltd. (CAMS),Suspected,2012-03-28T18:31:10Z,"TurnCommerce, Inc. DBA NameBright.com",NA,NA,NSG1.NAMEBRIGHTDNS.COM;NSG2.NAMEBRIGHTDNS.COM,NA,NA,NA,NA,NA,23-04-2026,17:36:27,NA,weak_or_single_signal_match; NA values are due to privacy issues.
ISS_NLP,Unknown,https://camsmile.com,camsonline.com,Computer Age Management Services Ltd. (CAMS),Suspected,2009-03-29T18:56:26Z,"GoDaddy.com, LLC",NA,NA,NS1.AFTERNIC.COM;NS2.AFTERNIC.COM,NA,NA,NA,NA,NA,23-04-2026,17:36:48,NA,weak_or_single_signal_match; NA values are due to privacy issues.
ISS_NLP,Unknown,https://camsonrealty.com,camsonline.com,Computer Age Management Services Ltd. (CAMS),Suspected,2023-03-28T16:03:16Z,IONOS SE,NA,NA,A.NS36.DE;B.NS36.DE,NA,NA,NA,NA,NA,23-04-2026,17:36:30,NA,weak_or_single_signal_match; NA values are due to privacy issues.
ISS_NLP,Banking/Financial,https://canabarro.me,canararobeco.com,Canara Bank,Suspected,NA,NA,NA,NA,NA,NA,NA,NA,NA,NA,23-04-2026,17:36:25,NA,weak_or_single_signal_match; NA values are due to privacy issues.
ISS_NLP,Government,https://canadamain.com,abdm.gov.in,National Health Authority (NHA),Suspected,2023-04-01T17:02:46Z,Bluehost Inc.,NA,NA,NS1.BLUEHOST.COM;NS2.BLUEHOST.COM,NA,NA,NA,NA,NA,23-04-2026,17:36:46,NA,weak_or_single_signal_match; NA values are due to privacy issues.
ISS_NLP,Banking/Financial,https://canalcorporate.com,canararobeco.com,Canara Bank,Suspected,2024-03-29T14:17:09Z,"Domain.com - Network Solutions, LLC",NA,NA,NS1.PENDINGRENEWALDELETION.COM;NS2.PENDINGRENEWALDELETION.COM,NA,NA,NA,NA,NA,23-04-2026,17:36:45,NA,weak_or_single_signal_match; NA values are due to privacy issues.
ISS_NLP,Banking/Financial,https://canaok.com,canararobeco.com,Canara Bank,Suspected,2025-03-28T05:40:25Z,"NameCheap, Inc.",NA,NA,NS-1176.AWSDNS-19.ORG;NS-1773.AWSDNS-29.CO.UK;NS-209.AWSDNS-26.COM;NS-943.AWSDNS-53.NET,NA,NA,NA,NA,NA,23-04-2026,17:36:48,NA,weak_or_single_signal_match; NA values are due to privacy issues.
ISS_NLP,Banking/Financial,https://canarabankinfo.net,canarahsbclife.com,Canara Bank,Suspected,2026-03-11T08:37:32Z,Squarespace Domains II LLC,NA,NA,NS-CLOUD-E1.GOOGLEDOMAINS.COM;NS-CLOUD-E2.GOOGLEDOMAINS.COM;NS-CLOUD-E3.GOOGLEDOMAINS.COM;NS-CLOUD-E4.GOOGLEDOMAINS.COM,NA,NA,NA,NA,NA,23-04-2026,17:37:26,NA,not_mapped_to_ip; webpage rendering skipped because the domain did not resolve to an active IP.
ISS_NLP,Banking/Financial,https://canarabanktrade.com,canararobeco.com,Canara Bank,Suspected,2025-03-29T10:03:34Z,"GoDaddy.com, LLC",NA,NA,NS37.DOMAINCONTROL.COM;NS38.DOMAINCONTROL.COM,NA,NA,NA,NA,NA,23-04-2026,17:36:47,NA,weak_or_single_signal_match; NA values are due to privacy issues.
ISS_NLP,Banking/Financial,https://carmanfairbanks.com,canararobeco.com,Canara Bank,Suspected,2023-03-29T18:41:07Z,"NameCheap, Inc.",NA,NA,DNS101.REGISTRAR-SERVERS.COM;DNS102.REGISTRAR-SERVERS.COM,NA,NA,NA,NA,NA,23-04-2026,17:36:48,NA,weak_or_single_signal_match; NA values are due to privacy issues.
ISS_NLP,Unknown,https://casinoalien.com,camsonline.com,Computer Age Management Services Ltd. (CAMS),Suspected,2026-03-31T18:32:48Z,Gname 209 Inc,NA,NA,LAUNCH1.SPACESHIP.NET;LAUNCH2.SPACESHIP.NET,NA,NA,NA,NA,NA,23-04-2026,17:35:47,NA,weak_or_single_signal_match; NA values are due to privacy issues.
ISS_NLP,Unknown,https://crebit.org,rebit.org.in,Reserve Bank of India (RBI),Suspected,2004-03-29T15:15:02.093Z,"GoDaddy.com, LLC",NA,NA,ns01.cashparking.com;ns02.cashparking.com,NA,NA,NA,NA,NA,23-04-2026,17:36:46,NA,weak_or_single_signal_match; NA values are due to privacy issues.
ISS_NLP,Unknown,https://dasm-online.com,camsonline.com,Computer Age Management Services Ltd. (CAMS),Suspected,2026-03-31T09:39:06Z,Hosting Concepts B.V. d/b/a Registrar.eu,NA,NA,NS1.DNS-SUSPENDED.COM;NS2.DNS-SUSPENDED.COM,NA,NA,NA,NA,NA,23-04-2026,17:36:51,NA,not_mapped_to_ip; webpage rendering skipped because the domain did not resolve to an active IP.
ISS_NLP,Unknown,https://dcm-online.com,camsonline.com,Computer Age Management Services Ltd. (CAMS),Suspected,2023-03-27T12:04:23Z,"GoDaddy.com, LLC",NA,NA,NS07.DOMAINCONTROL.COM;NS08.DOMAINCONTROL.COM,NA,NA,NA,NA,NA,23-04-2026,17:36:30,NA,weak_or_single_signal_match; NA values are due to privacy issues.
ISS_NLP,Banking/Financial,https://design-axis.com,axismaxlife.com,Axis Bank,Suspected,2023-03-31T12:19:23Z,"OwnRegistrar, Inc.",NA,NA,CLOUD1.FIVECRON.COM;CLOUD2.FIVECRON.COM;CLOUD3.FIVECRON.COM;CLOUD4.FIVECRON.COM,NA,NA,NA,NA,NA,23-04-2026,17:36:47,NA,weak_or_single_signal_match; NA values are due to privacy issues.
ISS_NLP,Unknown,https://drebit.net,rebit.org.in,Reserve Bank of India (RBI),Suspected,2018-04-24T04:35:56Z,"GMO Internet Group, Inc. d/b/a Onamae.com",NA,NA,UNS01.LOLIPOP.JP;UNS02.LOLIPOP.JP,NA,NA,NA,NA,NA,23-04-2026,17:36:46,NA,weak_or_single_signal_match; NA values are due to privacy issues.
ISS_NLP,Unknown,https://eaonline.com,camsonline.com,Computer Age Management Services Ltd. (CAMS),Suspected,1999-01-31T05:00:00Z,GoDaddy Online Services Cayman Islands Ltd.,NA,NA,LAUNCH1.SPACESHIP.NET;LAUNCH2.SPACESHIP.NET,NA,NA,NA,NA,NA,23-04-2026,17:36:47,NA,weak_or_single_signal_match; NA values are due to privacy issues.
ISS_NLP,Government,https://eci-2.com,eci.gov.in,Election Commision of India (ECI),Suspected,2026-03-31T12:50:26Z,"Cloudflare, Inc.",NA,NA,COEN.NS.CLOUDFLARE.COM;MAISIE.NS.CLOUDFLARE.COM,NA,NA,NA,NA,NA,23-04-2026,17:36:51,NA,not_mapped_to_ip; webpage rendering skipped because the domain did not resolve to an active IP.
ISS_NLP,Unknown,https://fintecheye.com,kfintech.com,Kfintech,Suspected,2023-03-30T12:46:22Z,Xin Net Technology Corporation,NA,NA,DNS10.EXPIRENOTIFICATION.COM;DNS9.EXPIRENOTIFICATION.COM,NA,NA,NA,NA,NA,23-04-2026,17:37:26,NA,not_mapped_to_ip; webpage rendering skipped because the domain did not resolve to an active IP.
ISS_NLP,Unknown,https://fintechfi.com,kfintech.com,Kfintech,Suspected,2021-02-15T14:39:41Z,"GoDaddy.com, LLC",NA,NA,NS1.AFTERNIC.COM;NS2.AFTERNIC.COM;VERIFICATION-YQWLAYZPPIICIKKZJKDGHQ.NS101.VERIFY.HN,NA,NA,NA,NA,NA,23-04-2026,17:36:46,NA,weak_or_single_signal_match; NA values are due to privacy issues.
ISS_NLP,Unknown,https://fnstech.com,kfintech.com,Kfintech,Suspected,2006-03-30T03:52:41Z,"Gabia, Inc.",NA,NA,NS.DOMAINCA.COM;NS2.DOMAINCA.COM,NA,NA,NA,NA,NA,23-04-2026,17:36:31,NA,weak_or_single_signal_match; NA values are due to privacy issues.
ISS_NLP,Unknown,https://fsfintech.com,kfintech.com,Kfintech,Suspected,2024-03-29T06:56:55Z,"NameCheap, Inc.",NA,NA,DNS101.REGISTRAR-SERVERS.COM;DNS102.REGISTRAR-SERVERS.COM,NA,NA,NA,NA,NA,23-04-2026,17:36:31,NA,weak_or_single_signal_match; NA values are due to privacy issues.
ISS_NLP,Unknown,https://gubkintech.com,kfintech.com,Kfintech,Suspected,2021-03-28T12:36:32Z,Registrar of Domain Names REG.RU LLC,NA,NA,NS1.EXPIRED.REG.RU;NS2.EXPIRED.REG.RU,NA,NA,NA,NA,NA,23-04-2026,17:36:51,NA,not_mapped_to_ip; webpage rendering skipped because the domain did not resolve to an active IP.
ISS_NLP,Unknown,https://haksonline.com,camsonline.com,Computer Age Management Services Ltd. (CAMS),Suspected,2026-03-31T07:20:46Z,"NameCheap, Inc.",NA,NA,DNS1.P04.NSONE.NET;DNS2.P04.NSONE.NET;DNS3.P04.NSONE.NET;DNS4.P04.NSONE.NET,NA,NA,NA,NA,NA,23-04-2026,17:35:54,NA,weak_or_single_signal_match; NA values are due to privacy issues.
ISS_NLP,Banking/Financial,https://hdafrica.com,hdfc.com,HDFC Bank,Suspected,2026-01-27T01:37:45Z,Dynadot Inc,NA,NA,LAUNCH1.SPACESHIP.NET;LAUNCH2.SPACESHIP.NET,NA,NA,NA,NA,NA,23-04-2026,17:36:49,NA,weak_or_single_signal_match; NA values are due to privacy issues.
ISS_NLP,Banking/Financial,https://hdcnlife.com,hdfclife.com,HDFC Bank,Suspected,2025-05-20T02:51:28Z,Gname.com Pte. Ltd.,NA,NA,HALEY.NS.CLOUDFLARE.COM;SONNY.NS.CLOUDFLARE.COM,NA,NA,NA,NA,NA,23-04-2026,17:36:31,NA,weak_or_single_signal_match; NA values are due to privacy issues.
ISS_NLP,Banking/Financial,https://hdfcgkyy.com,hdfc.com,HDFC Bank,Suspected,2025-09-05T16:49:08Z,Gname.com Pte. Ltd.,NA,NA,LIZ.NS.CLOUDFLARE.COM;MARK.NS.CLOUDFLARE.COM,NA,NA,NA,NA,NA,23-04-2026,17:36:28,NA,weak_or_single_signal_match; NA values are due to privacy issues.
ISS_NLP,Unknown,https://herbsindia.com,bseindia.com,BSE Ltd.,Suspected,2009-02-06T20:34:15Z,"GoDaddy.com, LLC",NA,NA,NS43.DOMAINCONTROL.COM;NS44.DOMAINCONTROL.COM,NA,NA,NA,NA,NA,23-04-2026,17:36:29,NA,weak_or_single_signal_match; NA values are due to privacy issues.
ISS_NLP,Unknown,https://hkfintech.org,kfintech.com,Kfintech,Suspected,2016-03-29 06:37:22+00:00,"GoDaddy.com, LLC",NA,NA,ns1.hkfintech.org;ns2.hkfintech.org,NA,NA,NA,NA,NA,23-04-2026,17:37:02,NA,not_mapped_to_ip; webpage rendering skipped because the domain did not resolve to an active IP.
ISS_NLP,Government,https://hruidai.com,uidai.gov.in,"Unique Identification Authority of India (UIDAI)
",Suspected,2023-03-28T06:57:30Z,Alibaba Cloud Computing Ltd. d/b/a HiChina (www.net.cn),NA,NA,EXPIRENS3.HICHINA.COM;EXPIRENS4.HICHINA.COM,NA,NA,NA,NA,NA,23-04-2026,17:36:27,NA,weak_or_single_signal_match; NA values are due to privacy issues.
ISS_NLP,Banking/Financial,https://icicibxsk.icu,icicilombard.com,ICICI Bank,Suspected,2025-03-30 11:53:32+00:00,"NameSilo, LLC",User #89920b43 Privacy,US,NS1.DNSOWL.COM;NS2.DNSOWL.COM;NS3.DNSOWL.COM,NA,NA,NA,NA,NA,23-04-2026,17:37:26,NA,not_mapped_to_ip; webpage rendering skipped because the domain did not resolve to an active IP.
ISS_NLP,Banking/Financial,https://icicibxsk.xyz,icicilombard.com,ICICI Bank,Suspected,2025-03-30T11:53:32.0Z,"NameSilo, LLC",NA,NA,NA,NA,NA,NA,NA,NA,23-04-2026,17:37:04,NA,not_mapped_to_ip; webpage rendering skipped because the domain did not resolve to an active IP.
ISS_NLP,Banking/Financial,https://icicivpe.icu,iciciprulife.com,ICICI Bank,Suspected,2026-04-01T08:08:18.0Z,Gname.com Pte. Ltd.,NA,NA,a.share-dns.com;b.share-dns.net,NA,NA,NA,NA,NA,23-04-2026,17:36:51,NA,not_mapped_to_ip; webpage rendering skipped because the domain did not resolve to an active IP.
ISS_NLP,Banking/Financial,https://iciciydr.icu,icicidirect.com,ICICI Bank,Suspected,2026-04-01T08:08:18.0Z,Gname.com Pte. Ltd.,NA,NA,a.share-dns.com;b.share-dns.net,NA,NA,NA,NA,NA,23-04-2026,17:36:50,NA,not_mapped_to_ip; webpage rendering skipped because the domain did not resolve to an active IP.
ISS_NLP,Banking/Financial,https://icircce.com,icicidirect.com,ICICI Bank,Suspected,2026-03-31T10:20:49Z,Wix.com Ltd.,NA,NA,NS6.WIXDNS.NET;NS7.WIXDNS.NET,NA,NA,NA,NA,NA,23-04-2026,17:35:31,NA,weak_or_single_signal_match; NA values are due to privacy issues.
ISS_NLP,Government,https://incometaxcentre.com,incometaxindia.gov.in,Income Tax Department,Suspected,2024-03-30T11:03:37Z,"NameCheap, Inc.",NA,NA,DNS101.REGISTRAR-SERVERS.COM;DNS102.REGISTRAR-SERVERS.COM,NA,NA,NA,NA,NA,23-04-2026,17:36:48,NA,weak_or_single_signal_match; NA values are due to privacy issues.
ISS_NLP,Unknown,https://jaison.com,jio.com,Jio,Suspected,2002-03-29T07:33:49Z,"GoDaddy.com, LLC",NA,NA,NS1.PARKINGCREW.NET;NS2.PARKINGCREW.NET,NA,NA,NA,NA,NA,23-04-2026,17:36:30,NA,weak_or_single_signal_match; NA values are due to privacy issues.
ISS_NLP,Unknown,https://jiboyi.com,jio.com,Jio,Suspected,2023-03-28T12:03:47Z,Gname.com Pte. Ltd.,NA,NA,A4.SHARE-DNS.COM;B4.SHARE-DNS.NET,NA,NA,NA,NA,NA,23-04-2026,17:36:30,NA,weak_or_single_signal_match; NA values are due to privacy issues.
ISS_NLP,Unknown,https://jigo1.com,jio.com,Jio,Suspected,2019-04-26T06:01:39Z,"XServer, Inc.",NA,NA,NS1.XSERVER.JP;NS2.XSERVER.JP;NS3.XSERVER.JP;NS4.XSERVER.JP;NS5.XSERVER.JP,NA,NA,NA,NA,NA,23-04-2026,17:36:47,NA,weak_or_single_signal_match; NA values are due to privacy issues.
ISS_NLP,Unknown,https://jimot.com,jio.com,Jio,Suspected,2006-03-28T11:56:01Z,"GMO Internet Group, Inc. d/b/a Onamae.com",NA,NA,DNS1.ONAMAE-EXPIRED.COM;DNS2.ONAMAE-EXPIRED.COM,NA,NA,NA,NA,NA,23-04-2026,17:36:30,NA,weak_or_single_signal_match; NA values are due to privacy issues.
ISS_NLP,Unknown,https://jinopt.com,jio.com,Jio,Suspected,2021-07-07T05:28:49Z,Gname.com Pte. Ltd.,NA,NA,A3.SHARE-DNS.COM;B3.SHARE-DNS.NET,NA,NA,NA,NA,NA,23-04-2026,17:36:48,NA,weak_or_single_signal_match; NA values are due to privacy issues.
ISS_NLP,Unknown,https://jioujia.com,jio.com,Jio,Suspected,2014-10-16T03:01:13Z,Gname.com Pte. Ltd.,NA,NA,A10.SHARE-DNS.COM;B10.SHARE-DNS.NET,NA,NA,NA,NA,NA,23-04-2026,17:36:36,NA,weak_or_single_signal_match; NA values are due to privacy issues.
ISS_NLP,Unknown,https://jivxow.com,jio.com,Jio,Suspected,2026-03-31T01:04:09Z,DOMAIN ORIENTAL LIMITED,NA,NA,NS1.JUDNS.COM;NS2.JUDNS.COM,NA,NA,NA,NA,NA,23-04-2026,17:35:24,NA,weak_or_single_signal_match; NA values are due to privacy issues.
ISS_NLP,Unknown,https://jrixos.com,jio.com,Jio,Suspected,2026-03-31T02:23:02Z,"NameCheap, Inc.",NA,NA,LIGIA.NS.CLOUDFLARE.COM;TITAN.NS.CLOUDFLARE.COM,NA,NA,NA,NA,NA,23-04-2026,17:35:25,NA,weak_or_single_signal_match; NA values are due to privacy issues.
ISS_NLP,Unknown,https://jvixoh.com,jio.com,Jio,Suspected,2026-03-31T02:23:12Z,"NameCheap, Inc.",NA,NA,LIGIA.NS.CLOUDFLARE.COM;TITAN.NS.CLOUDFLARE.COM,NA,NA,NA,NA,NA,23-04-2026,17:35:23,NA,weak_or_single_signal_match; NA values are due to privacy issues.
ISS_NLP,Unknown,https://jzdiou.com,jio.com,Jio,Suspected,2026-01-27T19:13:35Z,Metaregistrar BV,NA,NA,HADLEE.NS.CLOUDFLARE.COM;RAM.NS.CLOUDFLARE.COM,NA,NA,NA,NA,NA,23-04-2026,17:36:47,NA,weak_or_single_signal_match; NA values are due to privacy issues.
ISS_NLP,Unknown,https://jzijob.com,jio.com,Jio,Suspected,2025-09-05T12:36:57Z,Gname.com Pte. Ltd.,NA,NA,LIZ.NS.CLOUDFLARE.COM;MARK.NS.CLOUDFLARE.COM,NA,NA,NA,NA,NA,23-04-2026,17:36:47,NA,weak_or_single_signal_match; NA values are due to privacy issues.
ISS_NLP,Unknown,https://kfmtech.com,kfintech.com,Kfintech,Suspected,2005-03-31T09:12:54Z,"DNC Holdings, Inc.",NA,NA,NS0.DIRECTNIC.COM;NS1.DIRECTNIC.COM;NS2.DIRECTNIC.COM;NS3.DIRECTNIC.COM,NA,NA,NA,NA,NA,23-04-2026,17:37:03,NA,not_mapped_to_ip; webpage rendering skipped because the domain did not resolve to an active IP.
ISS_NLP,Unknown,https://kftchj.com,kfintech.com,Kfintech,Suspected,2015-03-31T08:40:50Z,"Alibaba Cloud Computing (Beijing) Co., Ltd.",NA,NA,DNS10.HICHINA.COM;DNS9.HICHINA.COM,NA,NA,NA,NA,NA,23-04-2026,17:37:26,NA,not_mapped_to_ip; webpage rendering skipped because the domain did not resolve to an active IP.
ISS_NLP,Unknown,https://kluftech.com,kfintech.com,Kfintech,Suspected,2026-03-31T18:44:30Z,Porkbun LLC,NA,NA,CURITIBA.NS.PORKBUN.COM;FORTALEZA.NS.PORKBUN.COM;MACEIO.NS.PORKBUN.COM;SALVADOR.NS.PORKBUN.COM,NA,NA,NA,NA,NA,23-04-2026,17:35:23,NA,weak_or_single_signal_match; NA values are due to privacy issues.
ISS_NLP,Banking/Financial,https://kore-axis.com,axismf.com,Axis Bank,Suspected,2026-03-31T21:05:56Z,"Name.com, Inc.",NA,NA,NS1-09.AZURE-DNS.COM;NS2-09.AZURE-DNS.NET;NS3-09.AZURE-DNS.ORG;NS4-09.AZURE-DNS.INFO,NA,NA,NA,NA,NA,23-04-2026,17:36:51,NA,not_mapped_to_ip; webpage rendering skipped because the domain did not resolve to an active IP.
ISS_NLP,Banking/Financial,https://kore-axis.info,axismaxlife.com,Axis Bank,Suspected,2026-03-31T21:05:53.552Z,"Name.com, Inc.",NA,NA,ns4jpz.name.com;ns1cny.name.com;ns3bgq.name.com;ns2fgp.name.com,NA,NA,NA,NA,NA,23-04-2026,17:36:07,NA,weak_or_single_signal_match; NA values are due to privacy issues.
ISS_NLP,Banking/Financial,https://kore-axis.org,axismaxlife.com,Axis Bank,Suspected,2026-03-31T21:05:47.307Z,"Name.com, Inc.",NA,NA,ns1cny.name.com;ns2fgp.name.com;ns3bgq.name.com;ns4jpz.name.com,NA,NA,NA,NA,NA,23-04-2026,17:35:36,NA,weak_or_single_signal_match; NA values are due to privacy issues.
ISS_NLP,Unknown,https://kuberindia.com,bseindia.com,BSE Ltd.,Suspected,2017-03-29T18:09:50Z,"TurnCommerce, Inc. DBA NameBright.com",NA,NA,NSG1.NAMEBRIGHTDNS.COM;NSG2.NAMEBRIGHTDNS.COM,NA,NA,NA,NA,NA,23-04-2026,17:36:29,NA,weak_or_single_signal_match; NA values are due to privacy issues.
ISS_NLP,Unknown,https://ljiod.com,jio.com,Jio,Suspected,2019-03-07T07:44:07Z,Gname.com Pte. Ltd.,NA,NA,NS1.JULYDNS.COM;NS2.JULYDNS.COM,NA,NA,NA,NA,NA,23-04-2026,17:36:46,NA,weak_or_single_signal_match; NA values are due to privacy issues.
ISS_NLP,Government,https://mai-nha.org,nha.gov.in,National Health Authority (NHA),Suspected,2012-03-30T09:45:48.346Z,OVH sas,NA,NA,dns200.anycast.me;ns200.anycast.me,NA,NA,NA,NA,NA,23-04-2026,17:36:44,NA,weak_or_single_signal_match; NA values are due to privacy issues.
ISS_NLP,Banking/Financial,https://mammoth-axis.com,axismaxlife.com,Axis Bank,Suspected,2026-03-31T04:08:12Z,"Cloudflare, Inc.",NA,NA,ADI.NS.CLOUDFLARE.COM;COREY.NS.CLOUDFLARE.COM,NA,NA,NA,NA,NA,23-04-2026,17:36:51,NA,not_mapped_to_ip; webpage rendering skipped because the domain did not resolve to an active IP.
ISS_NLP,Banking/Financial,https://masilife.com,sbilife.co.in,State Bank of India (SBI),Suspected,2026-03-31T15:45:11Z,"GoDaddy.com, LLC",NA,NA,NS45.DOMAINCONTROL.COM;NS46.DOMAINCONTROL.COM,NA,NA,NA,NA,NA,23-04-2026,17:36:25,NA,weak_or_single_signal_match; NA values are due to privacy issues.
ISS_NLP,Oil & Gas,https://mimocli.com,iocl.com,Indian Oil Corporation Limited (IOCL),Suspected,2026-03-31T17:51:22Z,Hosting Concepts B.V. d/b/a Registrar.eu,NA,NA,LAUNCH1.SPACESHIP.NET;LAUNCH2.SPACESHIP.NET,NA,NA,NA,NA,NA,23-04-2026,17:36:07,NA,weak_or_single_signal_match; NA values are due to privacy issues.
ISS_NLP,Telecom,https://myvink.io,myvi.in,Vodafone Idea (VI),Suspected,2026-03-31T08:53:06.816Z,Squarespace Domains LLC,,NA,ns-cloud-a1.googledomains.com;ns-cloud-a2.googledomains.com;ns-cloud-a3.googledomains.com;ns-cloud-a4.googledomains.com,NA,NA,NA,NA,NA,23-04-2026,17:35:25,NA,weak_or_single_signal_match; NA values are due to privacy issues.
ISS_NLP,Banking/Financial,https://nepln.com,netpnb.com,Punjab National Bank (PNB),Suspected,2025-03-29T18:41:34Z,"V12 Domains, LLC",NA,NA,NS1.AFTERNIC.COM;NS2.AFTERNIC.COM;VERIFICATION-D3JCLUCSP89GANYQBYDENY.NS101.VERIFY.HN,NA,NA,NA,NA,NA,23-04-2026,17:36:29,NA,weak_or_single_signal_match; NA values are due to privacy issues.
ISS_NLP,Banking/Financial,https://netpran.com,netpnb.com,Punjab National Bank (PNB),Suspected,2025-12-21T05:15:15Z,Good Domain Registry Pvt Ltd.,NA,NA,NS1.NETPRAN.COM;NS2.NETPRAN.COM,NA,NA,NA,NA,NA,23-04-2026,17:36:44,NA,weak_or_single_signal_match; NA values are due to privacy issues.
ISS_NLP,Banking/Financial,https://netpuw.com,netpnb.com,Punjab National Bank (PNB),Suspected,2026-03-31T00:58:54Z,"Hefei Juming Network Technology Co., Ltd",NA,NA,NS1.JUDNS.COM;NS2.JUDNS.COM,NA,NA,NA,NA,NA,23-04-2026,17:36:23,NA,weak_or_single_signal_match; NA values are due to privacy issues.
ISS_NLP,Government,https://nha-aue.com,nha.gov.in,National Health Authority (NHA),Suspected,2023-03-31T13:54:18Z,INWX GmbH,NA,NA,NS.INWX.DE;NS2.INWX.DE;NS3.INWX.EU,NA,NA,NA,NA,NA,23-04-2026,17:36:47,NA,weak_or_single_signal_match; NA values are due to privacy issues.
ISS_NLP,Unknown,https://niftechs.com,kfintech.com,Kfintech,Suspected,2022-03-29T05:38:24Z,"GoDaddy.com, LLC",NA,NA,DESI.NS.CLOUDFLARE.COM;TODD.NS.CLOUDFLARE.COM,NA,NA,NA,NA,NA,23-04-2026,17:36:29,NA,weak_or_single_signal_match; NA values are due to privacy issues.
ISS_NLP,Unknown,https://nikotech.com,kfintech.com,Kfintech,Suspected,2004-03-29T17:23:17Z,"GoDaddy.com, LLC",NA,NA,NS01.DOMAINCONTROL.COM;NS02.DOMAINCONTROL.COM,NA,NA,NA,NA,NA,23-04-2026,17:36:31,NA,weak_or_single_signal_match; NA values are due to privacy issues.
ISS_NLP,Government,https://peg-eci.org,eci.gov.in,Election Commision of India (ECI),Suspected,2010-02-17T22:20:23.373Z,"GoDaddy.com, LLC",NA,NA,apollo.ns.cloudflare.com;asa.ns.cloudflare.com,NA,NA,NA,NA,NA,23-04-2026,17:36:29,NA,weak_or_single_signal_match; NA values are due to privacy issues.
ISS_NLP,Unknown,https://rbi-houston.org,rbi.org.in,Reserve Bank of India (RBI),Suspected,2010-03-31T18:02:38.837Z,Tucows Domains Inc.,NA,NA,ns1.renewyourname.net;ns2.renewyourname.net,NA,NA,NA,NA,NA,23-04-2026,17:36:26,NA,weak_or_single_signal_match; NA values are due to privacy issues.
ISS_NLP,Unknown,https://rbih.org,rbi.org.in,Reserve Bank of India (RBI),Suspected,2025-05-29T00:40:22.943Z,Dynadot Inc,NA,NA,ns1.afternic.com;ns2.afternic.com,NA,NA,NA,NA,NA,23-04-2026,17:36:36,NA,weak_or_single_signal_match; NA values are due to privacy issues.
ISS_NLP,Unknown,https://rebitadventure.com,rebit.org.in,Reserve Bank of India (RBI),Suspected,2026-03-31T19:39:13Z,Squarespace Domains II LLC,NA,NA,NS-CLOUD-C1.GOOGLEDOMAINS.COM;NS-CLOUD-C2.GOOGLEDOMAINS.COM;NS-CLOUD-C3.GOOGLEDOMAINS.COM;NS-CLOUD-C4.GOOGLEDOMAINS.COM,NA,NA,NA,NA,NA,23-04-2026,17:35:55,NA,weak_or_single_signal_match; NA values are due to privacy issues.
ISS_NLP,Unknown,https://reliance-jio.in,jio.com,Jio,Suspected,NA,NA,NA,NA,NA,NA,NA,NA,NA,NA,23-04-2026,17:36:07,NA,weak_or_single_signal_match; NA values are due to privacy issues.
ISS_NLP,Unknown,https://sac-online.website,camsonline.com,Computer Age Management Services Ltd. (CAMS),Suspected,NA,NA,NA,NA,NA,NA,NA,NA,NA,NA,23-04-2026,17:36:22,NA,weak_or_single_signal_match; NA values are due to privacy issues.
ISS_NLP,Unknown,https://sacbronline.com,camsonline.com,Computer Age Management Services Ltd. (CAMS),Suspected,2025-03-30T23:44:13Z,PDR Ltd. d/b/a PublicDomainRegistry.com,NA,NA,DNS10.PARKPAGE.FOUNDATIONAPI.COM;DNS11.PARKPAGE.FOUNDATIONAPI.COM,NA,NA,NA,NA,NA,23-04-2026,17:36:27,NA,weak_or_single_signal_match; NA values are due to privacy issues.
ISS_NLP,Banking/Financial,https://sbanim.com,sbi.co.in,State Bank of India (SBI),Suspected,2026-03-31T09:52:33Z,Global Domain Group LLC,NA,NA,NS1.GLOBALDOMAINGROUP.COM;NS2.GLOBALDOMAINGROUP.COM,NA,NA,NA,NA,NA,23-04-2026,17:35:24,NA,weak_or_single_signal_match; NA values are due to privacy issues.
ISS_NLP,Banking/Financial,https://sbimali.com,sbimf.com,State Bank of India (SBI),Suspected,2021-12-02T19:47:33Z,Ligne Web Services SAS dba LWS,NA,NA,NS1.DNSHOSTSERVICES.COM;NS2.DNSHOSTSERVICES.COM;NS3.DNSHOSTSERVICES.COM;NS4.DNSHOSTSERVICES.COM,NA,NA,NA,NA,NA,23-04-2026,17:36:44,NA,weak_or_single_signal_match; NA values are due to privacy issues.
ISS_NLP,Banking/Financial,https://sbiwca.com,sbicard.com,State Bank of India (SBI),Suspected,2025-09-06T01:28:47Z,Gname.com Pte. Ltd.,NA,NA,HALEY.NS.CLOUDFLARE.COM;SONNY.NS.CLOUDFLARE.COM,NA,NA,NA,NA,NA,23-04-2026,17:36:27,NA,weak_or_single_signal_match; NA values are due to privacy issues.
ISS_NLP,Unknown,https://seidrain.com,bseindia.com,BSE Ltd.,Suspected,2024-03-29T16:14:59Z,"GoDaddy.com, LLC",NA,NA,NS65.DOMAINCONTROL.COM;NS66.DOMAINCONTROL.COM,NA,NA,NA,NA,NA,23-04-2026,17:36:27,NA,weak_or_single_signal_match; NA values are due to privacy issues.
ISS_NLP,Unknown,https://skinifytech.com,kfintech.com,Kfintech,Suspected,2026-03-31T08:26:32Z,TuringSign Inc. d/b/a Cosmotown,NA,NA,MAXIM.NS.CLOUDFLARE.COM;ROSALYN.NS.CLOUDFLARE.COM,NA,NA,NA,NA,NA,23-04-2026,17:35:23,NA,weak_or_single_signal_match; NA values are due to privacy issues.
ISS_NLP,Banking/Financial,https://subjio.com,sbi.co.in,State Bank of India (SBI),Suspected,2017-03-29T05:22:55Z,"GoDaddy.com, LLC",NA,NA,NS27.DOMAINCONTROL.COM;NS28.DOMAINCONTROL.COM,NA,NA,NA,NA,NA,23-04-2026,17:36:46,NA,weak_or_single_signal_match; NA values are due to privacy issues.
ISS_NLP,Banking/Financial,https://switzcard.com,sbicard.com,State Bank of India (SBI),Suspected,2020-03-24T15:56:31Z,"GoDaddy.com, LLC",NA,NA,NS53.DOMAINCONTROL.COM;NS54.DOMAINCONTROL.COM,NA,NA,NA,NA,NA,23-04-2026,17:36:44,NA,weak_or_single_signal_match; NA values are due to privacy issues.
ISS_NLP,Unknown,https://tamsonline.com,camsonline.com,Computer Age Management Services Ltd. (CAMS),Suspected,2001-04-02T00:44:06Z,"NameSilo, LLC",NA,NA,NS1.SEDOPARKING.COM;NS2.SEDOPARKING.COM,NA,NA,NA,NA,NA,23-04-2026,17:36:30,NA,weak_or_single_signal_match; NA values are due to privacy issues.
ISS_NLP,Government,https://uidai-gov.com,uidai.gov.in,"Unique Identification Authority of India (UIDAI)
",Suspected,2025-09-24T01:42:53Z,Hosting Concepts B.V. d/b/a Registrar.eu,NA,NA,NS1.DNS-SUSPENDED.COM;NS2.DNS-SUSPENDED.COM,NA,NA,NA,NA,NA,23-04-2026,17:37:03,NA,not_mapped_to_ip; webpage rendering skipped because the domain did not resolve to an active IP.
ISS_NLP,Government,https://uidai-login.com,uidai.gov.in,"Unique Identification Authority of India (UIDAI)
",Suspected,2026-03-31T08:21:19Z,Hosting Concepts B.V. d/b/a Registrar.eu,NA,NA,APOLLO.DNS-PARKING.COM;ATHENA.DNS-PARKING.COM,NA,NA,NA,NA,NA,23-04-2026,17:35:25,NA,weak_or_single_signal_match; NA values are due to privacy issues.
ISS_NLP,Government,https://uidaiuclservicegov.com,uidai.gov.in,"Unique Identification Authority of India (UIDAI)
",Suspected,2025-09-24T02:12:32Z,Hosting Concepts B.V. d/b/a Registrar.eu,NA,NA,NS1.DNS-SUSPENDED.COM;NS2.DNS-SUSPENDED.COM,NA,NA,NA,NA,NA,23-04-2026,17:37:27,NA,not_mapped_to_ip; webpage rendering skipped because the domain did not resolve to an active IP.
ISS_NLP,Government,https://uidaiuclsgov.com,uidai.gov.in,"Unique Identification Authority of India (UIDAI)
",Suspected,2025-09-24T01:38:20Z,Hosting Concepts B.V. d/b/a Registrar.eu,NA,NA,NS1.DNS-SUSPENDED.COM;NS2.DNS-SUSPENDED.COM,NA,NA,NA,NA,NA,23-04-2026,17:37:03,NA,not_mapped_to_ip; webpage rendering skipped because the domain did not resolve to an active IP.
ISS_NLP,Banking/Financial,https://work-axis.com,axismf.com,Axis Bank,Suspected,2026-03-31T19:02:12Z,"GoDaddy.com, LLC",NA,NA,NS71.DOMAINCONTROL.COM;NS72.DOMAINCONTROL.COM,NA,NA,NA,NA,NA,23-04-2026,17:36:25,NA,weak_or_single_signal_match; NA values are due to privacy issues.
ISS_NLP,Banking/Financial,https://xn--appeldelalibert-pnb.com,netpnb.com,Punjab National Bank (PNB),Suspected,2026-03-31T16:27:24Z,OVH sas,NA,NA,DNS14.OVH.NET;NS14.OVH.NET,NA,NA,NA,NA,NA,23-04-2026,17:35:46,NA,weak_or_single_signal_match; NA values are due to privacy issues.
ISS_NLP,Banking/Financial,https://xn--theunicorncraft-pnb.com,netpnb.com,Punjab National Bank (PNB),Suspected,2026-03-31T14:09:43Z,"GoDaddy.com, LLC",NA,NA,NS63.DOMAINCONTROL.COM;NS64.DOMAINCONTROL.COM,NA,NA,NA,NA,NA,23-04-2026,17:36:02,NA,weak_or_single_signal_match; NA values are due to privacy issues.
ISS_NLP,Banking/Financial,https://xn--theunicorncraft-pnb.shop,netpnb.com,Punjab National Bank (PNB),Suspected,NA,NA,NA,NA,NA,NA,NA,NA,NA,NA,23-04-2026,17:35:56,NA,weak_or_single_signal_match; NA values are due to privacy issues.
ISS_NLP,Banking/Financial,https://z-axis-tech.com,axismf.com,Axis Bank,Suspected,2023-03-28T07:38:15Z,"DNSPod, Inc.",NA,NA,EXPIRE01.DNSPOD.NET;EXPIRE02.DNSPOD.NET,NA,NA,NA,NA,NA,23-04-2026,17:37:26,NA,not_mapped_to_ip; webpage rendering skipped because the domain did not resolve to an active IP.
