url,source_workbooks_json
rajasthan.census.gov.in,"[""dns_twist_census.xlsx""]"
rajasthan.census.cn,"[""dns_twist_census.xlsx""]"
rajasthan.census.com,"[""dns_twist_census.xlsx""]"
rajasthan.census.info,"[""dns_twist_census.xlsx""]"
rajasthan.census.org,"[""dns_twist_census.xlsx""]"
rajasthan.census.co,"[""dns_twist_census.xlsx""]"
dc.crsorgi.gov.in,"[""dns_twist_census.xlsx""]"
dc.crsorgi.live,"[""dns_twist_census.xlsx""]"
dc.crsorgi.com,"[""dns_twist_census.xlsx""]"
dc.crsorgi.site,"[""dns_twist_census.xlsx""]"
dc.crsorgi.info,"[""dns_twist_census.xlsx""]"
tran.census.gov.in,"[""dns_twist_census.xlsx""]"
tran.census.cn,"[""dns_twist_census.xlsx""]"
tran.census.com,"[""dns_twist_census.xlsx""]"
tran.census.info,"[""dns_twist_census.xlsx""]"
tran.census.org,"[""dns_twist_census.xlsx""]"
tran.census.co,"[""dns_twist_census.xlsx""]"
dev.crsorgi.gov.in,"[""dns_twist_census.xlsx""]"
dev.crsorgi.live,"[""dns_twist_census.xlsx""]"
dev.crsorgi.com,"[""dns_twist_census.xlsx""]"
dev.crsorgi.site,"[""dns_twist_census.xlsx""]"
dev.crsorgi.info,"[""dns_twist_census.xlsx""]"
uatbooks.census.gov.in,"[""dns_twist_census.xlsx""]"
uatbooks.census.cn,"[""dns_twist_census.xlsx""]"
uatbooks.census.com,"[""dns_twist_census.xlsx""]"
uatbooks.census.info,"[""dns_twist_census.xlsx""]"
uatbooks.census.org,"[""dns_twist_census.xlsx""]"
uatbooks.census.co,"[""dns_twist_census.xlsx""]"
uatdco.census.gov.in,"[""dns_twist_census.xlsx""]"
uatdco.census.cn,"[""dns_twist_census.xlsx""]"
uatdco.census.com,"[""dns_twist_census.xlsx""]"
uatdco.census.info,"[""dns_twist_census.xlsx""]"
uatdco.census.org,"[""dns_twist_census.xlsx""]"
uatdco.census.co,"[""dns_twist_census.xlsx""]"
karnataka.census.gov.in,"[""dns_twist_census.xlsx""]"
karnataka.census.cn,"[""dns_twist_census.xlsx""]"
karnataka.census.com,"[""dns_twist_census.xlsx""]"
karnataka.census.info,"[""dns_twist_census.xlsx""]"
karnataka.census.org,"[""dns_twist_census.xlsx""]"
karnataka.census.co,"[""dns_twist_census.xlsx""]"
maharashtra.census.gov.in,"[""dns_twist_census.xlsx""]"
maharashtra.census.cn,"[""dns_twist_census.xlsx""]"
maharashtra.census.com,"[""dns_twist_census.xlsx""]"
maharashtra.census.info,"[""dns_twist_census.xlsx""]"
maharashtra.census.org,"[""dns_twist_census.xlsx""]"
maharashtra.census.co,"[""dns_twist_census.xlsx""]"
jharkhand.census.gov.in,"[""dns_twist_census.xlsx""]"
jharkhand.census.cn,"[""dns_twist_census.xlsx""]"
jharkhand.census.com,"[""dns_twist_census.xlsx""]"
jharkhand.census.info,"[""dns_twist_census.xlsx""]"
jharkhand.census.org,"[""dns_twist_census.xlsx""]"
jharkhand.census.co,"[""dns_twist_census.xlsx""]"
odisha.census.gov.in,"[""dns_twist_census.xlsx""]"
odisha.census.cn,"[""dns_twist_census.xlsx""]"
odisha.census.com,"[""dns_twist_census.xlsx""]"
odisha.census.info,"[""dns_twist_census.xlsx""]"
odisha.census.org,"[""dns_twist_census.xlsx""]"
odisha.census.co,"[""dns_twist_census.xlsx""]"
mp.census.gov.in,"[""dns_twist_census.xlsx""]"
mp.census.cn,"[""dns_twist_census.xlsx""]"
mp.census.com,"[""dns_twist_census.xlsx""]"
mp.census.info,"[""dns_twist_census.xlsx""]"
mp.census.org,"[""dns_twist_census.xlsx""]"
mp.census.co,"[""dns_twist_census.xlsx""]"
