input_position,input_url,normalized_url,dns_status,dns_decision,fetch_status,admitted,exclusion_stage,reason,old_fuzzy_hit,old_fuzzy_cse,hybrid_lexical_hit,strict_lexical_hit,lexical_score_pass,fallback_rank_only,admission_reason,admission_path,candidate_generation_reason,best_entity,best_score,confidence_band,lexical_score,clip_similarity,typo_similarity,domain_component,clip_component,hash_component
1146,mailreviveleads.website,https://mailreviveleads.website,resolved,accepted,timeout,True,,,True,National Informatics Centre (NIC),True,True,True,False,strict_lexical_hit,strict_lexical_hit,jw_primary,National Informatics Centre (NIC),0.0,Low,0.8533,0.0,0.4211,25.6,0.0,0.0
1658,hw-ai-cloud.top,https://hw-ai-cloud.top,resolved,accepted,timeout,True,,,False,,True,True,False,False,strict_lexical_hit,strict_lexical_hit,brand_token_match,National Informatics Centre (NIC),0.0,Low,0.6742,0.0,0.4,20.2273,0.0,0.0
1822,homefpl.com,https://homefpl.com,resolved,accepted,timeout,True,,,True,State Bank of India (SBI),True,True,True,False,strict_lexical_hit,strict_lexical_hit,jw_primary,State Bank of India (SBI),0.0,Low,0.854,0.0,0.625,25.619,0.0,0.0
1905,cloudincltd.com,https://cloudincltd.com,resolved,accepted,timeout,True,,,True,National Informatics Centre (NIC),True,True,True,False,strict_lexical_hit,strict_lexical_hit,jw_primary,National Informatics Centre (NIC),0.0,Low,0.8909,0.0,0.625,26.7273,0.0,0.0
2308,cloudology.us,https://cloudology.us,resolved,accepted,timeout,True,,,True,National Informatics Centre (NIC),True,True,True,False,strict_lexical_hit,strict_lexical_hit,jw_primary,National Informatics Centre (NIC),0.0,Low,0.9,0.0,0.6667,27.0,0.0,0.0
2595,modrails.org,https://modrails.org,resolved,accepted,timeout,True,,,True,National Informatics Centre (NIC),True,True,True,False,strict_lexical_hit,strict_lexical_hit,jw_primary,National Informatics Centre (NIC),0.0,Low,0.85,0.0,0.6667,25.5,0.0,0.0
2716,fintechers.com,https://fintechers.com,resolved,accepted,timeout,True,,,True,Kfintech,True,True,True,False,strict_lexical_hit,strict_lexical_hit,jw_primary,Kfintech,0.0,Low,0.8583,0.0,0.8078,25.75,0.0,0.0
3220,cloud-adsprint.click,https://cloud-adsprint.click,resolved,accepted,timeout,True,,,True,National Informatics Centre (NIC),True,True,True,False,strict_lexical_hit,strict_lexical_hit,brand_token_match|jw_primary,National Informatics Centre (NIC),0.0,Low,0.8714,0.0,0.5263,26.1429,0.0,0.0
3553,camsclearing.com,https://camsclearing.com,resolved,accepted,timeout,True,,,True,Computer Age Management Services Ltd. (CAMS),True,True,True,False,strict_lexical_hit,strict_lexical_hit,jw_primary,Computer Age Management Services Ltd. (CAMS),0.0,Low,0.8683,0.0,0.6664,26.05,0.0,0.0
4031,cadoonlinevn.org,https://cadoonlinevn.org,resolved,accepted,timeout,True,,,True,Computer Age Management Services Ltd. (CAMS),True,True,True,False,strict_lexical_hit,strict_lexical_hit,jw_primary,Computer Age Management Services Ltd. (CAMS),0.0,Low,0.8578,0.0,0.7273,25.7333,0.0,0.0
4248,mailtelephone.ru,https://mailtelephone.ru,resolved,accepted,timeout,True,,,True,National Informatics Centre (NIC),True,True,True,False,strict_lexical_hit,strict_lexical_hit,jw_primary,National Informatics Centre (NIC),0.0,Low,0.8615,0.0,0.4706,25.8462,0.0,0.0
4285,mailreviveleads.site,https://mailreviveleads.site,resolved,accepted,timeout,True,,,True,National Informatics Centre (NIC),True,True,True,False,strict_lexical_hit,strict_lexical_hit,jw_primary,National Informatics Centre (NIC),0.0,Low,0.8533,0.0,0.4211,25.6,0.0,0.0
4889,cloudhack.cloud,https://cloudhack.cloud,resolved,accepted,timeout,True,,,True,National Informatics Centre (NIC),True,True,True,False,strict_lexical_hit,strict_lexical_hit,jw_primary,National Informatics Centre (NIC),0.0,Low,0.9111,0.0,0.7143,27.3333,0.0,0.0
5162,airtravelinindia.com,https://airtravelinindia.com,resolved,accepted,timeout,True,,,True,Airtel,True,True,True,False,strict_lexical_hit,strict_lexical_hit,jw_primary,Airtel,0.0,Low,0.875,0.0,0.5455,26.25,0.0,0.0
5338,onlineebd.xyz,https://onlineebd.xyz,resolved,accepted,timeout,True,,,True,State Bank of India (SBI),True,True,True,False,strict_lexical_hit,strict_lexical_hit,jw_primary,State Bank of India (SBI),0.0,Low,0.9111,0.0,0.7778,27.3333,0.0,0.0
5505,cloud.house,https://cloud.house,resolved,accepted,timeout,True,,,True,National Informatics Centre (NIC),True,True,True,False,strict_lexical_hit,strict_lexical_hit,brand_token_match|jw_primary|token_set_primary|skeleton_similarity|host_similarity,National Informatics Centre (NIC),0.0,Low,1.0,0.0,1.0,30.0,0.0,0.0
5821,mail-mkt.cloud,https://mail-mkt.cloud,resolved,accepted,timeout,True,,,True,National Informatics Centre (NIC),True,True,True,False,strict_lexical_hit,strict_lexical_hit,brand_token_match|jw_primary,National Informatics Centre (NIC),0.0,Low,0.9,0.0,0.6667,27.0,0.0,0.0
6025,kfinsaat.com.tr,https://kfinsaat.com.tr,resolved,accepted,timeout,True,,,True,Kfintech,True,True,True,False,strict_lexical_hit,strict_lexical_hit,jw_primary,Kfintech,0.0,Low,0.85,0.0,0.625,25.5,0.0,0.0
7189,vsgs.org,https://vsgs.org,resolved,accepted,timeout,True,,,True,Indian Space Research Organisation (ISRO),True,True,True,False,strict_lexical_hit,strict_lexical_hit,jw_primary,Indian Space Research Organisation (ISRO),0.0,Low,0.8667,0.0,0.75,26.0,0.0,0.0
7359,mailoasis2.com,https://mailoasis2.com,resolved,accepted,timeout,True,,,True,National Informatics Centre (NIC),True,True,True,False,strict_lexical_hit,strict_lexical_hit,jw_primary,National Informatics Centre (NIC),0.0,Low,0.88,0.0,0.5714,26.4,0.0,0.0
7537,cloudability.link,https://cloudability.link,resolved,accepted,timeout,True,,,True,National Informatics Centre (NIC),True,True,True,False,strict_lexical_hit,strict_lexical_hit,jw_primary,National Informatics Centre (NIC),0.0,Low,0.8833,0.0,0.5882,26.5,0.0,0.0
7540,onlinepolishers.com,https://onlinepolishers.com,resolved,accepted,timeout,True,,,True,State Bank of India (SBI),True,True,True,False,strict_lexical_hit,strict_lexical_hit,jw_primary,State Bank of India (SBI),0.0,Low,0.8594,0.0,0.5833,25.7833,0.0,0.0
7811,main-zlks.com,https://main-zlks.com,resolved,accepted,timeout,True,,,True,National Informatics Centre (NIC),True,True,True,False,strict_lexical_hit,strict_lexical_hit,jw_primary,National Informatics Centre (NIC),0.0,Low,0.8704,0.0,0.6154,26.1111,0.0,0.0
7952,cloudpride.com,https://cloudpride.com,resolved,accepted,timeout,True,,,True,National Informatics Centre (NIC),True,True,True,False,strict_lexical_hit,strict_lexical_hit,jw_primary,National Informatics Centre (NIC),0.0,Low,0.9,0.0,0.6667,27.0,0.0,0.0
7996,axisemberhq.com,https://axisemberhq.com,resolved,accepted,timeout,True,,,True,Axis Bank,True,True,True,False,strict_lexical_hit,strict_lexical_hit,jw_primary,Axis Bank,0.0,Low,0.8727,0.0,0.5333,26.1818,0.0,0.0
8048,kint.eus,https://kint.eus,resolved,accepted,timeout,True,,,True,Kfintech,True,True,True,False,strict_lexical_hit,strict_lexical_hit,jw_primary,Kfintech,0.0,Low,0.85,0.0,0.6667,25.5,0.0,0.0
8207,agate-cloud.com,https://agate-cloud.com,resolved,accepted,timeout,True,,,False,,True,True,False,False,strict_lexical_hit,strict_lexical_hit,brand_token_match,National Informatics Centre (NIC),0.0,Low,0.7374,0.0,0.6,22.1212,0.0,0.0
8721,bankofdigitaldollar.com,https://bankofdigitaldollar.com,resolved,accepted,timeout,True,,,True,Bank of Baroda,True,True,True,False,strict_lexical_hit,strict_lexical_hit,jw_primary,Bank of Baroda,0.0,Low,0.8519,0.0,0.5806,25.5579,0.0,0.0
9446,abdelmunaim.com,https://abdelmunaim.com,resolved,accepted,timeout,True,,,True,National Health Authority (NHA),True,True,True,False,strict_lexical_hit,strict_lexical_hit,jw_primary,National Health Authority (NHA),0.0,Low,0.8515,0.0,0.5333,25.5455,0.0,0.0
9538,cloudplusplus-pro.com,https://cloudplusplus-pro.com,resolved,accepted,timeout,True,,,True,National Informatics Centre (NIC),True,True,True,False,strict_lexical_hit,strict_lexical_hit,jw_primary,National Informatics Centre (NIC),0.0,Low,0.8588,0.0,0.4545,25.7647,0.0,0.0
9698,uparrow-mail.info,https://uparrow-mail.info,resolved,accepted,timeout,True,,,False,,True,True,False,False,strict_lexical_hit,strict_lexical_hit,brand_token_match,National Informatics Centre (NIC),0.0,Low,0.5,0.0,0.5,15.0,0.0,0.0
9983,mailfry.com,https://mailfry.com,resolved,accepted,timeout,True,,,True,National Informatics Centre (NIC),True,True,True,False,strict_lexical_hit,strict_lexical_hit,jw_primary,National Informatics Centre (NIC),0.0,Low,0.9143,0.0,0.7273,27.4286,0.0,0.0
10396,maninalto.com,https://maninalto.com,resolved,accepted,timeout,True,,,True,National Informatics Centre (NIC),True,True,True,False,strict_lexical_hit,strict_lexical_hit,jw_primary,National Informatics Centre (NIC),0.0,Low,0.8519,0.0,0.6154,25.5556,0.0,0.0
10402,mailnex.app,https://mailnex.app,resolved,accepted,timeout,True,,,True,National Informatics Centre (NIC),True,True,True,False,strict_lexical_hit,strict_lexical_hit,jw_primary,National Informatics Centre (NIC),0.0,Low,0.9143,0.0,0.7273,27.4286,0.0,0.0
10586,axismediaindia.com,https://axismediaindia.com,resolved,accepted,timeout,True,,,True,Axis Bank,True,True,True,False,strict_lexical_hit,strict_lexical_hit,jw_primary,Axis Bank,0.0,Low,0.8571,0.0,0.4444,25.7143,0.0,0.0
10752,ampfintech.com,https://ampfintech.com,resolved,accepted,timeout,True,,,True,Kfintech,True,True,True,False,strict_lexical_hit,strict_lexical_hit,jw_primary,Kfintech,0.0,Low,0.8583,0.0,0.8078,25.75,0.0,0.0
10987,maisdollar.site,https://maisdollar.site,resolved,accepted,timeout,True,,,True,National Informatics Centre (NIC),True,True,True,False,strict_lexical_hit,strict_lexical_hit,jw_primary,National Informatics Centre (NIC),0.0,Low,0.86,0.0,0.5714,25.8,0.0,0.0
11269,sewindian.com,https://sewindian.com,resolved,accepted,timeout,True,,,True,BSE Ltd.,True,True,True,False,strict_lexical_hit,strict_lexical_hit,jw_primary,BSE Ltd.,0.0,Low,0.8843,0.0,0.8535,26.5278,0.0,0.0
11468,rbillman.com,https://rbillman.com,resolved,accepted,timeout,True,,,True,Reserve Bank of India (RBI),True,True,True,False,strict_lexical_hit,strict_lexical_hit,jw_primary,Reserve Bank of India (RBI),0.0,Low,0.8542,0.0,0.5455,25.625,0.0,0.0
12004,cloudmigration.org,https://cloudmigration.org,resolved,accepted,timeout,True,,,True,National Informatics Centre (NIC),True,True,True,False,strict_lexical_hit,strict_lexical_hit,jw_primary,National Informatics Centre (NIC),0.0,Low,0.8714,0.0,0.5263,26.1429,0.0,0.0
12052,kpn88.icu,https://kpn88.icu,resolved,accepted,timeout,True,,,False,,True,True,True,False,strict_lexical_hit,strict_lexical_hit,jw_primary,Punjab National Bank (PNB),0.0,Low,0.8667,0.0,0.75,26.0,0.0,0.0
12520,mpsconline.com,https://mpsconline.com,resolved,accepted,timeout,True,,,True,Computer Age Management Services Ltd. (CAMS),True,True,True,False,strict_lexical_hit,strict_lexical_hit,jw_primary,Computer Age Management Services Ltd. (CAMS),0.0,Low,0.8963,0.0,0.83,26.8889,0.0,0.0
13947,myvirtual.institute,https://myvirtual.institute,resolved,accepted,timeout,True,,,True,Vodafone Idea (VI),True,True,True,False,strict_lexical_hit,strict_lexical_hit,jw_primary,Vodafone Idea (VI),0.0,Low,0.8889,0.0,0.6154,26.6667,0.0,0.0
14083,guideair.site,https://guideair.site,resolved,accepted,timeout,True,,,True,"Unique Identification Authority of India (UIDAI)
",True,True,True,False,strict_lexical_hit,strict_lexical_hit,jw_primary,"Unique Identification Authority of India (UIDAI)
",0.0,Low,0.875,0.0,0.7692,26.25,0.0,0.0
14533,airmodel.site,https://airmodel.site,resolved,accepted,timeout,True,,,True,Airtel,True,True,True,False,strict_lexical_hit,strict_lexical_hit,jw_primary,Airtel,0.0,Low,0.8736,0.0,0.7143,26.2083,0.0,0.0
14654,kitchen.stream,https://kitchen.stream,resolved,accepted,timeout,True,,,True,Kfintech,True,True,True,False,strict_lexical_hit,strict_lexical_hit,jw_primary,Kfintech,0.0,Low,0.8768,0.0,0.6667,26.3036,0.0,0.0
14655,experience-retail.online,https://experience-retail.online,resolved,accepted,timeout,True,,,False,,True,True,False,False,strict_lexical_hit,strict_lexical_hit,brand_token_match,State Bank of India (SBI),0.0,Low,0.5072,0.0,0.4,15.2165,0.0,0.0
14861,hdfxrc.com,https://hdfxrc.com,resolved,accepted,timeout,True,,,True,HDFC Bank,True,True,True,False,strict_lexical_hit,strict_lexical_hit,jw_primary,HDFC Bank,0.0,Low,0.9222,0.0,0.8,27.6667,0.0,0.0
14944,axisupi.com,https://axisupi.com,resolved,accepted,timeout,True,,,True,Axis Bank,True,True,True,False,strict_lexical_hit,strict_lexical_hit,jw_primary,Axis Bank,0.0,Low,0.9143,0.0,0.7273,27.4286,0.0,0.0
15860,desilife.travel,https://desilife.travel,resolved,accepted,timeout,True,,,True,State Bank of India (SBI),True,True,True,False,strict_lexical_hit,strict_lexical_hit,jw_primary,State Bank of India (SBI),0.0,Low,0.869,0.0,0.8,26.0714,0.0,0.0
16047,bnl.one,https://bnl.one,resolved,accepted,timeout,True,,,True,Bharat Sanchar Nigam Limited (BSNL),True,True,True,False,strict_lexical_hit,strict_lexical_hit,jw_primary,Bharat Sanchar Nigam Limited (BSNL),0.0,Low,0.925,0.0,0.8571,27.75,0.0,0.0
16354,homeloanscore.com,https://homeloanscore.com,resolved,accepted,timeout,True,,,True,State Bank of India (SBI),True,True,True,False,strict_lexical_hit,strict_lexical_hit,jw_primary,State Bank of India (SBI),0.0,Low,0.9385,0.0,0.8182,28.1538,0.0,0.0
16613,arbie.com,https://arbie.com,resolved,accepted,timeout,True,,,True,Reserve Bank of India (RBI),True,True,True,False,strict_lexical_hit,strict_lexical_hit,jw_primary,Reserve Bank of India (RBI),0.0,Low,0.8667,0.0,0.75,26.0,0.0,0.0
16994,cloudsoltechnologies.skin,https://cloudsoltechnologies.skin,resolved,accepted,timeout,True,,,True,National Informatics Centre (NIC),True,True,True,False,strict_lexical_hit,strict_lexical_hit,jw_primary,National Informatics Centre (NIC),0.0,Low,0.85,0.0,0.4,25.5,0.0,0.0
17017,ccecloud.com,https://ccecloud.com,resolved,accepted,timeout,True,,,True,National Informatics Centre (NIC),True,True,True,False,strict_lexical_hit,strict_lexical_hit,jw_primary,National Informatics Centre (NIC),0.0,Low,0.8875,0.0,0.7692,26.625,0.0,0.0
17486,mecafile.online,https://mecafile.online,resolved,accepted,timeout,True,,,True,National Informatics Centre (NIC),True,True,True,False,strict_lexical_hit,strict_lexical_hit,jw_primary,National Informatics Centre (NIC),0.0,Low,0.85,0.0,0.6667,25.5,0.0,0.0
17509,demail.sbs,https://demail.sbs,resolved,accepted,timeout,True,,,True,National Informatics Centre (NIC),True,True,True,False,strict_lexical_hit,strict_lexical_hit,jw_primary,National Informatics Centre (NIC),0.0,Low,0.8889,0.0,0.8,26.6667,0.0,0.0
17684,kaiztech.net,https://kaiztech.net,resolved,accepted,timeout,True,,,True,Kfintech,True,True,True,False,strict_lexical_hit,strict_lexical_hit,jw_primary,Kfintech,0.0,Low,0.85,0.0,0.75,25.5,0.0,0.0
17916,fbindia.com,https://fbindia.com,resolved,accepted,timeout,True,,,True,BSE Ltd.,True,True,True,False,strict_lexical_hit,strict_lexical_hit,jw_primary,BSE Ltd.,0.0,Low,0.869,0.0,0.83,26.0714,0.0,0.0
17973,tcmonline.in,https://tcmonline.in,resolved,accepted,timeout,True,,,True,Computer Age Management Services Ltd. (CAMS),True,True,True,False,strict_lexical_hit,strict_lexical_hit,jw_primary,Computer Age Management Services Ltd. (CAMS),0.0,Low,0.8963,0.0,0.8421,26.8889,0.0,0.0
18045,sebi.exchange,https://sebi.exchange,resolved,accepted,timeout,True,,,True,State Bank of India (SBI),True,True,True,False,strict_lexical_hit,strict_lexical_hit,jw_primary,State Bank of India (SBI),0.0,Low,0.925,0.0,0.8571,27.75,0.0,0.0
18126,cloudburt.com,https://cloudburt.com,resolved,accepted,timeout,True,,,True,National Informatics Centre (NIC),True,True,True,False,strict_lexical_hit,strict_lexical_hit,jw_primary,National Informatics Centre (NIC),0.0,Low,0.9111,0.0,0.7143,27.3333,0.0,0.0
18326,finsintech.com,https://finsintech.com,resolved,accepted,timeout,True,,,True,Kfintech,True,True,True,False,strict_lexical_hit,strict_lexical_hit,jw_primary,Kfintech,0.0,Low,0.8583,0.0,0.8078,25.75,0.0,0.0
18675,apis.bot,https://apis.bot,resolved,accepted,timeout,True,,,True,Axis Bank,True,True,True,False,strict_lexical_hit,strict_lexical_hit,jw_primary,Axis Bank,0.0,Low,0.85,0.0,0.75,25.5,0.0,0.0
19283,online365.app,https://online365.app,resolved,accepted,timeout,True,,,True,State Bank of India (SBI),True,True,True,False,strict_lexical_hit,strict_lexical_hit,jw_primary,State Bank of India (SBI),0.0,Low,0.9111,0.0,0.7778,27.3333,0.0,0.0
19759,marianlt.com,https://marianlt.com,resolved,accepted,timeout,True,,,True,National Informatics Centre (NIC),True,True,True,False,strict_lexical_hit,strict_lexical_hit,jw_primary,National Informatics Centre (NIC),0.0,Low,0.8667,0.0,0.6667,26.0,0.0,0.0
20394,spabid.com,https://spabid.com,resolved,accepted,timeout,True,,,True,State Bank of India (SBI),True,True,True,False,strict_lexical_hit,strict_lexical_hit,jw_primary,State Bank of India (SBI),0.0,Low,0.85,0.0,0.6667,25.5,0.0,0.0
20664,indiandaz.com,https://indiandaz.com,resolved,accepted,timeout,True,,,True,IndusInd Bank,True,True,True,False,strict_lexical_hit,strict_lexical_hit,jw_primary,IndusInd Bank,0.0,Low,0.8639,0.0,0.7059,25.9167,0.0,0.0
21273,ieo1.com,https://ieo1.com,resolved,accepted,timeout,True,,,True,Indian Oil Corporation Limited (IOCL),True,True,True,False,strict_lexical_hit,strict_lexical_hit,jw_primary,Indian Oil Corporation Limited (IOCL),0.0,Low,0.85,0.0,0.78,25.5,0.0,0.0
21733,onlinehustle.online,https://onlinehustle.online,resolved,accepted,timeout,True,,,True,State Bank of India (SBI),True,True,True,False,strict_lexical_hit,strict_lexical_hit,jw_primary,State Bank of India (SBI),0.0,Low,0.8722,0.0,0.6667,26.1667,0.0,0.0
21762,homenews.blog,https://homenews.blog,resolved,accepted,timeout,True,,,True,State Bank of India (SBI),True,True,True,False,strict_lexical_hit,strict_lexical_hit,jw_primary,State Bank of India (SBI),0.0,Low,0.8833,0.0,0.7059,26.5,0.0,0.0
21837,cloud-9-crew.online,https://cloud-9-crew.online,resolved,accepted,timeout,True,,,True,National Informatics Centre (NIC),True,True,True,False,strict_lexical_hit,strict_lexical_hit,brand_token_match|jw_primary,National Informatics Centre (NIC),0.0,Low,0.8833,0.0,0.5882,26.5,0.0,0.0
22087,nicongom.blog,https://nicongom.blog,resolved,accepted,timeout,True,,,True,National Informatics Centre (NIC),True,True,True,False,strict_lexical_hit,strict_lexical_hit,jw_primary,National Informatics Centre (NIC),0.0,Low,0.8542,0.0,0.5455,25.625,0.0,0.0
22195,online-giris-bettilt2026.vip,https://online-giris-bettilt2026.vip,resolved,accepted,timeout,True,,,True,State Bank of India (SBI),True,True,True,False,strict_lexical_hit,strict_lexical_hit,jw_primary,State Bank of India (SBI),0.0,Low,0.8528,0.0,0.5455,25.5833,0.0,0.0
22264,makielse.cc,https://makielse.cc,resolved,accepted,timeout,True,,,True,National Informatics Centre (NIC),True,True,True,False,strict_lexical_hit,strict_lexical_hit,jw_primary,National Informatics Centre (NIC),0.0,Low,0.8667,0.0,0.6667,26.0,0.0,0.0
22517,maxbilbow.com,https://maxbilbow.com,resolved,accepted,timeout,True,,,True,National Informatics Centre (NIC),True,True,True,False,strict_lexical_hit,strict_lexical_hit,jw_primary,National Informatics Centre (NIC),0.0,Low,0.8519,0.0,0.6154,25.5556,0.0,0.0
22908,sili.space,https://sili.space,resolved,accepted,timeout,True,,,True,State Bank of India (SBI),True,True,True,False,strict_lexical_hit,strict_lexical_hit,jw_primary,State Bank of India (SBI),0.0,Low,0.8714,0.0,0.7273,26.1429,0.0,0.0
23179,mailingbuds.com,https://mailingbuds.com,resolved,accepted,timeout,True,,,True,National Informatics Centre (NIC),True,True,True,False,strict_lexical_hit,strict_lexical_hit,jw_primary,National Informatics Centre (NIC),0.0,Low,0.8727,0.0,0.5333,26.1818,0.0,0.0
23575,cloudsmart1t.com,https://cloudsmart1t.com,resolved,accepted,timeout,True,,,True,National Informatics Centre (NIC),True,True,True,False,strict_lexical_hit,strict_lexical_hit,jw_primary,National Informatics Centre (NIC),0.0,Low,0.8833,0.0,0.5882,26.5,0.0,0.0
23745,axishkg.com,https://axishkg.com,resolved,accepted,timeout,True,,,True,Axis Bank,True,True,True,False,strict_lexical_hit,strict_lexical_hit,jw_primary,Axis Bank,0.0,Low,0.9143,0.0,0.7273,27.4286,0.0,0.0
24155,cloudy96th.com,https://cloudy96th.com,resolved,accepted,timeout,True,,,True,National Informatics Centre (NIC),True,True,True,False,strict_lexical_hit,strict_lexical_hit,jw_primary,National Informatics Centre (NIC),0.0,Low,0.9,0.0,0.6667,27.0,0.0,0.0
25044,cloudaether.com,https://cloudaether.com,resolved,accepted,timeout,True,,,True,National Informatics Centre (NIC),True,True,True,False,strict_lexical_hit,strict_lexical_hit,jw_primary,National Informatics Centre (NIC),0.0,Low,0.8909,0.0,0.625,26.7273,0.0,0.0
25827,myvirtualmoh.com,https://myvirtualmoh.com,resolved,accepted,timeout,True,,,True,Vodafone Idea (VI),True,True,True,False,strict_lexical_hit,strict_lexical_hit,jw_primary,Vodafone Idea (VI),0.0,Low,0.8667,0.0,0.5,26.0,0.0,0.0
26219,macnica-cloud.net,https://macnica-cloud.net,resolved,accepted,timeout,True,,,False,,True,True,False,False,strict_lexical_hit,strict_lexical_hit,brand_token_match,National Informatics Centre (NIC),0.0,Low,0.7385,0.0,0.5455,22.1538,0.0,0.0
26525,online-bingoplus-go.com,https://online-bingoplus-go.com,resolved,accepted,timeout,True,,,True,State Bank of India (SBI),True,True,True,False,strict_lexical_hit,strict_lexical_hit,jw_primary,State Bank of India (SBI),0.0,Low,0.862,0.0,0.5714,25.8596,0.0,0.0
26620,verizon-voice-mail.com,https://verizon-voice-mail.com,resolved,accepted,timeout,True,,,False,,True,True,False,False,strict_lexical_hit,strict_lexical_hit,brand_token_match,National Informatics Centre (NIC),0.0,Low,0.4352,0.0,0.4138,13.0556,0.0,0.0
27001,cloudcarevoip.com,https://cloudcarevoip.com,resolved,accepted,timeout,True,,,True,National Informatics Centre (NIC),True,True,True,False,strict_lexical_hit,strict_lexical_hit,jw_primary,National Informatics Centre (NIC),0.0,Low,0.8769,0.0,0.5556,26.3077,0.0,0.0
27102,parixitsanghani.com,https://parixitsanghani.com,resolved,accepted,timeout,True,,,True,parivahan sewa,True,True,True,False,strict_lexical_hit,strict_lexical_hit,jw_primary,parivahan sewa,0.0,Low,0.8594,0.0,0.6667,25.7833,0.0,0.0
27345,online-businessaufbauen.com,https://online-businessaufbauen.com,resolved,accepted,timeout,True,,,True,State Bank of India (SBI),True,True,True,False,strict_lexical_hit,strict_lexical_hit,jw_primary,State Bank of India (SBI),0.0,Low,0.856,0.0,0.5,25.6812,0.0,0.0
27703,airtell.ai,https://airtell.ai,resolved,accepted,timeout,True,,,True,Airtel,True,True,True,False,strict_lexical_hit,strict_lexical_hit,jw_primary|token_set_primary|skeleton_similarity|host_similarity,Airtel,0.0,Low,0.9714,0.0,0.9231,29.1429,0.0,0.0
27750,aiime4up.site,https://aiime4up.site,resolved,accepted,timeout,True,,,True,All India Institute of Medical Sciences (AIIMS),True,True,True,False,strict_lexical_hit,strict_lexical_hit,jw_primary,All India Institute of Medical Sciences (AIIMS),0.0,Low,0.86,0.0,0.6154,25.8,0.0,0.0
28568,mailai.live,https://mailai.live,resolved,accepted,timeout,True,,,True,National Informatics Centre (NIC),True,True,True,False,strict_lexical_hit,strict_lexical_hit,jw_primary,National Informatics Centre (NIC),0.0,Low,0.9333,0.0,0.8,28.0,0.0,0.0
28766,onlineweb.live,https://onlineweb.live,resolved,accepted,timeout,True,,,True,State Bank of India (SBI),True,True,True,False,strict_lexical_hit,strict_lexical_hit,jw_primary,State Bank of India (SBI),0.0,Low,0.9111,0.0,0.7778,27.3333,0.0,0.0
29539,homebuildersofnc.com,https://homebuildersofnc.com,resolved,accepted,timeout,True,,,True,State Bank of India (SBI),True,True,True,False,strict_lexical_hit,strict_lexical_hit,jw_primary,State Bank of India (SBI),0.0,Low,0.8528,0.0,0.56,25.5833,0.0,0.0
29670,maik.ing,https://maik.ing,resolved,accepted,timeout,True,,,True,National Informatics Centre (NIC),True,True,True,False,strict_lexical_hit,strict_lexical_hit,jw_primary,National Informatics Centre (NIC),0.0,Low,0.8833,0.0,0.75,26.5,0.0,0.0
31215,clouduniversal.com,https://clouduniversal.com,resolved,accepted,timeout,True,,,True,National Informatics Centre (NIC),True,True,True,False,strict_lexical_hit,strict_lexical_hit,jw_primary,National Informatics Centre (NIC),0.0,Low,0.8714,0.0,0.5263,26.1429,0.0,0.0
31365,mydavid.cloud,https://mydavid.cloud,resolved,accepted,timeout,True,,,True,Vodafone Idea (VI),True,True,True,False,strict_lexical_hit,strict_lexical_hit,jw_primary,Vodafone Idea (VI),0.0,Low,0.8857,0.0,0.7273,26.5714,0.0,0.0
31399,onlinefun.fun,https://onlinefun.fun,resolved,accepted,timeout,True,,,True,State Bank of India (SBI),True,True,True,False,strict_lexical_hit,strict_lexical_hit,jw_primary,State Bank of India (SBI),0.0,Low,0.8667,0.0,0.6667,26.0,0.0,0.0
31984,indusnov.com,https://indusnov.com,resolved,accepted,timeout,True,,,True,IndusInd Bank,True,True,True,False,strict_lexical_hit,strict_lexical_hit,jw_primary,IndusInd Bank,0.0,Low,0.9,0.0,0.75,27.0,0.0,0.0
32654,icii.in,https://icii.in,resolved,accepted,timeout,True,,,True,ICICI Bank,True,True,True,False,strict_lexical_hit,strict_lexical_hit,jw_primary|skeleton_similarity,ICICI Bank,0.0,Low,0.9533,0.0,0.8889,28.6,0.0,0.0
32789,mycarvin.com,https://mycarvin.com,resolved,accepted,timeout,True,,,True,Vodafone Idea (VI),True,True,True,False,strict_lexical_hit,strict_lexical_hit,jw_primary,Vodafone Idea (VI),0.0,Low,0.8667,0.0,0.6667,26.0,0.0,0.0
33164,cloudmta.pl,https://cloudmta.pl,resolved,accepted,timeout,True,,,True,National Informatics Centre (NIC),True,True,True,False,strict_lexical_hit,strict_lexical_hit,jw_primary,National Informatics Centre (NIC),0.0,Low,0.925,0.0,0.7692,27.75,0.0,0.0
33302,mabi.link,https://mabi.link,resolved,accepted,timeout,True,,,True,National Informatics Centre (NIC),True,True,True,False,strict_lexical_hit,strict_lexical_hit,jw_primary,National Informatics Centre (NIC),0.0,Low,0.8667,0.0,0.75,26.0,0.0,0.0
33473,cloudsoftit.com,https://cloudsoftit.com,resolved,accepted,timeout,True,,,True,National Informatics Centre (NIC),True,True,True,False,strict_lexical_hit,strict_lexical_hit,jw_primary,National Informatics Centre (NIC),0.0,Low,0.8909,0.0,0.625,26.7273,0.0,0.0
33504,suidefai.fun,https://suidefai.fun,resolved,accepted,timeout,True,,,True,"Unique Identification Authority of India (UIDAI)
",True,True,True,False,strict_lexical_hit,strict_lexical_hit,jw_primary,"Unique Identification Authority of India (UIDAI)
",0.0,Low,0.875,0.0,0.7692,26.25,0.0,0.0
33615,myvisionlaunch.com,https://myvisionlaunch.com,resolved,accepted,timeout,True,,,True,Vodafone Idea (VI),True,True,True,False,strict_lexical_hit,strict_lexical_hit,jw_primary,Vodafone Idea (VI),0.0,Low,0.8571,0.0,0.4444,25.7143,0.0,0.0
33746,donlineri.space,https://donlineri.space,resolved,accepted,timeout,True,,,True,State Bank of India (SBI),True,True,True,False,strict_lexical_hit,strict_lexical_hit,jw_primary,State Bank of India (SBI),0.0,Low,0.8519,0.0,0.7778,25.5556,0.0,0.0
35213,charliscafe.store,https://charliscafe.store,resolved,accepted,timeout,True,,,True,Canara Bank,True,True,True,False,strict_lexical_hit,strict_lexical_hit,jw_primary,Canara Bank,0.0,Low,0.8539,0.0,0.56,25.6169,0.0,0.0
35286,net.weber,https://net.weber,resolved,accepted,timeout,True,,,True,Punjab National Bank (PNB),True,True,True,False,strict_lexical_hit,strict_lexical_hit,jw_primary,Punjab National Bank (PNB),0.0,Low,0.8833,0.0,0.6667,26.5,0.0,0.0
35646,onlineashram.com,https://onlineashram.com,resolved,accepted,timeout,True,,,True,State Bank of India (SBI),True,True,True,False,strict_lexical_hit,strict_lexical_hit,jw_primary,State Bank of India (SBI),0.0,Low,0.8722,0.0,0.6667,26.1667,0.0,0.0
35799,homovalens.org,https://homovalens.org,resolved,accepted,timeout,True,,,True,State Bank of India (SBI),True,True,True,False,strict_lexical_hit,strict_lexical_hit,jw_primary,State Bank of India (SBI),0.0,Low,0.9248,0.0,0.7368,27.7444,0.0,0.0
36756,magicola.xyz,https://magicola.xyz,resolved,accepted,timeout,True,,,True,National Informatics Centre (NIC),True,True,True,False,strict_lexical_hit,strict_lexical_hit,jw_primary,National Informatics Centre (NIC),0.0,Low,0.8667,0.0,0.6667,26.0,0.0,0.0
37003,ai-isms.online,https://ai-isms.online,resolved,accepted,timeout,True,,,True,All India Institute of Medical Sciences (AIIMS),True,True,True,False,strict_lexical_hit,strict_lexical_hit,jw_primary,All India Institute of Medical Sciences (AIIMS),0.0,Low,0.8705,0.0,0.8333,26.1143,0.0,0.0
37195,ratel.world,https://ratel.world,resolved,accepted,timeout,True,,,True,Airtel,True,True,True,False,strict_lexical_hit,strict_lexical_hit,jw_primary,Airtel,0.0,Low,0.8778,0.0,0.7273,26.3333,0.0,0.0
37810,jioskec.com,https://jioskec.com,resolved,accepted,timeout,True,,,True,Jio,True,True,True,False,strict_lexical_hit,strict_lexical_hit,jw_primary,Jio,0.0,Low,0.8667,0.0,0.63,26.0,0.0,0.0
37838,myve.ai,https://myve.ai,resolved,accepted,timeout,True,,,True,Vodafone Idea (VI),True,True,True,False,strict_lexical_hit,strict_lexical_hit,jw_primary,Vodafone Idea (VI),0.0,Low,0.8833,0.0,0.75,26.5,0.0,0.0
37985,aimcps.com,https://aimcps.com,resolved,accepted,timeout,True,,,True,All India Institute of Medical Sciences (AIIMS),True,True,True,False,strict_lexical_hit,strict_lexical_hit,jw_primary,All India Institute of Medical Sciences (AIIMS),0.0,Low,0.8578,0.0,0.7273,25.7333,0.0,0.0
38090,cloudbenchmark.ai,https://cloudbenchmark.ai,resolved,accepted,timeout,True,,,True,National Informatics Centre (NIC),True,True,True,False,strict_lexical_hit,strict_lexical_hit,jw_primary,National Informatics Centre (NIC),0.0,Low,0.8714,0.0,0.5263,26.1429,0.0,0.0
38399,onlineparts.org,https://onlineparts.org,resolved,accepted,timeout,True,,,True,State Bank of India (SBI),True,True,True,False,strict_lexical_hit,strict_lexical_hit,jw_primary,State Bank of India (SBI),0.0,Low,0.8828,0.0,0.7,26.4848,0.0,0.0
39354,nicas.org,https://nicas.org,resolved,accepted,timeout,True,,,True,National Informatics Centre (NIC),True,True,True,False,strict_lexical_hit,strict_lexical_hit,jw_primary,National Informatics Centre (NIC),0.0,Low,0.9067,0.0,0.75,27.2,0.0,0.0
39715,cloudspore.org,https://cloudspore.org,resolved,accepted,timeout,True,,,True,National Informatics Centre (NIC),True,True,True,False,strict_lexical_hit,strict_lexical_hit,jw_primary,National Informatics Centre (NIC),0.0,Low,0.9,0.0,0.6667,27.0,0.0,0.0
39979,casibomonline.casino,https://casibomonline.casino,resolved,accepted,timeout,True,,,True,Computer Age Management Services Ltd. (CAMS),True,True,True,False,strict_lexical_hit,strict_lexical_hit,jw_primary,Computer Age Management Services Ltd. (CAMS),0.0,Low,0.8851,0.0,0.7826,26.5538,0.0,0.0
40972,cloudislandboy.com,https://cloudislandboy.com,resolved,accepted,timeout,True,,,True,National Informatics Centre (NIC),True,True,True,False,strict_lexical_hit,strict_lexical_hit,jw_primary,National Informatics Centre (NIC),0.0,Low,0.8714,0.0,0.5263,26.1429,0.0,0.0
41649,canariasbarato.com,https://canariasbarato.com,resolved,accepted,timeout,True,,,True,Canara Bank,True,True,True,False,strict_lexical_hit,strict_lexical_hit,jw_primary,Canara Bank,0.0,Low,0.8743,0.0,0.6667,26.2286,0.0,0.0
41756,homemortgages.us,https://homemortgages.us,resolved,accepted,timeout,True,,,True,State Bank of India (SBI),True,True,True,False,strict_lexical_hit,strict_lexical_hit,jw_primary,State Bank of India (SBI),0.0,Low,0.8632,0.0,0.6364,25.8974,0.0,0.0
42535,r82inl.vip,https://r82inl.vip,resolved,accepted,timeout,True,,,False,,True,True,True,False,strict_lexical_hit,strict_lexical_hit,jw_primary,Reserve Bank of India (RBI),0.0,Low,0.8667,0.0,0.6667,26.0,0.0,0.0
43342,vsc.money,https://vsc.money,resolved,accepted,timeout,True,,,True,Indian Space Research Organisation (ISRO),True,True,True,False,strict_lexical_hit,strict_lexical_hit,jw_primary,Indian Space Research Organisation (ISRO),0.0,Low,0.9333,0.0,0.8571,28.0,0.0,0.0
44312,axisofenglish.com,https://axisofenglish.com,resolved,accepted,timeout,True,,,True,Axis Bank,True,True,True,False,strict_lexical_hit,strict_lexical_hit,jw_primary,Axis Bank,0.0,Low,0.8615,0.0,0.4706,25.8462,0.0,0.0
44322,cloud-db.net,https://cloud-db.net,resolved,accepted,timeout,True,,,True,National Informatics Centre (NIC),True,True,True,False,strict_lexical_hit,strict_lexical_hit,brand_token_match|jw_primary,National Informatics Centre (NIC),0.0,Low,0.925,0.0,0.7692,27.75,0.0,0.0
44353,nizci.com,https://nizci.com,resolved,accepted,timeout,True,,,True,National Informatics Centre (NIC),True,True,True,False,strict_lexical_hit,strict_lexical_hit,jw_primary,National Informatics Centre (NIC),0.0,Low,0.8933,0.0,0.75,26.8,0.0,0.0
44373,incomelingo.com,https://incomelingo.com,resolved,accepted,timeout,True,,,True,Income Tax Department,True,True,True,False,strict_lexical_hit,strict_lexical_hit,jw_primary,Income Tax Department,0.0,Low,0.8597,0.0,0.64,25.7922,0.0,0.0
44786,vmware-cloud-607484415.click,https://vmware-cloud-607484415.click,resolved,accepted,timeout,True,,,False,,True,True,False,False,strict_lexical_hit,strict_lexical_hit,brand_token_match,National Informatics Centre (NIC),0.0,Low,0.7424,0.0,0.3704,22.2727,0.0,0.0
45374,houmalens.org,https://houmalens.org,resolved,accepted,timeout,True,,,True,State Bank of India (SBI),True,True,True,False,strict_lexical_hit,strict_lexical_hit,jw_primary,State Bank of India (SBI),0.0,Low,0.9074,0.0,0.6667,27.2222,0.0,0.0
45474,onlinebusinesskit.net,https://onlinebusinesskit.net,resolved,accepted,timeout,True,,,True,State Bank of India (SBI),True,True,True,False,strict_lexical_hit,strict_lexical_hit,jw_primary,State Bank of India (SBI),0.0,Low,0.8837,0.0,0.6154,26.5098,0.0,0.0
45481,mailsurparse.com,https://mailsurparse.com,resolved,accepted,timeout,True,,,True,National Informatics Centre (NIC),True,True,True,False,strict_lexical_hit,strict_lexical_hit,jw_primary,National Informatics Centre (NIC),0.0,Low,0.8667,0.0,0.5,26.0,0.0,0.0
46276,mailetta.store,https://mailetta.store,resolved,accepted,timeout,True,,,True,National Informatics Centre (NIC),True,True,True,False,strict_lexical_hit,strict_lexical_hit,jw_primary,National Informatics Centre (NIC),0.0,Low,0.9,0.0,0.6667,27.0,0.0,0.0
46421,sbibi.net,https://sbibi.net,resolved,accepted,timeout,True,,,True,State Bank of India (SBI),True,True,True,False,strict_lexical_hit,strict_lexical_hit,jw_primary,State Bank of India (SBI),0.0,Low,0.9067,0.0,0.75,27.2,0.0,0.0
46531,mailbreach.com,https://mailbreach.com,resolved,accepted,timeout,True,,,True,National Informatics Centre (NIC),True,True,True,False,strict_lexical_hit,strict_lexical_hit,jw_primary,National Informatics Centre (NIC),0.0,Low,0.88,0.0,0.5714,26.4,0.0,0.0
46969,cloudplanet.cat,https://cloudplanet.cat,resolved,accepted,timeout,True,,,True,National Informatics Centre (NIC),True,True,True,False,strict_lexical_hit,strict_lexical_hit,jw_primary,National Informatics Centre (NIC),0.0,Low,0.8909,0.0,0.625,26.7273,0.0,0.0
48503,axsms.com,https://axsms.com,resolved,accepted,timeout,True,,,True,Axis Bank,True,True,True,False,strict_lexical_hit,strict_lexical_hit,jw_primary,Axis Bank,0.0,Low,0.8578,0.0,0.7573,25.7333,0.0,0.0
48914,cloud-adtrackhub.click,https://cloud-adtrackhub.click,resolved,accepted,timeout,True,,,True,National Informatics Centre (NIC),True,True,True,False,strict_lexical_hit,strict_lexical_hit,brand_token_match|jw_primary,National Informatics Centre (NIC),0.0,Low,0.8625,0.0,0.4762,25.875,0.0,0.0
48973,cloudnineglow.com,https://cloudnineglow.com,resolved,accepted,timeout,True,,,True,National Informatics Centre (NIC),True,True,True,False,strict_lexical_hit,strict_lexical_hit,jw_primary,National Informatics Centre (NIC),0.0,Low,0.8769,0.0,0.5556,26.3077,0.0,0.0
48993,nhomag.com,https://nhomag.com,resolved,accepted,timeout,True,,,True,National Health Authority (NHA),True,True,True,False,strict_lexical_hit,strict_lexical_hit,jw_primary,National Health Authority (NHA),0.0,Low,0.8667,0.0,0.6667,26.0,0.0,0.0
49006,portal-inter-room.com,https://portal-inter-room.com,resolved,accepted,timeout,True,,,False,,True,True,False,False,strict_lexical_hit,strict_lexical_hit,brand_token_match,Bharat Sanchar Nigam Limited (BSNL),0.0,Low,0.5,0.0,0.5,15.0,0.0,0.0
49456,clamoutdoor.net,https://clamoutdoor.net,resolved,accepted,timeout,True,,,True,National Informatics Centre (NIC),True,True,True,False,strict_lexical_hit,strict_lexical_hit,jw_primary,National Informatics Centre (NIC),0.0,Low,0.8545,0.0,0.625,25.6364,0.0,0.0
49787,homein.love,https://homein.love,resolved,accepted,timeout,True,,,True,State Bank of India (SBI),True,True,True,False,strict_lexical_hit,strict_lexical_hit,jw_primary,State Bank of India (SBI),0.0,Low,0.8778,0.0,0.6667,26.3333,0.0,0.0
50274,online-ed1.online,https://online-ed1.online,resolved,accepted,timeout,True,,,True,State Bank of India (SBI),True,True,True,False,strict_lexical_hit,strict_lexical_hit,jw_primary,State Bank of India (SBI),0.0,Low,0.8533,0.0,0.6316,25.6,0.0,0.0
50380,indesd.com,https://indesd.com,resolved,accepted,timeout,True,,,True,IndusInd Bank,True,True,True,False,strict_lexical_hit,strict_lexical_hit,jw_primary,IndusInd Bank,0.0,Low,0.8736,0.0,0.7143,26.2083,0.0,0.0
50959,onlinedentist24.com,https://onlinedentist24.com,resolved,accepted,timeout,True,,,True,State Bank of India (SBI),True,True,True,False,strict_lexical_hit,strict_lexical_hit,jw_primary,State Bank of India (SBI),0.0,Low,0.8594,0.0,0.5833,25.7833,0.0,0.0
51374,uidaiaadhardownload.com,https://uidaiaadhardownload.com,resolved,accepted,timeout,True,,,True,"Unique Identification Authority of India (UIDAI)
",True,True,True,False,strict_lexical_hit,strict_lexical_hit,jw_primary,"Unique Identification Authority of India (UIDAI)
",0.0,Low,0.8526,0.0,0.4167,25.5789,0.0,0.0
51651,rbdmis.com,https://rbdmis.com,resolved,accepted,timeout,True,,,True,Reserve Bank of India (RBI),True,True,True,False,strict_lexical_hit,strict_lexical_hit,jw_primary,Reserve Bank of India (RBI),0.0,Low,0.8667,0.0,0.6667,26.0,0.0,0.0
51720,airtel-merchants.club,https://airtel-merchants.club,resolved,accepted,timeout,True,,,True,Airtel,True,True,True,False,strict_lexical_hit,strict_lexical_hit,brand_token_match|jw_primary,Airtel,0.0,Low,0.9048,0.0,0.7333,27.1429,0.0,0.0
51957,radiaite-axis.biz,https://radiaite-axis.biz,resolved,accepted,timeout,True,,,False,,True,True,False,False,strict_lexical_hit,strict_lexical_hit,brand_token_match,Axis Bank,0.0,Low,0.6134,0.0,0.4167,18.4033,0.0,0.0
52043,corgi.dev,https://corgi.dev,resolved,accepted,timeout,True,,,True,"Civil Registration System, MHA (RGCCI)",True,True,True,False,strict_lexical_hit,strict_lexical_hit,jw_primary,"Civil Registration System, MHA (RGCCI)",0.0,Low,0.8543,0.0,0.8333,25.6286,0.0,0.0
52473,axiscalibration.com,https://axiscalibration.com,resolved,accepted,timeout,True,,,True,Axis Bank,True,True,True,False,strict_lexical_hit,strict_lexical_hit,jw_primary,Axis Bank,0.0,Low,0.8533,0.0,0.4211,25.6,0.0,0.0
52512,cnscloud.net,https://cnscloud.net,resolved,accepted,timeout,True,,,True,National Informatics Centre (NIC),True,True,True,False,strict_lexical_hit,strict_lexical_hit,jw_primary,National Informatics Centre (NIC),0.0,Low,0.8875,0.0,0.7692,26.625,0.0,0.0
52801,onlinereviews.pro,https://onlinereviews.pro,resolved,accepted,timeout,True,,,True,State Bank of India (SBI),True,True,True,False,strict_lexical_hit,strict_lexical_hit,jw_primary,State Bank of India (SBI),0.0,Low,0.8632,0.0,0.6364,25.8974,0.0,0.0
53512,icicibank.net/login,https://icicibank.net/login,resolved,accepted,failed,True,,,True,ICICI Bank,True,True,True,False,strict_lexical_hit,strict_lexical_hit,jw_primary,ICICI Bank,0.0,Low,0.9111,0.0,0.7143,27.3333,0.0,0.0
54013,vrbit.org,https://vrbit.org,resolved,accepted,failed,True,,,True,Reserve Bank of India (RBI),True,True,True,False,strict_lexical_hit,strict_lexical_hit,jw_primary,Reserve Bank of India (RBI),0.0,Low,0.8667,0.0,0.75,26.0,0.0,0.0
54482,onlinesgamestips.com,https://onlinesgamestips.com,resolved,accepted,failed,True,,,True,State Bank of India (SBI),True,True,True,False,strict_lexical_hit,strict_lexical_hit,jw_primary,State Bank of India (SBI),0.0,Low,0.8778,0.0,0.64,26.3333,0.0,0.0
54836,mailsynk.com,https://mailsynk.com,resolved,accepted,failed,True,,,True,National Informatics Centre (NIC),True,True,True,False,strict_lexical_hit,strict_lexical_hit,jw_primary,National Informatics Centre (NIC),0.0,Low,0.9,0.0,0.6667,27.0,0.0,0.0
55110,cloudwappier.com,https://cloudwappier.com,resolved,accepted,failed,True,,,True,National Informatics Centre (NIC),True,True,True,False,strict_lexical_hit,strict_lexical_hit,jw_primary,National Informatics Centre (NIC),0.0,Low,0.8833,0.0,0.5882,26.5,0.0,0.0
55533,baxi559.com,https://baxi559.com,resolved,accepted,failed,True,,,True,Axis Bank,True,True,True,False,strict_lexical_hit,strict_lexical_hit,jw_primary,Axis Bank,0.0,Low,0.8571,0.0,0.7273,25.7143,0.0,0.0
55751,nic-co.com,https://nic-co.com,resolved,accepted,failed,True,,,True,National Informatics Centre (NIC),True,True,True,False,strict_lexical_hit,strict_lexical_hit,brand_token_match|jw_primary,National Informatics Centre (NIC),0.0,Low,0.8833,0.0,0.6667,26.5,0.0,0.0
55778,manilast.com,https://manilast.com,resolved,accepted,failed,True,,,True,National Informatics Centre (NIC),True,True,True,False,strict_lexical_hit,strict_lexical_hit,jw_primary,National Informatics Centre (NIC),0.0,Low,0.8667,0.0,0.6667,26.0,0.0,0.0
56080,chia-cloud.com,https://chia-cloud.com,resolved,accepted,failed,True,,,False,,True,True,False,False,strict_lexical_hit,strict_lexical_hit,brand_token_match,National Informatics Centre (NIC),0.0,Low,0.6852,0.0,0.5263,20.5556,0.0,0.0
56120,seplindia.com,https://seplindia.com,resolved,accepted,failed,True,,,True,BSE Ltd.,True,True,True,False,strict_lexical_hit,strict_lexical_hit,jw_primary,BSE Ltd.,0.0,Low,0.8843,0.0,0.8535,26.5278,0.0,0.0
56383,clouduniq.com,https://clouduniq.com,resolved,accepted,failed,True,,,True,National Informatics Centre (NIC),True,True,True,False,strict_lexical_hit,strict_lexical_hit,jw_primary,National Informatics Centre (NIC),0.0,Low,0.9111,0.0,0.7143,27.3333,0.0,0.0
56525,nda-cloud.ru,https://nda-cloud.ru,resolved,accepted,failed,True,,,False,,True,True,False,False,strict_lexical_hit,strict_lexical_hit,brand_token_match,National Informatics Centre (NIC),0.0,Low,0.7143,0.0,0.7143,21.4286,0.0,0.0
56658,mailboxmeds.com,https://mailboxmeds.com,resolved,accepted,failed,True,,,True,National Informatics Centre (NIC),True,True,True,False,strict_lexical_hit,strict_lexical_hit,jw_primary,National Informatics Centre (NIC),0.0,Low,0.8727,0.0,0.5333,26.1818,0.0,0.0
57050,parkana.com,https://parkana.com,resolved,accepted,failed,True,,,True,parivahan sewa,True,True,True,False,strict_lexical_hit,strict_lexical_hit,jw_primary,parivahan sewa,0.0,Low,0.85,0.0,0.625,25.5,0.0,0.0
57195,icloudemy.org,https://icloudemy.org,resolved,accepted,failed,True,,,True,National Informatics Centre (NIC),True,True,True,False,strict_lexical_hit,strict_lexical_hit,jw_primary,National Informatics Centre (NIC),0.0,Low,0.8519,0.0,0.7143,25.5556,0.0,0.0
57314,cloudpayai.com,https://cloudpayai.com,resolved,accepted,failed,True,,,True,National Informatics Centre (NIC),True,True,True,False,strict_lexical_hit,strict_lexical_hit,jw_primary,National Informatics Centre (NIC),0.0,Low,0.9,0.0,0.6667,27.0,0.0,0.0
57637,air38.org,https://air38.org,resolved,accepted,failed,True,,,True,Airtel,True,True,True,False,strict_lexical_hit,strict_lexical_hit,jw_primary,Airtel,0.0,Low,0.8756,0.0,0.7273,26.2667,0.0,0.0
57924,nickshaw.net,https://nickshaw.net,resolved,accepted,failed,True,,,True,National Informatics Centre (NIC),True,True,True,False,strict_lexical_hit,strict_lexical_hit,jw_primary,National Informatics Centre (NIC),0.0,Low,0.8542,0.0,0.5455,25.625,0.0,0.0
58590,indusweb.com,https://indusweb.com,resolved,accepted,failed,True,,,True,IndusInd Bank,True,True,True,False,strict_lexical_hit,strict_lexical_hit,jw_primary,IndusInd Bank,0.0,Low,0.85,0.0,0.625,25.5,0.0,0.0
58637,c1osyu.vip,https://c1osyu.vip,resolved,accepted,failed,True,,,True,National Informatics Centre (NIC),True,True,True,False,strict_lexical_hit,strict_lexical_hit,jw_primary,National Informatics Centre (NIC),0.0,Low,0.8756,0.0,0.7273,26.2667,0.0,0.0
59248,portal-mei.shop,https://portal-mei.shop,resolved,accepted,failed,True,,,False,,True,True,False,False,strict_lexical_hit,strict_lexical_hit,brand_token_match,Bharat Sanchar Nigam Limited (BSNL),0.0,Low,0.5714,0.0,0.5714,17.1429,0.0,0.0
59653,mylotview.com,https://mylotview.com,resolved,accepted,failed,True,,,True,Vodafone Idea (VI),True,True,True,False,strict_lexical_hit,strict_lexical_hit,jw_primary,Vodafone Idea (VI),0.0,Low,0.8519,0.0,0.6154,25.5556,0.0,0.0
60152,banotaa.com,https://banotaa.com,resolved,accepted,failed,True,,,True,Bank of Baroda,True,True,True,False,strict_lexical_hit,strict_lexical_hit,jw_primary,Bank of Baroda,0.0,Low,0.85,0.0,0.6316,25.5,0.0,0.0
60166,tmain13.com,https://tmain13.com,resolved,accepted,failed,True,,,True,National Informatics Centre (NIC),True,True,True,False,strict_lexical_hit,strict_lexical_hit,jw_primary,National Informatics Centre (NIC),0.0,Low,0.8571,0.0,0.7273,25.7143,0.0,0.0
60498,aisa.ing,https://aisa.ing,resolved,accepted,failed,True,,,True,Axis Bank,True,True,True,False,strict_lexical_hit,strict_lexical_hit,jw_primary,Axis Bank,0.0,Low,0.85,0.0,0.75,25.5,0.0,0.0
60706,cloudify.my.id,https://cloudify.my.id,resolved,accepted,failed,True,,,True,National Informatics Centre (NIC),True,True,True,False,strict_lexical_hit,strict_lexical_hit,jw_primary,National Informatics Centre (NIC),0.0,Low,0.925,0.0,0.7692,27.75,0.0,0.0
61286,axisholdingpr.com,https://axisholdingpr.com,resolved,accepted,failed,True,,,True,Axis Bank,True,True,True,False,strict_lexical_hit,strict_lexical_hit,jw_primary,Axis Bank,0.0,Low,0.8615,0.0,0.4706,25.8462,0.0,0.0
61847,axisgroup.com.tr,https://axisgroup.com.tr,resolved,accepted,failed,True,,,True,Axis Bank,True,True,True,False,strict_lexical_hit,strict_lexical_hit,jw_primary,Axis Bank,0.0,Low,0.8889,0.0,0.6154,26.6667,0.0,0.0
61872,amdm.info,https://amdm.info,resolved,accepted,failed,True,,,True,National Health Authority (NHA),True,True,True,False,strict_lexical_hit,strict_lexical_hit,jw_primary,National Health Authority (NHA),0.0,Low,0.85,0.0,0.75,25.5,0.0,0.0
62027,experience-retail.org,https://experience-retail.org,resolved,accepted,failed,True,,,False,,True,True,False,False,strict_lexical_hit,strict_lexical_hit,brand_token_match,State Bank of India (SBI),0.0,Low,0.5072,0.0,0.4,15.2165,0.0,0.0
62302,cloudvshop.com,https://cloudvshop.com,resolved,accepted,failed,True,,,True,National Informatics Centre (NIC),True,True,True,False,strict_lexical_hit,strict_lexical_hit,jw_primary,National Informatics Centre (NIC),0.0,Low,0.9,0.0,0.6667,27.0,0.0,0.0
62990,58yin.com,https://58yin.com,resolved,accepted,failed,True,,,False,,True,True,True,False,strict_lexical_hit,strict_lexical_hit,jw_primary,State Bank of India (SBI),0.0,Low,0.8933,0.0,0.75,26.8,0.0,0.0
63025,fire-cloud.top,https://fire-cloud.top,resolved,accepted,failed,True,,,False,,True,True,False,False,strict_lexical_hit,strict_lexical_hit,brand_token_match,National Informatics Centre (NIC),0.0,Low,0.6852,0.0,0.5263,20.5556,0.0,0.0
63190,cloudlandpools.com,https://cloudlandpools.com,resolved,accepted,failed,True,,,True,National Informatics Centre (NIC),True,True,True,False,strict_lexical_hit,strict_lexical_hit,jw_primary,National Informatics Centre (NIC),0.0,Low,0.8714,0.0,0.5263,26.1429,0.0,0.0
63262,axis-mechanical.com,https://axis-mechanical.com,resolved,accepted,failed,True,,,True,Axis Bank,True,True,True,False,strict_lexical_hit,strict_lexical_hit,brand_token_match|jw_primary,Axis Bank,0.0,Low,0.8533,0.0,0.4211,25.6,0.0,0.0
63737,homesincoralridge.com,https://homesincoralridge.com,resolved,accepted,failed,True,,,True,State Bank of India (SBI),True,True,True,False,strict_lexical_hit,strict_lexical_hit,jw_primary,State Bank of India (SBI),0.0,Low,0.8614,0.0,0.4615,25.8431,0.0,0.0
63784,oliebio.com,https://oliebio.com,resolved,accepted,failed,True,,,True,State Bank of India (SBI),True,True,True,False,strict_lexical_hit,strict_lexical_hit,jw_primary,State Bank of India (SBI),0.0,Low,0.8571,0.0,0.75,25.7143,0.0,0.0
64244,aibism.com,https://aibism.com,resolved,accepted,failed,True,,,True,All India Institute of Medical Sciences (AIIMS),True,True,True,False,strict_lexical_hit,strict_lexical_hit,jw_primary,All India Institute of Medical Sciences (AIIMS),0.0,Low,0.9022,0.0,0.7273,27.0667,0.0,0.0
64379,cloud4n6ctfacademy.com,https://cloud4n6ctfacademy.com,resolved,accepted,failed,True,,,True,National Informatics Centre (NIC),True,True,True,False,strict_lexical_hit,strict_lexical_hit,jw_primary,National Informatics Centre (NIC),0.0,Low,0.8556,0.0,0.4348,25.6667,0.0,0.0
64402,cloud-connect.cloud,https://cloud-connect.cloud,resolved,accepted,failed,True,,,True,National Informatics Centre (NIC),True,True,True,False,strict_lexical_hit,strict_lexical_hit,brand_token_match|jw_primary,National Informatics Centre (NIC),0.0,Low,0.8769,0.0,0.5556,26.3077,0.0,0.0
64496,aristogel.com,https://aristogel.com,resolved,accepted,failed,True,,,True,Airtel,True,True,True,False,strict_lexical_hit,strict_lexical_hit,jw_primary,Airtel,0.0,Low,0.85,0.0,0.6667,25.5,0.0,0.0
65244,casaromaonline.com,https://casaromaonline.com,resolved,accepted,failed,True,,,True,Computer Age Management Services Ltd. (CAMS),True,True,True,False,strict_lexical_hit,strict_lexical_hit,jw_primary,Computer Age Management Services Ltd. (CAMS),0.0,Low,0.8971,0.0,0.78,26.9143,0.0,0.0
65336,cloudcorrector.com,https://cloudcorrector.com,resolved,accepted,failed,True,,,True,National Informatics Centre (NIC),True,True,True,False,strict_lexical_hit,strict_lexical_hit,jw_primary,National Informatics Centre (NIC),0.0,Low,0.8714,0.0,0.5263,26.1429,0.0,0.0
65729,niceol.net,https://niceol.net,resolved,accepted,failed,True,,,True,National Informatics Centre (NIC),True,True,True,False,strict_lexical_hit,strict_lexical_hit,jw_primary,National Informatics Centre (NIC),0.0,Low,0.8833,0.0,0.6667,26.5,0.0,0.0
65837,mainelylv.com,https://mainelylv.com,resolved,accepted,failed,True,,,True,National Informatics Centre (NIC),True,True,True,False,strict_lexical_hit,strict_lexical_hit,jw_primary,National Informatics Centre (NIC),0.0,Low,0.8704,0.0,0.6154,26.1111,0.0,0.0
67192,industrialdoorco.org,https://industrialdoorco.org,resolved,accepted,failed,True,,,True,IndusInd Bank,True,True,True,False,strict_lexical_hit,strict_lexical_hit,jw_primary,IndusInd Bank,0.0,Low,0.8625,0.0,0.5833,25.875,0.0,0.0
67587,homemah.com,https://homemah.com,resolved,accepted,failed,True,,,True,State Bank of India (SBI),True,True,True,False,strict_lexical_hit,strict_lexical_hit,jw_primary,State Bank of India (SBI),0.0,Low,0.854,0.0,0.625,25.619,0.0,0.0
67614,onlinepokies.app,https://onlinepokies.app,resolved,accepted,failed,True,,,True,State Bank of India (SBI),True,True,True,False,strict_lexical_hit,strict_lexical_hit,jw_primary,State Bank of India (SBI),0.0,Low,0.8861,0.0,0.6667,26.5833,0.0,0.0
67999,kartel.support,https://kartel.support,resolved,accepted,failed,True,,,True,Airtel,True,True,True,False,strict_lexical_hit,strict_lexical_hit,jw_primary,Airtel,0.0,Low,0.8889,0.0,0.8333,26.6667,0.0,0.0
68514,devcloud.space,https://devcloud.space,resolved,accepted,failed,True,,,True,National Informatics Centre (NIC),True,True,True,False,strict_lexical_hit,strict_lexical_hit,jw_primary,National Informatics Centre (NIC),0.0,Low,0.875,0.0,0.7692,26.25,0.0,0.0
69212,parihar.dev,https://parihar.dev,resolved,accepted,failed,True,,,True,parivahan sewa,True,True,True,False,strict_lexical_hit,strict_lexical_hit,jw_primary,parivahan sewa,0.0,Low,0.8714,0.0,0.75,26.1429,0.0,0.0
69583,cloudsmanship.com,https://cloudsmanship.com,resolved,accepted,failed,True,,,True,National Informatics Centre (NIC),True,True,True,False,strict_lexical_hit,strict_lexical_hit,jw_primary,National Informatics Centre (NIC),0.0,Low,0.8769,0.0,0.5556,26.3077,0.0,0.0
70148,xcloudit.com,https://xcloudit.com,resolved,accepted,failed,True,,,True,National Informatics Centre (NIC),True,True,True,False,strict_lexical_hit,strict_lexical_hit,jw_primary,National Informatics Centre (NIC),0.0,Low,0.875,0.0,0.7692,26.25,0.0,0.0
70245,mainzlks.com,https://mainzlks.com,resolved,accepted,failed,True,,,True,National Informatics Centre (NIC),True,True,True,False,strict_lexical_hit,strict_lexical_hit,jw_primary,National Informatics Centre (NIC),0.0,Low,0.8833,0.0,0.6667,26.5,0.0,0.0
70278,ki-cloud.net,https://ki-cloud.net,resolved,accepted,failed,True,,,True,National Informatics Centre (NIC),True,True,True,False,strict_lexical_hit,strict_lexical_hit,brand_token_match|jw_primary,National Informatics Centre (NIC),0.0,Low,0.875,0.0,0.7692,26.25,0.0,0.0
70586,homeovista.lat,https://homeovista.lat,resolved,accepted,failed,True,,,True,State Bank of India (SBI),True,True,True,False,strict_lexical_hit,strict_lexical_hit,jw_primary,State Bank of India (SBI),0.0,Low,0.867,0.0,0.6316,26.0095,0.0,0.0
71078,gov-icloud.com,https://gov-icloud.com,resolved,accepted,failed,True,,,True,National Informatics Centre (NIC),True,True,True,False,strict_lexical_hit,strict_lexical_hit,jw_primary,National Informatics Centre (NIC),0.0,Low,0.8963,0.0,0.8421,26.8889,0.0,0.0
71149,maidello.com,https://maidello.com,resolved,accepted,failed,True,,,True,National Informatics Centre (NIC),True,True,True,False,strict_lexical_hit,strict_lexical_hit,jw_primary,National Informatics Centre (NIC),0.0,Low,0.8833,0.0,0.6667,26.5,0.0,0.0
71263,grogcloud.com,https://grogcloud.com,resolved,accepted,failed,True,,,True,National Informatics Centre (NIC),True,True,True,False,strict_lexical_hit,strict_lexical_hit,jw_primary,National Informatics Centre (NIC),0.0,Low,0.8519,0.0,0.7778,25.5556,0.0,0.0
71361,onlinemipschool.com,https://onlinemipschool.com,resolved,accepted,failed,True,,,True,State Bank of India (SBI),True,True,True,False,strict_lexical_hit,strict_lexical_hit,jw_primary,State Bank of India (SBI),0.0,Low,0.8594,0.0,0.5833,25.7833,0.0,0.0
71991,nickt.shop,https://nickt.shop,resolved,accepted,failed,True,,,True,National Informatics Centre (NIC),True,True,True,False,strict_lexical_hit,strict_lexical_hit,jw_primary,National Informatics Centre (NIC),0.0,Low,0.9067,0.0,0.75,27.2,0.0,0.0
72258,sbilstore.shop,https://sbilstore.shop,resolved,accepted,failed,True,,,True,State Bank of India (SBI),True,True,True,False,strict_lexical_hit,strict_lexical_hit,jw_primary,State Bank of India (SBI),0.0,Low,0.854,0.0,0.625,25.619,0.0,0.0
72267,nifcloud.dev,https://nifcloud.dev,resolved,accepted,failed,True,,,True,National Informatics Centre (NIC),True,True,True,False,strict_lexical_hit,strict_lexical_hit,jw_primary,National Informatics Centre (NIC),0.0,Low,0.875,0.0,0.7692,26.25,0.0,0.0
73304,cloudbot.services,https://cloudbot.services,resolved,accepted,failed,True,,,True,National Informatics Centre (NIC),True,True,True,False,strict_lexical_hit,strict_lexical_hit,jw_primary,National Informatics Centre (NIC),0.0,Low,0.925,0.0,0.7692,27.75,0.0,0.0
73329,industriallm.com,https://industriallm.com,resolved,accepted,failed,True,,,True,IndusInd Bank,True,True,True,False,strict_lexical_hit,strict_lexical_hit,jw_primary,IndusInd Bank,0.0,Low,0.85,0.0,0.6,25.5,0.0,0.0
74294,rubric.so,https://rubric.so,resolved,accepted,failed,True,,,True,Reserve Bank of India (RBI),True,True,True,False,strict_lexical_hit,strict_lexical_hit,jw_primary,Reserve Bank of India (RBI),0.0,Low,0.85,0.0,0.6667,25.5,0.0,0.0
74362,airexpresslk.online,https://airexpresslk.online,resolved,accepted,failed,True,,,True,Air India,True,True,True,False,strict_lexical_hit,strict_lexical_hit,jw_primary,Air India,0.0,Low,0.8833,0.0,0.7407,26.5,0.0,0.0
74386,homelabdotdns.xyz,https://homelabdotdns.xyz,resolved,accepted,failed,True,,,True,State Bank of India (SBI),True,True,True,False,strict_lexical_hit,strict_lexical_hit,jw_primary,State Bank of India (SBI),0.0,Low,0.9162,0.0,0.7273,27.4872,0.0,0.0
74409,cloudwebselect.com,https://cloudwebselect.com,resolved,accepted,failed,True,,,True,National Informatics Centre (NIC),True,True,True,False,strict_lexical_hit,strict_lexical_hit,jw_primary,National Informatics Centre (NIC),0.0,Low,0.8714,0.0,0.5263,26.1429,0.0,0.0
75105,canalplus-caraibes.com,https://canalplus-caraibes.com,resolved,accepted,failed,True,,,True,Canara Bank,True,True,True,False,strict_lexical_hit,strict_lexical_hit,jw_primary,Canara Bank,0.0,Low,0.8548,0.0,0.53,25.6429,0.0,0.0
75272,airdxp.com,https://airdxp.com,resolved,accepted,failed,True,,,True,Air India,True,True,True,False,strict_lexical_hit,strict_lexical_hit,jw_primary,Air India,0.0,Low,0.86,0.0,0.6014,25.8,0.0,0.0
75375,sdindia.com,https://sdindia.com,resolved,accepted,failed,True,,,True,BSE Ltd.,True,True,True,False,strict_lexical_hit,strict_lexical_hit,jw_primary,BSE Ltd.,0.0,Low,0.869,0.0,0.83,26.0714,0.0,0.0
75670,cloudlect.com,https://cloudlect.com,resolved,accepted,failed,True,,,True,National Informatics Centre (NIC),True,True,True,False,strict_lexical_hit,strict_lexical_hit,jw_primary,National Informatics Centre (NIC),0.0,Low,0.9111,0.0,0.7143,27.3333,0.0,0.0
75983,homeweston.com,https://homeweston.com,resolved,accepted,failed,True,,,True,State Bank of India (SBI),True,True,True,False,strict_lexical_hit,strict_lexical_hit,jw_primary,State Bank of India (SBI),0.0,Low,0.867,0.0,0.6316,26.0095,0.0,0.0
76140,pnbalguy.com,https://pnbalguy.com,resolved,accepted,failed,True,,,True,Punjab National Bank (PNB),True,True,True,False,strict_lexical_hit,strict_lexical_hit,jw_primary,Punjab National Bank (PNB),0.0,Low,0.8542,0.0,0.5455,25.625,0.0,0.0
76268,ohfintech.com,https://ohfintech.com,resolved,accepted,failed,True,,,True,Kfintech,True,True,True,False,strict_lexical_hit,strict_lexical_hit,jw_primary,Kfintech,0.0,Low,0.8843,0.0,0.8535,26.5278,0.0,0.0
76298,online-speaking-course.click,https://online-speaking-course.click,resolved,accepted,failed,True,,,True,State Bank of India (SBI),True,True,True,False,strict_lexical_hit,strict_lexical_hit,jw_primary,State Bank of India (SBI),0.0,Low,0.8505,0.0,0.5161,25.5152,0.0,0.0
76504,rcloud.site,https://rcloud.site,resolved,accepted,failed,True,,,True,National Informatics Centre (NIC),True,True,True,False,strict_lexical_hit,strict_lexical_hit,jw_primary|token_set_primary|skeleton_similarity|host_similarity,National Informatics Centre (NIC),0.0,Low,0.9444,0.0,0.9091,28.3333,0.0,0.0
76523,crmail.org,https://crmail.org,resolved,accepted,failed,True,,,True,National Informatics Centre (NIC),True,True,True,False,strict_lexical_hit,strict_lexical_hit,jw_primary,National Informatics Centre (NIC),0.0,Low,0.8889,0.0,0.8,26.6667,0.0,0.0
76654,onlinesube-garanti.click,https://onlinesube-garanti.click,resolved,accepted,failed,True,,,True,State Bank of India (SBI),True,True,True,False,strict_lexical_hit,strict_lexical_hit,jw_primary,State Bank of India (SBI),0.0,Low,0.8667,0.0,0.6667,26.0,0.0,0.0
77002,onlinetutors.net,https://onlinetutors.net,resolved,accepted,failed,True,,,True,State Bank of India (SBI),True,True,True,False,strict_lexical_hit,strict_lexical_hit,jw_primary,State Bank of India (SBI),0.0,Low,0.8722,0.0,0.6667,26.1667,0.0,0.0
77118,mailingstation.com,https://mailingstation.com,resolved,accepted,failed,True,,,True,National Informatics Centre (NIC),True,True,True,False,strict_lexical_hit,strict_lexical_hit,jw_primary,National Informatics Centre (NIC),0.0,Low,0.8571,0.0,0.4444,25.7143,0.0,0.0
78073,silf.re,https://silf.re,resolved,accepted,failed,True,,,True,State Bank of India (SBI),True,True,True,False,strict_lexical_hit,strict_lexical_hit,jw_primary,State Bank of India (SBI),0.0,Low,0.8714,0.0,0.7273,26.1429,0.0,0.0
78362,cloudpayrollai.com,https://cloudpayrollai.com,resolved,accepted,failed,True,,,True,National Informatics Centre (NIC),True,True,True,False,strict_lexical_hit,strict_lexical_hit,jw_primary,National Informatics Centre (NIC),0.0,Low,0.8714,0.0,0.5263,26.1429,0.0,0.0
78379,wsmailt.site,https://wsmailt.site,resolved,accepted,failed,True,,,True,National Informatics Centre (NIC),True,True,True,False,strict_lexical_hit,strict_lexical_hit,jw_primary,National Informatics Centre (NIC),0.0,Low,0.8571,0.0,0.7273,25.7143,0.0,0.0
78788,cloud-solutions.koeln,https://cloud-solutions.koeln,resolved,accepted,failed,True,,,True,National Informatics Centre (NIC),True,True,True,False,strict_lexical_hit,strict_lexical_hit,brand_token_match|jw_primary,National Informatics Centre (NIC),0.0,Low,0.8667,0.0,0.5,26.0,0.0,0.0
79125,canarychannel.com,https://canarychannel.com,resolved,accepted,failed,True,,,True,Canara Bank,True,True,True,False,strict_lexical_hit,strict_lexical_hit,jw_primary,Canara Bank,0.0,Low,0.8567,0.0,0.5485,25.7011,0.0,0.0
79202,rbide.com,https://rbide.com,resolved,accepted,failed,True,,,True,Reserve Bank of India (RBI),True,True,True,False,strict_lexical_hit,strict_lexical_hit,jw_primary,Reserve Bank of India (RBI),0.0,Low,0.9067,0.0,0.75,27.2,0.0,0.0
79603,homeleasrrr.com,https://homeleasrrr.com,resolved,accepted,failed,True,,,True,State Bank of India (SBI),True,True,True,False,strict_lexical_hit,strict_lexical_hit,jw_primary,State Bank of India (SBI),0.0,Low,0.8828,0.0,0.7,26.4848,0.0,0.0
80169,homeoval.com,https://homeoval.com,resolved,accepted,failed,True,,,True,State Bank of India (SBI),True,True,True,False,strict_lexical_hit,strict_lexical_hit,jw_primary,State Bank of India (SBI),0.0,Low,0.902,0.0,0.7059,27.0595,0.0,0.0
80367,jucior.com,https://jucior.com,resolved,accepted,failed,True,,,True,Jio,True,True,True,False,strict_lexical_hit,strict_lexical_hit,jw_primary,Jio,0.0,Low,0.85,0.0,0.6967,25.5,0.0,0.0
80487,macizle9.site,https://macizle9.site,resolved,accepted,failed,True,,,True,National Informatics Centre (NIC),True,True,True,False,strict_lexical_hit,strict_lexical_hit,jw_primary,National Informatics Centre (NIC),0.0,Low,0.8667,0.0,0.6667,26.0,0.0,0.0
80764,maillotcycling.com,https://maillotcycling.com,resolved,accepted,failed,True,,,True,National Informatics Centre (NIC),True,True,True,False,strict_lexical_hit,strict_lexical_hit,jw_primary,National Informatics Centre (NIC),0.0,Low,0.8571,0.0,0.4444,25.7143,0.0,0.0
81556,myvisitpass.com,https://myvisitpass.com,resolved,accepted,failed,True,,,True,Vodafone Idea (VI),True,True,True,False,strict_lexical_hit,strict_lexical_hit,jw_primary,Vodafone Idea (VI),0.0,Low,0.8727,0.0,0.5333,26.1818,0.0,0.0
81886,catalyst-cloud.com,https://catalyst-cloud.com,resolved,accepted,failed,True,,,False,,True,True,False,False,strict_lexical_hit,strict_lexical_hit,brand_token_match,National Informatics Centre (NIC),0.0,Low,0.6376,0.0,0.5,19.127,0.0,0.0
82043,portal-zunlong.com,https://portal-zunlong.com,resolved,accepted,failed,True,,,False,,True,True,False,False,strict_lexical_hit,strict_lexical_hit,brand_token_match,Bharat Sanchar Nigam Limited (BSNL),0.0,Low,0.64,0.0,0.64,19.2,0.0,0.0
82931,myvivylo.store,https://myvivylo.store,resolved,accepted,failed,True,,,True,Vodafone Idea (VI),True,True,True,False,strict_lexical_hit,strict_lexical_hit,jw_primary,Vodafone Idea (VI),0.0,Low,0.9,0.0,0.6667,27.0,0.0,0.0
83054,indospin4d.org,https://indospin4d.org,resolved,accepted,failed,True,,,True,IndusInd Bank,True,True,True,False,strict_lexical_hit,strict_lexical_hit,jw_primary,IndusInd Bank,0.0,Low,0.9008,0.0,0.7778,27.025,0.0,0.0
83832,airton.ai,https://airton.ai,resolved,accepted,failed,True,,,True,Airtel,True,True,True,False,strict_lexical_hit,strict_lexical_hit,jw_primary,Airtel,0.0,Low,0.8667,0.0,0.6667,26.0,0.0,0.0
84437,cloudpique.com,https://cloudpique.com,resolved,accepted,failed,True,,,True,National Informatics Centre (NIC),True,True,True,False,strict_lexical_hit,strict_lexical_hit,jw_primary,National Informatics Centre (NIC),0.0,Low,0.9,0.0,0.6667,27.0,0.0,0.0
84478,onlineitcare.com,https://onlineitcare.com,resolved,accepted,failed,True,,,True,State Bank of India (SBI),True,True,True,False,strict_lexical_hit,strict_lexical_hit,jw_primary,State Bank of India (SBI),0.0,Low,0.8722,0.0,0.6667,26.1667,0.0,0.0
84552,bitcoin-retail.com,https://bitcoin-retail.com,resolved,accepted,failed,True,,,False,,True,True,False,False,strict_lexical_hit,strict_lexical_hit,brand_token_match,State Bank of India (SBI),0.0,Low,0.6873,0.0,0.4444,20.6181,0.0,0.0
84842,homesforsaleminnesota.com,https://homesforsaleminnesota.com,resolved,accepted,failed,True,,,True,State Bank of India (SBI),True,True,True,False,strict_lexical_hit,strict_lexical_hit,jw_primary,State Bank of India (SBI),0.0,Low,0.8635,0.0,0.5333,25.9048,0.0,0.0
85390,cloudandchords.ai,https://cloudandchords.ai,resolved,accepted,failed,True,,,True,National Informatics Centre (NIC),True,True,True,False,strict_lexical_hit,strict_lexical_hit,jw_primary,National Informatics Centre (NIC),0.0,Low,0.8714,0.0,0.5263,26.1429,0.0,0.0
86343,kit-mail.com,https://kit-mail.com,resolved,accepted,failed,True,,,False,,True,True,False,False,strict_lexical_hit,strict_lexical_hit,brand_token_match,National Informatics Centre (NIC),0.0,Low,0.6667,0.0,0.6667,20.0,0.0,0.0
86807,onlinecybertraining.com,https://onlinecybertraining.com,resolved,accepted,failed,True,,,True,State Bank of India (SBI),True,True,True,False,strict_lexical_hit,strict_lexical_hit,jw_primary,State Bank of India (SBI),0.0,Low,0.862,0.0,0.5714,25.8596,0.0,0.0
86889,cloudisland.store,https://cloudisland.store,resolved,accepted,failed,True,,,True,National Informatics Centre (NIC),True,True,True,False,strict_lexical_hit,strict_lexical_hit,jw_primary,National Informatics Centre (NIC),0.0,Low,0.8909,0.0,0.625,26.7273,0.0,0.0
86987,onlyinthechi.com,https://onlyinthechi.com,resolved,accepted,failed,True,,,True,State Bank of India (SBI),True,True,True,False,strict_lexical_hit,strict_lexical_hit,jw_primary,State Bank of India (SBI),0.0,Low,0.8509,0.0,0.6667,25.5278,0.0,0.0
87316,onlineslimming.com,https://onlineslimming.com,resolved,accepted,failed,True,,,True,State Bank of India (SBI),True,True,True,False,strict_lexical_hit,strict_lexical_hit,jw_primary,State Bank of India (SBI),0.0,Low,0.8921,0.0,0.6957,26.7619,0.0,0.0
87684,fatca-portal.com,https://fatca-portal.com,resolved,accepted,failed,True,,,False,,True,True,False,False,strict_lexical_hit,strict_lexical_hit,brand_token_match,Bharat Sanchar Nigam Limited (BSNL),0.0,Low,0.5217,0.0,0.5217,15.6522,0.0,0.0
87924,calvionne.com,https://calvionne.com,resolved,accepted,failed,True,,,True,Computer Age Management Services Ltd. (CAMS),True,True,True,False,strict_lexical_hit,strict_lexical_hit,jw_primary,Computer Age Management Services Ltd. (CAMS),0.0,Low,0.8504,0.0,0.6616,25.5111,0.0,0.0
88256,spyailife.com,https://spyailife.com,resolved,accepted,failed,True,,,True,State Bank of India (SBI),True,True,True,False,strict_lexical_hit,strict_lexical_hit,jw_primary,State Bank of India (SBI),0.0,Low,0.8571,0.0,0.75,25.7143,0.0,0.0
88322,vertraiq-mail.com,https://vertraiq-mail.com,resolved,accepted,failed,True,,,False,,True,True,False,False,strict_lexical_hit,strict_lexical_hit,brand_token_match,National Informatics Centre (NIC),0.0,Low,0.5513,0.0,0.5,16.5385,0.0,0.0
88370,mail1999.com,https://mail1999.com,resolved,accepted,failed,True,,,True,National Informatics Centre (NIC),True,True,True,False,strict_lexical_hit,strict_lexical_hit,jw_primary,National Informatics Centre (NIC),0.0,Low,0.9,0.0,0.6667,27.0,0.0,0.0
89602,mailschmail.com,https://mailschmail.com,resolved,accepted,failed,True,,,True,National Informatics Centre (NIC),True,True,True,False,strict_lexical_hit,strict_lexical_hit,jw_primary,National Informatics Centre (NIC),0.0,Low,0.8727,0.0,0.6364,26.1818,0.0,0.0
90571,magiclamp.bot,https://magiclamp.bot,resolved,accepted,failed,True,,,True,National Informatics Centre (NIC),True,True,True,False,strict_lexical_hit,strict_lexical_hit,jw_primary,National Informatics Centre (NIC),0.0,Low,0.8519,0.0,0.6154,25.5556,0.0,0.0
91246,r8iu3x.vip,https://r8iu3x.vip,resolved,accepted,failed,True,,,False,,True,True,True,False,strict_lexical_hit,strict_lexical_hit,jw_primary,Reserve Bank of India (RBI),0.0,Low,0.8833,0.0,0.6667,26.5,0.0,0.0
91816,jifork.com,https://jifork.com,resolved,accepted,failed,True,,,True,Jio,True,True,True,False,strict_lexical_hit,strict_lexical_hit,jw_primary,Jio,0.0,Low,0.8667,0.0,0.6967,26.0,0.0,0.0
91839,homegoods.paris,https://homegoods.paris,resolved,accepted,failed,True,,,True,State Bank of India (SBI),True,True,True,False,strict_lexical_hit,strict_lexical_hit,jw_primary,State Bank of India (SBI),0.0,Low,0.8667,0.0,0.6667,26.0,0.0,0.0
91842,cloudbiteam.com,https://cloudbiteam.com,resolved,accepted,failed,True,,,True,National Informatics Centre (NIC),True,True,True,False,strict_lexical_hit,strict_lexical_hit,jw_primary,National Informatics Centre (NIC),0.0,Low,0.8909,0.0,0.625,26.7273,0.0,0.0
92041,axiquestore.com,https://axiquestore.com,resolved,accepted,failed,True,,,True,Axis Bank,True,True,True,False,strict_lexical_hit,strict_lexical_hit,jw_primary,Axis Bank,0.0,Low,0.8515,0.0,0.5333,25.5455,0.0,0.0
92231,myvintagerealty.com,https://myvintagerealty.com,resolved,accepted,failed,True,,,True,Vodafone Idea (VI),True,True,True,False,strict_lexical_hit,strict_lexical_hit,jw_primary,Vodafone Idea (VI),0.0,Low,0.8533,0.0,0.4211,25.6,0.0,0.0
92810,homepalas.com,https://homepalas.com,resolved,accepted,failed,True,,,True,State Bank of India (SBI),True,True,True,False,strict_lexical_hit,strict_lexical_hit,jw_primary,State Bank of India (SBI),0.0,Low,0.8825,0.0,0.7778,26.4762,0.0,0.0
92826,hardlife.fun,https://hardlife.fun,resolved,accepted,failed,True,,,True,HDFC Bank,True,True,True,False,strict_lexical_hit,strict_lexical_hit,jw_primary,HDFC Bank,0.0,Low,0.85,0.0,0.75,25.5,0.0,0.0
93354,mccloudy.com,https://mccloudy.com,resolved,accepted,failed,True,,,True,National Informatics Centre (NIC),True,True,True,False,strict_lexical_hit,strict_lexical_hit,jw_primary,National Informatics Centre (NIC),0.0,Low,0.875,0.0,0.7692,26.25,0.0,0.0
93388,myvirtualsalon.com,https://myvirtualsalon.com,resolved,accepted,failed,True,,,True,Vodafone Idea (VI),True,True,True,False,strict_lexical_hit,strict_lexical_hit,jw_primary,Vodafone Idea (VI),0.0,Low,0.8571,0.0,0.4444,25.7143,0.0,0.0
93962,zehuidai.com,https://zehuidai.com,resolved,accepted,failed,True,,,True,"Unique Identification Authority of India (UIDAI)
",True,True,True,False,strict_lexical_hit,strict_lexical_hit,jw_primary,"Unique Identification Authority of India (UIDAI)
",0.0,Low,0.875,0.0,0.7692,26.25,0.0,0.0
94203,airtraveltoeurope.com,https://airtraveltoeurope.com,resolved,accepted,failed,True,,,True,Airtel,True,True,True,False,strict_lexical_hit,strict_lexical_hit,jw_primary,Airtel,0.0,Low,0.8706,0.0,0.5217,26.1176,0.0,0.0
94423,mail993.com,https://mail993.com,resolved,accepted,failed,True,,,True,National Informatics Centre (NIC),True,True,True,False,strict_lexical_hit,strict_lexical_hit,jw_primary,National Informatics Centre (NIC),0.0,Low,0.9143,0.0,0.7273,27.4286,0.0,0.0
94569,mail-iogin.com,https://mail-iogin.com,resolved,accepted,failed,True,,,True,National Informatics Centre (NIC),True,True,True,False,strict_lexical_hit,strict_lexical_hit,brand_token_match|jw_primary,National Informatics Centre (NIC),0.0,Low,0.88,0.0,0.5714,26.4,0.0,0.0
95370,myvettime.com,https://myvettime.com,resolved,accepted,failed,True,,,True,Vodafone Idea (VI),True,True,True,False,strict_lexical_hit,strict_lexical_hit,jw_primary,Vodafone Idea (VI),0.0,Low,0.8704,0.0,0.6154,26.1111,0.0,0.0
95382,mail-leads.asia,https://mail-leads.asia,resolved,accepted,failed,True,,,True,National Informatics Centre (NIC),True,True,True,False,strict_lexical_hit,strict_lexical_hit,brand_token_match|jw_primary,National Informatics Centre (NIC),0.0,Low,0.88,0.0,0.5714,26.4,0.0,0.0
95404,mail1499.com,https://mail1499.com,resolved,accepted,failed,True,,,True,National Informatics Centre (NIC),True,True,True,False,strict_lexical_hit,strict_lexical_hit,jw_primary,National Informatics Centre (NIC),0.0,Low,0.9,0.0,0.6667,27.0,0.0,0.0
96207,axis.moe,https://axis.moe,resolved,accepted,failed,True,,,True,Axis Bank,True,True,True,False,strict_lexical_hit,strict_lexical_hit,brand_token_match|jw_primary|token_set_primary|skeleton_similarity|host_similarity,Axis Bank,0.0,Low,1.0,0.0,1.0,30.0,0.0,0.0
96738,kayinfotech.com,https://kayinfotech.com,resolved,accepted,failed,True,,,True,Kfintech,True,True,True,False,strict_lexical_hit,strict_lexical_hit,jw_primary,Kfintech,0.0,Low,0.8807,0.0,0.7668,26.4205,0.0,0.0
97677,onlinebookspro.com,https://onlinebookspro.com,resolved,accepted,failed,True,,,True,State Bank of India (SBI),True,True,True,False,strict_lexical_hit,strict_lexical_hit,jw_primary,State Bank of India (SBI),0.0,Low,0.8671,0.0,0.6087,26.0119,0.0,0.0
97736,onlineassessor.com,https://onlineassessor.com,resolved,accepted,failed,True,,,True,State Bank of India (SBI),True,True,True,False,strict_lexical_hit,strict_lexical_hit,jw_primary,State Bank of India (SBI),0.0,Low,0.8556,0.0,0.6087,25.6667,0.0,0.0
98144,cloudflaren.com,https://cloudflaren.com,resolved,accepted,failed,True,,,True,National Informatics Centre (NIC),True,True,True,False,strict_lexical_hit,strict_lexical_hit,jw_primary,National Informatics Centre (NIC),0.0,Low,0.8909,0.0,0.625,26.7273,0.0,0.0
98816,fundacion-portal-aaron.com,https://fundacion-portal-aaron.com,resolved,accepted,failed,True,,,False,,True,True,False,False,strict_lexical_hit,strict_lexical_hit,brand_token_match,Bharat Sanchar Nigam Limited (BSNL),0.0,Low,0.4318,0.0,0.1538,12.9545,0.0,0.0
99036,niclas.dev,https://niclas.dev,resolved,accepted,failed,True,,,True,National Informatics Centre (NIC),True,True,True,False,strict_lexical_hit,strict_lexical_hit,jw_primary,National Informatics Centre (NIC),0.0,Low,0.8833,0.0,0.6667,26.5,0.0,0.0
99171,nicktai.cloud,https://nicktai.cloud,resolved,accepted,failed,True,,,True,National Informatics Centre (NIC),True,True,True,False,strict_lexical_hit,strict_lexical_hit,jw_primary,National Informatics Centre (NIC),0.0,Low,0.8667,0.0,0.6,26.0,0.0,0.0
99217,hpl-mail.com,https://hpl-mail.com,resolved,accepted,failed,True,,,False,,True,True,False,False,strict_lexical_hit,strict_lexical_hit,brand_token_match,National Informatics Centre (NIC),0.0,Low,0.6667,0.0,0.6667,20.0,0.0,0.0
99723,cloudmast.dev,https://cloudmast.dev,resolved,accepted,failed,True,,,True,National Informatics Centre (NIC),True,True,True,False,strict_lexical_hit,strict_lexical_hit,jw_primary,National Informatics Centre (NIC),0.0,Low,0.9111,0.0,0.7143,27.3333,0.0,0.0
100129,cloud109.com,https://cloud109.com,resolved,accepted,failed,True,,,True,National Informatics Centre (NIC),True,True,True,False,strict_lexical_hit,strict_lexical_hit,jw_primary,National Informatics Centre (NIC),0.0,Low,0.925,0.0,0.7692,27.75,0.0,0.0
