url,shortlisted_cse,shortlisted_domain,fetch_status,brand_model_top1,brand_model_confidence,domain_model_top1,domain_model_confidence,model_brand_agrees_with_shortlist,model_domain_agrees_with_shortlist,model_feature_status,model_input_error
https://camsclearing.com,Computer Age Management Services Ltd. (CAMS),camsonline.com,timeout,NA,0.0,Unknown,0.0,False,False,feature_error,'SimpleImputer' object has no attribute '_fill_dtype'
https://homefpl.com,State Bank of India (SBI),homeloans.sbi,timeout,NA,0.0,Unknown,0.0,False,False,feature_error,'SimpleImputer' object has no attribute '_fill_dtype'
https://abdelmunaim.com,National Health Authority (NHA),abdm.gov.in,timeout,NA,0.0,Unknown,0.0,False,False,feature_error,'SimpleImputer' object has no attribute '_fill_dtype'
https://rbillman.com,Reserve Bank of India (RBI),rbi.org.in,timeout,NA,0.0,Unknown,0.0,False,False,feature_error,'SimpleImputer' object has no attribute '_fill_dtype'
https://cloudincltd.com,National Informatics Centre (NIC),cloud.gov.in,timeout,NA,0.0,Unknown,0.0,False,False,feature_error,'SimpleImputer' object has no attribute '_fill_dtype'
https://cloudplusplus-pro.com,National Informatics Centre (NIC),cloud.gov.in,timeout,NA,0.0,Unknown,0.0,False,False,feature_error,'SimpleImputer' object has no attribute '_fill_dtype'
https://agate-cloud.com,National Informatics Centre (NIC),cloud.gov.in,timeout,NA,0.0,Unknown,0.0,False,False,feature_error,'SimpleImputer' object has no attribute '_fill_dtype'
https://airtravelinindia.com,Airtel,airtel.in,timeout,NA,0.0,Unknown,0.0,False,False,feature_error,'SimpleImputer' object has no attribute '_fill_dtype'
https://sewindian.com,BSE Ltd.,bseindia.com,timeout,NA,0.0,Unknown,0.0,False,False,feature_error,'SimpleImputer' object has no attribute '_fill_dtype'
https://uparrow-mail.info,National Informatics Centre (NIC),kavach.mail.gov.in,timeout,NA,0.0,Unknown,0.0,False,False,feature_error,'SimpleImputer' object has no attribute '_fill_dtype'
https://cloudpride.com,National Informatics Centre (NIC),cloud.gov.in,timeout,NA,0.0,Unknown,0.0,False,False,feature_error,'SimpleImputer' object has no attribute '_fill_dtype'
https://main-zlks.com,National Informatics Centre (NIC),kavach.mail.gov.in,timeout,NA,0.0,Unknown,0.0,False,False,feature_error,'SimpleImputer' object has no attribute '_fill_dtype'
https://finsintech.com,Kfintech,kfintech.com,timeout,NA,0.0,Unknown,0.0,False,False,feature_error,'SimpleImputer' object has no attribute '_fill_dtype'
https://indiandaz.com,IndusInd Bank,indusind.bank.in,timeout,NA,0.0,Unknown,0.0,False,False,feature_error,'SimpleImputer' object has no attribute '_fill_dtype'
https://ampfintech.com,Kfintech,kfintech.com,timeout,NA,0.0,Unknown,0.0,False,False,feature_error,'SimpleImputer' object has no attribute '_fill_dtype'
https://fintechers.com,Kfintech,kfintech.com,timeout,NA,0.0,Unknown,0.0,False,False,feature_error,'SimpleImputer' object has no attribute '_fill_dtype'
https://spabid.com,State Bank of India (SBI),sbi.co.in,timeout,NA,0.0,Unknown,0.0,False,False,feature_error,'SimpleImputer' object has no attribute '_fill_dtype'
https://maxbilbow.com,National Informatics Centre (NIC),kavach.mail.gov.in,timeout,NA,0.0,Unknown,0.0,False,False,feature_error,'SimpleImputer' object has no attribute '_fill_dtype'
https://bankofdigitaldollar.com,Bank of Baroda,bankofbaroda.bank.in,timeout,NA,0.0,Unknown,0.0,False,False,feature_error,'SimpleImputer' object has no attribute '_fill_dtype'
https://cloudy96th.com,National Informatics Centre (NIC),cloud.gov.in,timeout,NA,0.0,Unknown,0.0,False,False,feature_error,'SimpleImputer' object has no attribute '_fill_dtype'
https://cloudhack.cloud,National Informatics Centre (NIC),cloud.gov.in,timeout,NA,0.0,Unknown,0.0,False,False,feature_error,'SimpleImputer' object has no attribute '_fill_dtype'
https://axishkg.com,Axis Bank,axis.bank.in,timeout,NA,0.0,Unknown,0.0,False,False,feature_error,'SimpleImputer' object has no attribute '_fill_dtype'
https://mpsconline.com,Computer Age Management Services Ltd. (CAMS),camsonline.com,timeout,NA,0.0,Unknown,0.0,False,False,feature_error,'SimpleImputer' object has no attribute '_fill_dtype'
https://parixitsanghani.com,parivahan sewa,parivahan.gov.in,timeout,NA,0.0,Unknown,0.0,False,False,feature_error,'SimpleImputer' object has no attribute '_fill_dtype'
https://mailoasis2.com,National Informatics Centre (NIC),kavach.mail.gov.in,timeout,NA,0.0,Unknown,0.0,False,False,feature_error,'SimpleImputer' object has no attribute '_fill_dtype'
https://homeloanscore.com,State Bank of India (SBI),homeloans.sbi,timeout,NA,0.0,Unknown,0.0,False,False,feature_error,'SimpleImputer' object has no attribute '_fill_dtype'
https://maninalto.com,National Informatics Centre (NIC),kavach.mail.gov.in,timeout,NA,0.0,Unknown,0.0,False,False,feature_error,'SimpleImputer' object has no attribute '_fill_dtype'
https://homebuildersofnc.com,State Bank of India (SBI),homeloans.sbi,timeout,NA,0.0,Unknown,0.0,False,False,feature_error,'SimpleImputer' object has no attribute '_fill_dtype'
https://clouduniversal.com,National Informatics Centre (NIC),cloud.gov.in,timeout,NA,0.0,Unknown,0.0,False,False,feature_error,'SimpleImputer' object has no attribute '_fill_dtype'
https://macnica-cloud.net,National Informatics Centre (NIC),cloud.gov.in,timeout,NA,0.0,Unknown,0.0,False,False,feature_error,'SimpleImputer' object has no attribute '_fill_dtype'
https://cloudcarevoip.com,National Informatics Centre (NIC),cloud.gov.in,timeout,NA,0.0,Unknown,0.0,False,False,feature_error,'SimpleImputer' object has no attribute '_fill_dtype'
https://modrails.org,National Informatics Centre (NIC),kavach.mail.gov.in,timeout,NA,0.0,Unknown,0.0,False,False,feature_error,'SimpleImputer' object has no attribute '_fill_dtype'
https://cloud.house,National Informatics Centre (NIC),cloud.gov.in,timeout,NA,0.0,Unknown,0.0,False,False,feature_error,'SimpleImputer' object has no attribute '_fill_dtype'
https://indusnov.com,IndusInd Bank,indusind.bank.in,timeout,NA,0.0,Unknown,0.0,False,False,feature_error,'SimpleImputer' object has no attribute '_fill_dtype'
https://cadoonlinevn.org,Computer Age Management Services Ltd. (CAMS),camsonline.com,timeout,NA,0.0,Unknown,0.0,False,False,feature_error,'SimpleImputer' object has no attribute '_fill_dtype'
https://axismediaindia.com,Axis Bank,axismaxlife.com,timeout,NA,0.0,Unknown,0.0,False,False,feature_error,'SimpleImputer' object has no attribute '_fill_dtype'
https://kaiztech.net,Kfintech,kfintech.com,timeout,NA,0.0,Unknown,0.0,False,False,feature_error,'SimpleImputer' object has no attribute '_fill_dtype'
https://axisupi.com,Axis Bank,axis.bank.in,timeout,NA,0.0,Unknown,0.0,False,False,feature_error,'SimpleImputer' object has no attribute '_fill_dtype'
https://myvirtual.institute,Vodafone Idea (VI),myvi.in,timeout,NA,0.0,Unknown,0.0,False,False,feature_error,'SimpleImputer' object has no attribute '_fill_dtype'
https://hw-ai-cloud.top,National Informatics Centre (NIC),cloud.gov.in,timeout,NA,0.0,Unknown,0.0,False,False,feature_error,'SimpleImputer' object has no attribute '_fill_dtype'
https://sebi.exchange,State Bank of India (SBI),sbi.co.in,timeout,NA,0.0,Unknown,0.0,False,False,feature_error,'SimpleImputer' object has no attribute '_fill_dtype'
https://myvirtualmoh.com,Vodafone Idea (VI),myvi.in,timeout,NA,0.0,Unknown,0.0,False,False,feature_error,'SimpleImputer' object has no attribute '_fill_dtype'
https://marianlt.com,National Informatics Centre (NIC),kavach.mail.gov.in,timeout,NA,0.0,Unknown,0.0,False,False,feature_error,'SimpleImputer' object has no attribute '_fill_dtype'
https://cloudsmart1t.com,National Informatics Centre (NIC),cloud.gov.in,timeout,NA,0.0,Unknown,0.0,False,False,feature_error,'SimpleImputer' object has no attribute '_fill_dtype'
https://desilife.travel,State Bank of India (SBI),sbilife.co.in,timeout,NA,0.0,Unknown,0.0,False,False,feature_error,'SimpleImputer' object has no attribute '_fill_dtype'
https://cloudology.us,National Informatics Centre (NIC),cloud.gov.in,timeout,NA,0.0,Unknown,0.0,False,False,feature_error,'SimpleImputer' object has no attribute '_fill_dtype'
https://mailfry.com,National Informatics Centre (NIC),kavach.mail.gov.in,timeout,NA,0.0,Unknown,0.0,False,False,feature_error,'SimpleImputer' object has no attribute '_fill_dtype'
https://axisofenglish.com,Axis Bank,axismf.com,timeout,NA,0.0,Unknown,0.0,False,False,feature_error,'SimpleImputer' object has no attribute '_fill_dtype'
https://cloudburt.com,National Informatics Centre (NIC),cloud.gov.in,timeout,NA,0.0,Unknown,0.0,False,False,feature_error,'SimpleImputer' object has no attribute '_fill_dtype'
https://apis.bot,Axis Bank,axis.bank.in,timeout,NA,0.0,Unknown,0.0,False,False,feature_error,'SimpleImputer' object has no attribute '_fill_dtype'
https://cloudaether.com,National Informatics Centre (NIC),cloud.gov.in,timeout,NA,0.0,Unknown,0.0,False,False,feature_error,'SimpleImputer' object has no attribute '_fill_dtype'
https://cloud-adsprint.click,National Informatics Centre (NIC),cloud.gov.in,timeout,NA,0.0,Unknown,0.0,False,False,feature_error,'SimpleImputer' object has no attribute '_fill_dtype'
https://cloudislandboy.com,National Informatics Centre (NIC),cloud.gov.in,timeout,NA,0.0,Unknown,0.0,False,False,feature_error,'SimpleImputer' object has no attribute '_fill_dtype'
https://vsgs.org,Indian Space Research Organisation (ISRO),vssc.gov.in,timeout,NA,0.0,Unknown,0.0,False,False,feature_error,'SimpleImputer' object has no attribute '_fill_dtype'
https://mailbreach.com,National Informatics Centre (NIC),kavach.mail.gov.in,timeout,NA,0.0,Unknown,0.0,False,False,feature_error,'SimpleImputer' object has no attribute '_fill_dtype'
https://mailsurparse.com,National Informatics Centre (NIC),kavach.mail.gov.in,timeout,NA,0.0,Unknown,0.0,False,False,feature_error,'SimpleImputer' object has no attribute '_fill_dtype'
https://sbibi.net,State Bank of India (SBI),sbi.co.in,timeout,NA,0.0,Unknown,0.0,False,False,feature_error,'SimpleImputer' object has no attribute '_fill_dtype'
https://magicola.xyz,National Informatics Centre (NIC),kavach.mail.gov.in,timeout,NA,0.0,Unknown,0.0,False,False,feature_error,'SimpleImputer' object has no attribute '_fill_dtype'
https://cloudnineglow.com,National Informatics Centre (NIC),cloud.gov.in,timeout,NA,0.0,Unknown,0.0,False,False,feature_error,'SimpleImputer' object has no attribute '_fill_dtype'
https://aimcps.com,All India Institute of Medical Sciences (AIIMS),aiims.edu,timeout,NA,0.0,Unknown,0.0,False,False,feature_error,'SimpleImputer' object has no attribute '_fill_dtype'
https://portal-inter-room.com,Bharat Sanchar Nigam Limited (BSNL),bsnl.co.in,timeout,NA,0.0,Unknown,0.0,False,False,feature_error,'SimpleImputer' object has no attribute '_fill_dtype'
https://axiscalibration.com,Axis Bank,axismaxlife.com,timeout,NA,0.0,Unknown,0.0,False,False,feature_error,'SimpleImputer' object has no attribute '_fill_dtype'
https://mabi.link,National Informatics Centre (NIC),kavach.mail.gov.in,timeout,NA,0.0,Unknown,0.0,False,False,feature_error,'SimpleImputer' object has no attribute '_fill_dtype'
https://canariasbarato.com,Canara Bank,canarabank.bank.in,timeout,NA,0.0,Unknown,0.0,False,False,feature_error,'SimpleImputer' object has no attribute '_fill_dtype'
https://axisemberhq.com,Axis Bank,axismf.com,timeout,NA,0.0,Unknown,0.0,False,False,feature_error,'SimpleImputer' object has no attribute '_fill_dtype'
https://rbdmis.com,Reserve Bank of India (RBI),rbi.org.in,timeout,NA,0.0,Unknown,0.0,False,False,feature_error,'SimpleImputer' object has no attribute '_fill_dtype'
https://clamoutdoor.net,National Informatics Centre (NIC),cloud.gov.in,timeout,NA,0.0,Unknown,0.0,False,False,feature_error,'SimpleImputer' object has no attribute '_fill_dtype'
https://jioskec.com,Jio,jio.com,timeout,NA,0.0,Unknown,0.0,False,False,feature_error,'SimpleImputer' object has no attribute '_fill_dtype'
https://cloudmta.pl,National Informatics Centre (NIC),cloud.gov.in,timeout,NA,0.0,Unknown,0.0,False,False,feature_error,'SimpleImputer' object has no attribute '_fill_dtype'
https://uidaiaadhardownload.com,"Unique Identification Authority of India (UIDAI)
",uidai.gov.in,timeout,NA,0.0,Unknown,0.0,False,False,feature_error,'SimpleImputer' object has no attribute '_fill_dtype'
https://airtell.ai,Airtel,airtel.in,timeout,NA,0.0,Unknown,0.0,False,False,feature_error,'SimpleImputer' object has no attribute '_fill_dtype'
https://myvisionlaunch.com,Vodafone Idea (VI),myvi.in,timeout,NA,0.0,Unknown,0.0,False,False,feature_error,'SimpleImputer' object has no attribute '_fill_dtype'
https://ratel.world,Airtel,airtel.in,timeout,NA,0.0,Unknown,0.0,False,False,feature_error,'SimpleImputer' object has no attribute '_fill_dtype'
https://net.weber,Punjab National Bank (PNB),netpnb.com,timeout,NA,0.0,Unknown,0.0,False,False,feature_error,'SimpleImputer' object has no attribute '_fill_dtype'
https://manilast.com,National Informatics Centre (NIC),kavach.mail.gov.in,failed,NA,0.0,Unknown,0.0,False,False,feature_error,'SimpleImputer' object has no attribute '_fill_dtype'
https://mycarvin.com,Vodafone Idea (VI),myvi.in,timeout,NA,0.0,Unknown,0.0,False,False,feature_error,'SimpleImputer' object has no attribute '_fill_dtype'
https://myve.ai,Vodafone Idea (VI),myvi.in,timeout,NA,0.0,Unknown,0.0,False,False,feature_error,'SimpleImputer' object has no attribute '_fill_dtype'
https://kitchen.stream,Kfintech,kfintech.com,timeout,NA,0.0,Unknown,0.0,False,False,feature_error,'SimpleImputer' object has no attribute '_fill_dtype'
https://mailai.live,National Informatics Centre (NIC),kavach.mail.gov.in,timeout,NA,0.0,Unknown,0.0,False,False,feature_error,'SimpleImputer' object has no attribute '_fill_dtype'
https://mailsynk.com,National Informatics Centre (NIC),kavach.mail.gov.in,failed,NA,0.0,Unknown,0.0,False,False,feature_error,'SimpleImputer' object has no attribute '_fill_dtype'
https://ccecloud.com,National Informatics Centre (NIC),cloud.gov.in,timeout,NA,0.0,Unknown,0.0,False,False,feature_error,'SimpleImputer' object has no attribute '_fill_dtype'
https://cnscloud.net,National Informatics Centre (NIC),cloud.gov.in,timeout,NA,0.0,Unknown,0.0,False,False,feature_error,'SimpleImputer' object has no attribute '_fill_dtype'
https://mailreviveleads.site,National Informatics Centre (NIC),kavach.mail.gov.in,timeout,NA,0.0,Unknown,0.0,False,False,feature_error,'SimpleImputer' object has no attribute '_fill_dtype'
https://nizci.com,National Informatics Centre (NIC),nic.gov.in,timeout,NA,0.0,Unknown,0.0,False,False,feature_error,'SimpleImputer' object has no attribute '_fill_dtype'
https://chia-cloud.com,National Informatics Centre (NIC),cloud.gov.in,failed,NA,0.0,Unknown,0.0,False,False,feature_error,'SimpleImputer' object has no attribute '_fill_dtype'
https://baxi559.com,Axis Bank,axis.bank.in,failed,NA,0.0,Unknown,0.0,False,False,feature_error,'SimpleImputer' object has no attribute '_fill_dtype'
https://indusweb.com,IndusInd Bank,indusind.bank.in,failed,NA,0.0,Unknown,0.0,False,False,feature_error,'SimpleImputer' object has no attribute '_fill_dtype'
https://ieo1.com,Indian Oil Corporation Limited (IOCL),iocl.com,timeout,NA,0.0,Unknown,0.0,False,False,feature_error,'SimpleImputer' object has no attribute '_fill_dtype'
https://parkana.com,parivahan sewa,parivahan.gov.in,failed,NA,0.0,Unknown,0.0,False,False,feature_error,'SimpleImputer' object has no attribute '_fill_dtype'
https://kpn88.icu,Punjab National Bank (PNB),pnb.bank.in,timeout,NA,0.0,Unknown,0.0,False,False,feature_error,'SimpleImputer' object has no attribute '_fill_dtype'
https://cloudpayai.com,National Informatics Centre (NIC),cloud.gov.in,failed,NA,0.0,Unknown,0.0,False,False,feature_error,'SimpleImputer' object has no attribute '_fill_dtype'
https://mylotview.com,Vodafone Idea (VI),myvi.in,failed,NA,0.0,Unknown,0.0,False,False,feature_error,'SimpleImputer' object has no attribute '_fill_dtype'
https://clouduniq.com,National Informatics Centre (NIC),cloud.gov.in,failed,NA,0.0,Unknown,0.0,False,False,feature_error,'SimpleImputer' object has no attribute '_fill_dtype'
https://axis-mechanical.com,Axis Bank,axismaxlife.com,failed,NA,0.0,Unknown,0.0,False,False,feature_error,'SimpleImputer' object has no attribute '_fill_dtype'
https://cloudlandpools.com,National Informatics Centre (NIC),cloud.gov.in,failed,NA,0.0,Unknown,0.0,False,False,feature_error,'SimpleImputer' object has no attribute '_fill_dtype'
https://mailboxmeds.com,National Informatics Centre (NIC),kavach.mail.gov.in,failed,NA,0.0,Unknown,0.0,False,False,feature_error,'SimpleImputer' object has no attribute '_fill_dtype'
https://cloud4n6ctfacademy.com,National Informatics Centre (NIC),cloud.gov.in,failed,NA,0.0,Unknown,0.0,False,False,feature_error,'SimpleImputer' object has no attribute '_fill_dtype'
https://seplindia.com,BSE Ltd.,bseindia.com,failed,NA,0.0,Unknown,0.0,False,False,feature_error,'SimpleImputer' object has no attribute '_fill_dtype'
https://axisholdingpr.com,Axis Bank,axismaxlife.com,failed,NA,0.0,Unknown,0.0,False,False,feature_error,'SimpleImputer' object has no attribute '_fill_dtype'
https://incomelingo.com,Income Tax Department,incometaxindia.gov.in,timeout,NA,0.0,Unknown,0.0,False,False,feature_error,'SimpleImputer' object has no attribute '_fill_dtype'
https://nhomag.com,National Health Authority (NHA),nha.gov.in,timeout,NA,0.0,Unknown,0.0,False,False,feature_error,'SimpleImputer' object has no attribute '_fill_dtype'
https://homovalens.org,State Bank of India (SBI),homeloans.sbi,timeout,NA,0.0,Unknown,0.0,False,False,feature_error,'SimpleImputer' object has no attribute '_fill_dtype'
https://verizon-voice-mail.com,National Informatics Centre (NIC),kavach.mail.gov.in,timeout,NA,0.0,Unknown,0.0,False,False,feature_error,'SimpleImputer' object has no attribute '_fill_dtype'
https://cloud-db.net,National Informatics Centre (NIC),cloud.gov.in,timeout,NA,0.0,Unknown,0.0,False,False,feature_error,'SimpleImputer' object has no attribute '_fill_dtype'
https://cloudcorrector.com,National Informatics Centre (NIC),cloud.gov.in,failed,NA,0.0,Unknown,0.0,False,False,feature_error,'SimpleImputer' object has no attribute '_fill_dtype'
https://casaromaonline.com,Computer Age Management Services Ltd. (CAMS),camsonline.com,failed,NA,0.0,Unknown,0.0,False,False,feature_error,'SimpleImputer' object has no attribute '_fill_dtype'
https://homesincoralridge.com,State Bank of India (SBI),sbicard.com,failed,NA,0.0,Unknown,0.0,False,False,feature_error,'SimpleImputer' object has no attribute '_fill_dtype'
https://cloudvshop.com,National Informatics Centre (NIC),cloud.gov.in,failed,NA,0.0,Unknown,0.0,False,False,feature_error,'SimpleImputer' object has no attribute '_fill_dtype'
https://axsms.com,Axis Bank,axismf.com,timeout,NA,0.0,Unknown,0.0,False,False,feature_error,'SimpleImputer' object has no attribute '_fill_dtype'
https://mainelylv.com,National Informatics Centre (NIC),kavach.mail.gov.in,failed,NA,0.0,Unknown,0.0,False,False,feature_error,'SimpleImputer' object has no attribute '_fill_dtype'
https://aristogel.com,Airtel,airtel.in,failed,NA,0.0,Unknown,0.0,False,False,feature_error,'SimpleImputer' object has no attribute '_fill_dtype'
https://cloudsoftit.com,National Informatics Centre (NIC),cloud.gov.in,timeout,NA,0.0,Unknown,0.0,False,False,feature_error,'SimpleImputer' object has no attribute '_fill_dtype'
https://canalplus-caraibes.com,Canara Bank,canararobeco.com,failed,NA,0.0,Unknown,0.0,False,False,feature_error,'SimpleImputer' object has no attribute '_fill_dtype'
https://icicibank.net/login,ICICI Bank,icici.bank.in,failed,NA,0.0,Unknown,0.0,False,False,feature_error,'SimpleImputer' object has no attribute '_fill_dtype'
https://maidello.com,National Informatics Centre (NIC),kavach.mail.gov.in,failed,NA,0.0,Unknown,0.0,False,False,feature_error,'SimpleImputer' object has no attribute '_fill_dtype'
https://banotaa.com,Bank of Baroda,bankofbaroda.bank.in,failed,NA,0.0,Unknown,0.0,False,False,feature_error,'SimpleImputer' object has no attribute '_fill_dtype'
https://xcloudit.com,National Informatics Centre (NIC),cloud.gov.in,failed,NA,0.0,Unknown,0.0,False,False,feature_error,'SimpleImputer' object has no attribute '_fill_dtype'
https://homeovista.lat,State Bank of India (SBI),homeloans.sbi,failed,NA,0.0,Unknown,0.0,False,False,feature_error,'SimpleImputer' object has no attribute '_fill_dtype'
https://cloudwebselect.com,National Informatics Centre (NIC),cloud.gov.in,failed,NA,0.0,Unknown,0.0,False,False,feature_error,'SimpleImputer' object has no attribute '_fill_dtype'
https://tcmonline.in,Computer Age Management Services Ltd. (CAMS),camsonline.com,timeout,NA,0.0,Unknown,0.0,False,False,feature_error,'SimpleImputer' object has no attribute '_fill_dtype'
https://indesd.com,IndusInd Bank,indusind.bank.in,timeout,NA,0.0,Unknown,0.0,False,False,feature_error,'SimpleImputer' object has no attribute '_fill_dtype'
https://cloudpayrollai.com,National Informatics Centre (NIC),cloud.gov.in,failed,NA,0.0,Unknown,0.0,False,False,feature_error,'SimpleImputer' object has no attribute '_fill_dtype'
https://mailingbuds.com,National Informatics Centre (NIC),kavach.mail.gov.in,timeout,NA,0.0,Unknown,0.0,False,False,feature_error,'SimpleImputer' object has no attribute '_fill_dtype'
https://maillotcycling.com,National Informatics Centre (NIC),kavach.mail.gov.in,failed,NA,0.0,Unknown,0.0,False,False,feature_error,'SimpleImputer' object has no attribute '_fill_dtype'
https://aibism.com,All India Institute of Medical Sciences (AIIMS),aiims.edu,failed,NA,0.0,Unknown,0.0,False,False,feature_error,'SimpleImputer' object has no attribute '_fill_dtype'
https://ohfintech.com,Kfintech,kfintech.com,failed,NA,0.0,Unknown,0.0,False,False,feature_error,'SimpleImputer' object has no attribute '_fill_dtype'
https://homeweston.com,State Bank of India (SBI),homeloans.sbi,failed,NA,0.0,Unknown,0.0,False,False,feature_error,'SimpleImputer' object has no attribute '_fill_dtype'
https://kit-mail.com,National Informatics Centre (NIC),kavach.mail.gov.in,failed,NA,0.0,Unknown,0.0,False,False,feature_error,'SimpleImputer' object has no attribute '_fill_dtype'
https://rbide.com,Reserve Bank of India (RBI),rbi.org.in,failed,NA,0.0,Unknown,0.0,False,False,feature_error,'SimpleImputer' object has no attribute '_fill_dtype'
https://myvisitpass.com,Vodafone Idea (VI),myvi.in,failed,NA,0.0,Unknown,0.0,False,False,feature_error,'SimpleImputer' object has no attribute '_fill_dtype'
https://amdm.info,National Health Authority (NHA),abdm.gov.in,failed,NA,0.0,Unknown,0.0,False,False,feature_error,'SimpleImputer' object has no attribute '_fill_dtype'
https://nickshaw.net,National Informatics Centre (NIC),nic.gov.in,failed,NA,0.0,Unknown,0.0,False,False,feature_error,'SimpleImputer' object has no attribute '_fill_dtype'
https://homeleasrrr.com,State Bank of India (SBI),homeloans.sbi,failed,NA,0.0,Unknown,0.0,False,False,feature_error,'SimpleImputer' object has no attribute '_fill_dtype'
https://niceol.net,National Informatics Centre (NIC),nic.gov.in,failed,NA,0.0,Unknown,0.0,False,False,feature_error,'SimpleImputer' object has no attribute '_fill_dtype'
https://nic-co.com,National Informatics Centre (NIC),nic.gov.in,failed,NA,0.0,Unknown,0.0,False,False,feature_error,'SimpleImputer' object has no attribute '_fill_dtype'
https://homesforsaleminnesota.com,State Bank of India (SBI),homeloans.sbi,failed,NA,0.0,Unknown,0.0,False,False,feature_error,'SimpleImputer' object has no attribute '_fill_dtype'
https://mainzlks.com,National Informatics Centre (NIC),kavach.mail.gov.in,failed,NA,0.0,Unknown,0.0,False,False,feature_error,'SimpleImputer' object has no attribute '_fill_dtype'
https://cloudsmanship.com,National Informatics Centre (NIC),cloud.gov.in,failed,NA,0.0,Unknown,0.0,False,False,feature_error,'SimpleImputer' object has no attribute '_fill_dtype'
https://calvionne.com,Computer Age Management Services Ltd. (CAMS),camsonline.com,failed,NA,0.0,Unknown,0.0,False,False,feature_error,'SimpleImputer' object has no attribute '_fill_dtype'
https://cloudpique.com,National Informatics Centre (NIC),cloud.gov.in,failed,NA,0.0,Unknown,0.0,False,False,feature_error,'SimpleImputer' object has no attribute '_fill_dtype'
https://spyailife.com,State Bank of India (SBI),sbilife.co.in,failed,NA,0.0,Unknown,0.0,False,False,feature_error,'SimpleImputer' object has no attribute '_fill_dtype'
https://gov-icloud.com,National Informatics Centre (NIC),accounts.mgovcloud.in,failed,NA,0.0,Unknown,0.0,False,False,feature_error,'SimpleImputer' object has no attribute '_fill_dtype'
https://bitcoin-retail.com,State Bank of India (SBI),sbisecurities.in,failed,NA,0.0,Unknown,0.0,False,False,feature_error,'SimpleImputer' object has no attribute '_fill_dtype'
https://ki-cloud.net,National Informatics Centre (NIC),cloud.gov.in,failed,NA,0.0,Unknown,0.0,False,False,feature_error,'SimpleImputer' object has no attribute '_fill_dtype'
https://grogcloud.com,National Informatics Centre (NIC),accounts.mgovcloud.in,failed,NA,0.0,Unknown,0.0,False,False,feature_error,'SimpleImputer' object has no attribute '_fill_dtype'
https://axiquestore.com,Axis Bank,axis.bank.in,failed,NA,0.0,Unknown,0.0,False,False,feature_error,'SimpleImputer' object has no attribute '_fill_dtype'
https://cloudbiteam.com,National Informatics Centre (NIC),cloud.gov.in,failed,NA,0.0,Unknown,0.0,False,False,feature_error,'SimpleImputer' object has no attribute '_fill_dtype'
https://mailschmail.com,National Informatics Centre (NIC),kavach.mail.gov.in,failed,NA,0.0,Unknown,0.0,False,False,feature_error,'SimpleImputer' object has no attribute '_fill_dtype'
https://jifork.com,Jio,jio.com,failed,NA,0.0,Unknown,0.0,False,False,feature_error,'SimpleImputer' object has no attribute '_fill_dtype'
https://industriallm.com,IndusInd Bank,indusind.bank.in,failed,NA,0.0,Unknown,0.0,False,False,feature_error,'SimpleImputer' object has no attribute '_fill_dtype'
https://canarychannel.com,Canara Bank,canarabank.bank.in,failed,NA,0.0,Unknown,0.0,False,False,feature_error,'SimpleImputer' object has no attribute '_fill_dtype'
https://homepalas.com,State Bank of India (SBI),homeloans.sbi,failed,NA,0.0,Unknown,0.0,False,False,feature_error,'SimpleImputer' object has no attribute '_fill_dtype'
https://cloudflaren.com,National Informatics Centre (NIC),cloud.gov.in,failed,NA,0.0,Unknown,0.0,False,False,feature_error,'SimpleImputer' object has no attribute '_fill_dtype'
https://myvintagerealty.com,Vodafone Idea (VI),myvi.in,failed,NA,0.0,Unknown,0.0,False,False,feature_error,'SimpleImputer' object has no attribute '_fill_dtype'
https://airtraveltoeurope.com,Airtel,airtel.in,failed,NA,0.0,Unknown,0.0,False,False,feature_error,'SimpleImputer' object has no attribute '_fill_dtype'
https://myvettime.com,Vodafone Idea (VI),myvi.in,failed,NA,0.0,Unknown,0.0,False,False,feature_error,'SimpleImputer' object has no attribute '_fill_dtype'
https://myvirtualsalon.com,Vodafone Idea (VI),myvi.in,failed,NA,0.0,Unknown,0.0,False,False,feature_error,'SimpleImputer' object has no attribute '_fill_dtype'
https://pnbalguy.com,Punjab National Bank (PNB),pnb.bank.in,failed,NA,0.0,Unknown,0.0,False,False,feature_error,'SimpleImputer' object has no attribute '_fill_dtype'
https://cloudlect.com,National Informatics Centre (NIC),cloud.gov.in,failed,NA,0.0,Unknown,0.0,False,False,feature_error,'SimpleImputer' object has no attribute '_fill_dtype'
https://fatca-portal.com,Bharat Sanchar Nigam Limited (BSNL),bsnl.co.in,failed,NA,0.0,Unknown,0.0,False,False,feature_error,'SimpleImputer' object has no attribute '_fill_dtype'
https://portal-zunlong.com,Bharat Sanchar Nigam Limited (BSNL),bsnl.co.in,failed,NA,0.0,Unknown,0.0,False,False,feature_error,'SimpleImputer' object has no attribute '_fill_dtype'
https://kayinfotech.com,Kfintech,kfintech.com,failed,NA,0.0,Unknown,0.0,False,False,feature_error,'SimpleImputer' object has no attribute '_fill_dtype'
https://jucior.com,Jio,jio.com,failed,NA,0.0,Unknown,0.0,False,False,feature_error,'SimpleImputer' object has no attribute '_fill_dtype'
https://catalyst-cloud.com,National Informatics Centre (NIC),cloud.gov.in,failed,NA,0.0,Unknown,0.0,False,False,feature_error,'SimpleImputer' object has no attribute '_fill_dtype'
https://fundacion-portal-aaron.com,Bharat Sanchar Nigam Limited (BSNL),bsnl.co.in,failed,NA,0.0,Unknown,0.0,False,False,feature_error,'SimpleImputer' object has no attribute '_fill_dtype'
https://cloudwappier.com,National Informatics Centre (NIC),cloud.gov.in,failed,NA,0.0,Unknown,0.0,False,False,feature_error,'SimpleImputer' object has no attribute '_fill_dtype'
https://mailingstation.com,National Informatics Centre (NIC),kavach.mail.gov.in,failed,NA,0.0,Unknown,0.0,False,False,feature_error,'SimpleImputer' object has no attribute '_fill_dtype'
https://zehuidai.com,"Unique Identification Authority of India (UIDAI)
",uidai.gov.in,failed,NA,0.0,Unknown,0.0,False,False,feature_error,'SimpleImputer' object has no attribute '_fill_dtype'
https://vertraiq-mail.com,National Informatics Centre (NIC),kavach.mail.gov.in,failed,NA,0.0,Unknown,0.0,False,False,feature_error,'SimpleImputer' object has no attribute '_fill_dtype'
https://sdindia.com,BSE Ltd.,bseindia.com,failed,NA,0.0,Unknown,0.0,False,False,feature_error,'SimpleImputer' object has no attribute '_fill_dtype'
https://mail1499.com,National Informatics Centre (NIC),kavach.mail.gov.in,failed,NA,0.0,Unknown,0.0,False,False,feature_error,'SimpleImputer' object has no attribute '_fill_dtype'
https://mccloudy.com,National Informatics Centre (NIC),cloud.gov.in,failed,NA,0.0,Unknown,0.0,False,False,feature_error,'SimpleImputer' object has no attribute '_fill_dtype'
https://airdxp.com,Air India,airindiaexpress.com,failed,NA,0.0,Unknown,0.0,False,False,feature_error,'SimpleImputer' object has no attribute '_fill_dtype'
https://homemah.com,State Bank of India (SBI),homeloans.sbi,failed,NA,0.0,Unknown,0.0,False,False,feature_error,'SimpleImputer' object has no attribute '_fill_dtype'
https://mail993.com,National Informatics Centre (NIC),kavach.mail.gov.in,failed,NA,0.0,Unknown,0.0,False,False,feature_error,'SimpleImputer' object has no attribute '_fill_dtype'
https://homelabdotdns.xyz,State Bank of India (SBI),homeloans.sbi,failed,NA,0.0,Unknown,0.0,False,False,feature_error,'SimpleImputer' object has no attribute '_fill_dtype'
https://mail-iogin.com,National Informatics Centre (NIC),kavach.mail.gov.in,failed,NA,0.0,Unknown,0.0,False,False,feature_error,'SimpleImputer' object has no attribute '_fill_dtype'
https://hpl-mail.com,National Informatics Centre (NIC),kavach.mail.gov.in,failed,NA,0.0,Unknown,0.0,False,False,feature_error,'SimpleImputer' object has no attribute '_fill_dtype'
https://homeoval.com,State Bank of India (SBI),homeloans.sbi,failed,NA,0.0,Unknown,0.0,False,False,feature_error,'SimpleImputer' object has no attribute '_fill_dtype'
https://tmain13.com,National Informatics Centre (NIC),kavach.mail.gov.in,failed,NA,0.0,Unknown,0.0,False,False,feature_error,'SimpleImputer' object has no attribute '_fill_dtype'
https://mail1999.com,National Informatics Centre (NIC),kavach.mail.gov.in,failed,NA,0.0,Unknown,0.0,False,False,feature_error,'SimpleImputer' object has no attribute '_fill_dtype'
https://cloud109.com,National Informatics Centre (NIC),cloud.gov.in,failed,NA,0.0,Unknown,0.0,False,False,feature_error,'SimpleImputer' object has no attribute '_fill_dtype'
https://fbindia.com,BSE Ltd.,bseindia.com,timeout,NA,0.0,Unknown,0.0,False,False,feature_error,'SimpleImputer' object has no attribute '_fill_dtype'
https://mailtelephone.ru,National Informatics Centre (NIC),kavach.mail.gov.in,timeout,NA,0.0,Unknown,0.0,False,False,feature_error,'SimpleImputer' object has no attribute '_fill_dtype'
https://guideair.site,"Unique Identification Authority of India (UIDAI)
",uidai.gov.in,timeout,NA,0.0,Unknown,0.0,False,False,feature_error,'SimpleImputer' object has no attribute '_fill_dtype'
https://arbie.com,Reserve Bank of India (RBI),rbi.org.in,timeout,NA,0.0,Unknown,0.0,False,False,feature_error,'SimpleImputer' object has no attribute '_fill_dtype'
https://maisdollar.site,National Informatics Centre (NIC),kavach.mail.gov.in,timeout,NA,0.0,Unknown,0.0,False,False,feature_error,'SimpleImputer' object has no attribute '_fill_dtype'
https://experience-retail.online,State Bank of India (SBI),sbisecurities.in,timeout,NA,0.0,Unknown,0.0,False,False,feature_error,'SimpleImputer' object has no attribute '_fill_dtype'
https://airmodel.site,Airtel,airtel.in,timeout,NA,0.0,Unknown,0.0,False,False,feature_error,'SimpleImputer' object has no attribute '_fill_dtype'
https://cloud-9-crew.online,National Informatics Centre (NIC),cloud.gov.in,timeout,NA,0.0,Unknown,0.0,False,False,feature_error,'SimpleImputer' object has no attribute '_fill_dtype'
https://mecafile.online,National Informatics Centre (NIC),kavach.mail.gov.in,timeout,NA,0.0,Unknown,0.0,False,False,feature_error,'SimpleImputer' object has no attribute '_fill_dtype'
https://icii.in,ICICI Bank,icici.bank.in,timeout,NA,0.0,Unknown,0.0,False,False,feature_error,'SimpleImputer' object has no attribute '_fill_dtype'
https://charliscafe.store,Canara Bank,canarahsbclife.com,timeout,NA,0.0,Unknown,0.0,False,False,feature_error,'SimpleImputer' object has no attribute '_fill_dtype'
https://cloudbenchmark.ai,National Informatics Centre (NIC),cloud.gov.in,timeout,NA,0.0,Unknown,0.0,False,False,feature_error,'SimpleImputer' object has no attribute '_fill_dtype'
https://ai-isms.online,All India Institute of Medical Sciences (AIIMS),aiims.edu,timeout,NA,0.0,Unknown,0.0,False,False,feature_error,'SimpleImputer' object has no attribute '_fill_dtype'
https://nicas.org,National Informatics Centre (NIC),nic.gov.in,timeout,NA,0.0,Unknown,0.0,False,False,feature_error,'SimpleImputer' object has no attribute '_fill_dtype'
https://mydavid.cloud,Vodafone Idea (VI),myvi.in,timeout,NA,0.0,Unknown,0.0,False,False,feature_error,'SimpleImputer' object has no attribute '_fill_dtype'
https://homemortgages.us,State Bank of India (SBI),homeloans.sbi,timeout,NA,0.0,Unknown,0.0,False,False,feature_error,'SimpleImputer' object has no attribute '_fill_dtype'
https://cloudspore.org,National Informatics Centre (NIC),cloud.gov.in,timeout,NA,0.0,Unknown,0.0,False,False,feature_error,'SimpleImputer' object has no attribute '_fill_dtype'
https://vsc.money,Indian Space Research Organisation (ISRO),vssc.gov.in,timeout,NA,0.0,Unknown,0.0,False,False,feature_error,'SimpleImputer' object has no attribute '_fill_dtype'
https://r82inl.vip,Reserve Bank of India (RBI),rbi.org.in,timeout,NA,0.0,Unknown,0.0,False,False,feature_error,'SimpleImputer' object has no attribute '_fill_dtype'
https://demail.sbs,National Informatics Centre (NIC),kavach.mail.gov.in,timeout,NA,0.0,Unknown,0.0,False,False,feature_error,'SimpleImputer' object has no attribute '_fill_dtype'
https://vmware-cloud-607484415.click,National Informatics Centre (NIC),accounts.mgovcloud.in,timeout,NA,0.0,Unknown,0.0,False,False,feature_error,'SimpleImputer' object has no attribute '_fill_dtype'
https://houmalens.org,State Bank of India (SBI),homeloans.sbi,timeout,NA,0.0,Unknown,0.0,False,False,feature_error,'SimpleImputer' object has no attribute '_fill_dtype'
https://airtel-merchants.club,Airtel,airtelpayments.bank.in,timeout,NA,0.0,Unknown,0.0,False,False,feature_error,'SimpleImputer' object has no attribute '_fill_dtype'
https://corgi.dev,"Civil Registration System, MHA (RGCCI)",crsorgi.gov.in,timeout,NA,0.0,Unknown,0.0,False,False,feature_error,'SimpleImputer' object has no attribute '_fill_dtype'
https://cloud-adtrackhub.click,National Informatics Centre (NIC),cloud.gov.in,timeout,NA,0.0,Unknown,0.0,False,False,feature_error,'SimpleImputer' object has no attribute '_fill_dtype'
https://mailetta.store,National Informatics Centre (NIC),kavach.mail.gov.in,timeout,NA,0.0,Unknown,0.0,False,False,feature_error,'SimpleImputer' object has no attribute '_fill_dtype'
https://cloudplanet.cat,National Informatics Centre (NIC),cloud.gov.in,timeout,NA,0.0,Unknown,0.0,False,False,feature_error,'SimpleImputer' object has no attribute '_fill_dtype'
https://homein.love,State Bank of India (SBI),homeloans.sbi,timeout,NA,0.0,Unknown,0.0,False,False,feature_error,'SimpleImputer' object has no attribute '_fill_dtype'
https://nda-cloud.ru,National Informatics Centre (NIC),cloud.gov.in,failed,NA,0.0,Unknown,0.0,False,False,feature_error,'SimpleImputer' object has no attribute '_fill_dtype'
https://vrbit.org,Reserve Bank of India (RBI),rbi.org.in,failed,NA,0.0,Unknown,0.0,False,False,feature_error,'SimpleImputer' object has no attribute '_fill_dtype'
https://aiime4up.site,All India Institute of Medical Sciences (AIIMS),aiims.edu,timeout,NA,0.0,Unknown,0.0,False,False,feature_error,'SimpleImputer' object has no attribute '_fill_dtype'
https://bnl.one,Bharat Sanchar Nigam Limited (BSNL),bsnl.co.in,timeout,NA,0.0,Unknown,0.0,False,False,feature_error,'SimpleImputer' object has no attribute '_fill_dtype'
https://icloudemy.org,National Informatics Centre (NIC),cloud.gov.in,failed,NA,0.0,Unknown,0.0,False,False,feature_error,'SimpleImputer' object has no attribute '_fill_dtype'
https://radiaite-axis.biz,Axis Bank,axis.bank.in,timeout,NA,0.0,Unknown,0.0,False,False,feature_error,'SimpleImputer' object has no attribute '_fill_dtype'
https://casibomonline.casino,Computer Age Management Services Ltd. (CAMS),camsonline.com,timeout,NA,0.0,Unknown,0.0,False,False,feature_error,'SimpleImputer' object has no attribute '_fill_dtype'
https://axisgroup.com.tr,Axis Bank,axis.bank.in,failed,NA,0.0,Unknown,0.0,False,False,feature_error,'SimpleImputer' object has no attribute '_fill_dtype'
https://cloudify.my.id,National Informatics Centre (NIC),cloud.gov.in,failed,NA,0.0,Unknown,0.0,False,False,feature_error,'SimpleImputer' object has no attribute '_fill_dtype'
https://aisa.ing,Axis Bank,axis.bank.in,failed,NA,0.0,Unknown,0.0,False,False,feature_error,'SimpleImputer' object has no attribute '_fill_dtype'
https://sili.space,State Bank of India (SBI),sbilife.co.in,timeout,NA,0.0,Unknown,0.0,False,False,feature_error,'SimpleImputer' object has no attribute '_fill_dtype'
https://air38.org,Airtel,airtel.in,failed,NA,0.0,Unknown,0.0,False,False,feature_error,'SimpleImputer' object has no attribute '_fill_dtype'
https://industrialdoorco.org,IndusInd Bank,indusind.bank.in,failed,NA,0.0,Unknown,0.0,False,False,feature_error,'SimpleImputer' object has no attribute '_fill_dtype'
https://c1osyu.vip,National Informatics Centre (NIC),cloud.gov.in,failed,NA,0.0,Unknown,0.0,False,False,feature_error,'SimpleImputer' object has no attribute '_fill_dtype'
https://portal-mei.shop,Bharat Sanchar Nigam Limited (BSNL),bsnl.co.in,failed,NA,0.0,Unknown,0.0,False,False,feature_error,'SimpleImputer' object has no attribute '_fill_dtype'
https://cloud-connect.cloud,National Informatics Centre (NIC),cloud.gov.in,failed,NA,0.0,Unknown,0.0,False,False,feature_error,'SimpleImputer' object has no attribute '_fill_dtype'
https://devcloud.space,National Informatics Centre (NIC),cloud.gov.in,failed,NA,0.0,Unknown,0.0,False,False,feature_error,'SimpleImputer' object has no attribute '_fill_dtype'
https://experience-retail.org,State Bank of India (SBI),sbisecurities.in,failed,NA,0.0,Unknown,0.0,False,False,feature_error,'SimpleImputer' object has no attribute '_fill_dtype'
https://mail-mkt.cloud,National Informatics Centre (NIC),kavach.mail.gov.in,timeout,NA,0.0,Unknown,0.0,False,False,feature_error,'SimpleImputer' object has no attribute '_fill_dtype'
https://cloudbot.services,National Informatics Centre (NIC),cloud.gov.in,failed,NA,0.0,Unknown,0.0,False,False,feature_error,'SimpleImputer' object has no attribute '_fill_dtype'
https://nifcloud.dev,National Informatics Centre (NIC),cloud.gov.in,failed,NA,0.0,Unknown,0.0,False,False,feature_error,'SimpleImputer' object has no attribute '_fill_dtype'
https://nickt.shop,National Informatics Centre (NIC),nic.gov.in,failed,NA,0.0,Unknown,0.0,False,False,feature_error,'SimpleImputer' object has no attribute '_fill_dtype'
https://fire-cloud.top,National Informatics Centre (NIC),cloud.gov.in,failed,NA,0.0,Unknown,0.0,False,False,feature_error,'SimpleImputer' object has no attribute '_fill_dtype'
https://sbilstore.shop,State Bank of India (SBI),sbilife.co.in,failed,NA,0.0,Unknown,0.0,False,False,feature_error,'SimpleImputer' object has no attribute '_fill_dtype'
https://crmail.org,National Informatics Centre (NIC),kavach.mail.gov.in,failed,NA,0.0,Unknown,0.0,False,False,feature_error,'SimpleImputer' object has no attribute '_fill_dtype'
https://rubric.so,Reserve Bank of India (RBI),rbi.org.in,failed,NA,0.0,Unknown,0.0,False,False,feature_error,'SimpleImputer' object has no attribute '_fill_dtype'
https://mailnex.app,National Informatics Centre (NIC),kavach.mail.gov.in,timeout,NA,0.0,Unknown,0.0,False,False,feature_error,'SimpleImputer' object has no attribute '_fill_dtype'
https://cloud-solutions.koeln,National Informatics Centre (NIC),cloud.gov.in,failed,NA,0.0,Unknown,0.0,False,False,feature_error,'SimpleImputer' object has no attribute '_fill_dtype'
https://cloudandchords.ai,National Informatics Centre (NIC),cloud.gov.in,failed,NA,0.0,Unknown,0.0,False,False,feature_error,'SimpleImputer' object has no attribute '_fill_dtype'
https://airexpresslk.online,Air India,airindiaexpress.com,failed,NA,0.0,Unknown,0.0,False,False,feature_error,'SimpleImputer' object has no attribute '_fill_dtype'
https://parihar.dev,parivahan sewa,parivahan.gov.in,failed,NA,0.0,Unknown,0.0,False,False,feature_error,'SimpleImputer' object has no attribute '_fill_dtype'
https://airton.ai,Airtel,airtel.in,failed,NA,0.0,Unknown,0.0,False,False,feature_error,'SimpleImputer' object has no attribute '_fill_dtype'
https://wsmailt.site,National Informatics Centre (NIC),kavach.mail.gov.in,failed,NA,0.0,Unknown,0.0,False,False,feature_error,'SimpleImputer' object has no attribute '_fill_dtype'
https://indospin4d.org,IndusInd Bank,indusind.bank.in,failed,NA,0.0,Unknown,0.0,False,False,feature_error,'SimpleImputer' object has no attribute '_fill_dtype'
https://rcloud.site,National Informatics Centre (NIC),cloud.gov.in,failed,NA,0.0,Unknown,0.0,False,False,feature_error,'SimpleImputer' object has no attribute '_fill_dtype'
https://myvivylo.store,Vodafone Idea (VI),myvi.in,failed,NA,0.0,Unknown,0.0,False,False,feature_error,'SimpleImputer' object has no attribute '_fill_dtype'
https://macizle9.site,National Informatics Centre (NIC),kavach.mail.gov.in,failed,NA,0.0,Unknown,0.0,False,False,feature_error,'SimpleImputer' object has no attribute '_fill_dtype'
https://cloudability.link,National Informatics Centre (NIC),cloud.gov.in,timeout,NA,0.0,Unknown,0.0,False,False,feature_error,'SimpleImputer' object has no attribute '_fill_dtype'
https://kint.eus,Kfintech,kfintech.com,timeout,NA,0.0,Unknown,0.0,False,False,feature_error,'SimpleImputer' object has no attribute '_fill_dtype'
https://hardlife.fun,HDFC Bank,hdfclife.com,failed,NA,0.0,Unknown,0.0,False,False,feature_error,'SimpleImputer' object has no attribute '_fill_dtype'
https://r8iu3x.vip,Reserve Bank of India (RBI),rbi.org.in,failed,NA,0.0,Unknown,0.0,False,False,feature_error,'SimpleImputer' object has no attribute '_fill_dtype'
https://magiclamp.bot,National Informatics Centre (NIC),kavach.mail.gov.in,failed,NA,0.0,Unknown,0.0,False,False,feature_error,'SimpleImputer' object has no attribute '_fill_dtype'
https://mailreviveleads.website,National Informatics Centre (NIC),kavach.mail.gov.in,timeout,NA,0.0,Unknown,0.0,False,False,feature_error,'SimpleImputer' object has no attribute '_fill_dtype'
https://cloudisland.store,National Informatics Centre (NIC),cloud.gov.in,failed,NA,0.0,Unknown,0.0,False,False,feature_error,'SimpleImputer' object has no attribute '_fill_dtype'
https://mail-leads.asia,National Informatics Centre (NIC),kavach.mail.gov.in,failed,NA,0.0,Unknown,0.0,False,False,feature_error,'SimpleImputer' object has no attribute '_fill_dtype'
https://cloudmast.dev,National Informatics Centre (NIC),cloud.gov.in,failed,NA,0.0,Unknown,0.0,False,False,feature_error,'SimpleImputer' object has no attribute '_fill_dtype'
https://silf.re,State Bank of India (SBI),sbilife.co.in,failed,NA,0.0,Unknown,0.0,False,False,feature_error,'SimpleImputer' object has no attribute '_fill_dtype'
https://cloudmigration.org,National Informatics Centre (NIC),cloud.gov.in,timeout,NA,0.0,Unknown,0.0,False,False,feature_error,'SimpleImputer' object has no attribute '_fill_dtype'
https://niclas.dev,National Informatics Centre (NIC),nic.gov.in,failed,NA,0.0,Unknown,0.0,False,False,feature_error,'SimpleImputer' object has no attribute '_fill_dtype'
https://kartel.support,Airtel,airtel.in,failed,NA,0.0,Unknown,0.0,False,False,feature_error,'SimpleImputer' object has no attribute '_fill_dtype'
https://suidefai.fun,"Unique Identification Authority of India (UIDAI)
",uidai.gov.in,timeout,NA,0.0,Unknown,0.0,False,False,feature_error,'SimpleImputer' object has no attribute '_fill_dtype'
https://axis.moe,Axis Bank,axis.bank.in,failed,NA,0.0,Unknown,0.0,False,False,feature_error,'SimpleImputer' object has no attribute '_fill_dtype'
https://homegoods.paris,State Bank of India (SBI),homeloans.sbi,failed,NA,0.0,Unknown,0.0,False,False,feature_error,'SimpleImputer' object has no attribute '_fill_dtype'
https://kfinsaat.com.tr,Kfintech,kfintech.com,timeout,NA,0.0,Unknown,0.0,False,False,feature_error,'SimpleImputer' object has no attribute '_fill_dtype'
https://cloudsoltechnologies.skin,National Informatics Centre (NIC),cloud.gov.in,timeout,NA,0.0,Unknown,0.0,False,False,feature_error,'SimpleImputer' object has no attribute '_fill_dtype'
https://nicktai.cloud,National Informatics Centre (NIC),nic.gov.in,failed,NA,0.0,Unknown,0.0,False,False,feature_error,'SimpleImputer' object has no attribute '_fill_dtype'
https://makielse.cc,National Informatics Centre (NIC),kavach.mail.gov.in,timeout,NA,0.0,Unknown,0.0,False,False,feature_error,'SimpleImputer' object has no attribute '_fill_dtype'
https://homenews.blog,State Bank of India (SBI),homeloans.sbi,timeout,NA,0.0,Unknown,0.0,False,False,feature_error,'SimpleImputer' object has no attribute '_fill_dtype'
https://nicongom.blog,National Informatics Centre (NIC),nic.gov.in,timeout,NA,0.0,Unknown,0.0,False,False,feature_error,'SimpleImputer' object has no attribute '_fill_dtype'
https://maik.ing,National Informatics Centre (NIC),kavach.mail.gov.in,timeout,NA,0.0,Unknown,0.0,False,False,feature_error,'SimpleImputer' object has no attribute '_fill_dtype'
